:020000040800F2
:10000000E8F50020A1010008198900083D750008E5
:10001000158900087107000809E2000800000000C7
:100020000000000000000000000000003193000804
:10003000350C000800000000218D0008C193000865
:10004000BB010008BB010008BB010008BB010008A0
:10005000BB010008BB010008390C0008BB01000807
:10006000BB010008450C0008510C0008BB0100084A
:100070008509000895090008BB010008A5090008CA
:10008000BB010008BB010008BB010008BB01000860
:100090007507000885070008BB0100085D0C000813
:1000A000BB010008BB010008BB010008BB01000840
:1000B000BB010008BB01000899940008BB010008BF
:1000C000BB010008BB010008BB010008BB01000820
:1000D000BB0100083DA90008BB0100084DA90008AC
:1000E000BB010008BB010008BB010008BB01000800
:1000F000BB010008BB010008BB010008BB010008F0
:10010000BB010008BB010008A9940008BB0100085E
:10011000BB010008BB010008BB010008BB010008CF
:10012000BB010008B5090008C5090008D509000889
:10013000BB010008BB010008BB010008BB010008AF
:1001400095070008A5070008BB0100088989000879
:10015000E5090008F5090008050A00085DA900087E
:10016000BB010008BB010008BB010008BB0100087F
:10017000BB010008BB010008BB0100080000000033
:10018000BB010008BB010008DFF810D000F0ACFA9A
:1001900000F06EF800480047619F0108E8F5002074
:1001A0000648804706480047FEE7FEE7FEE7FEE711
:1001B000FEE7FEE7FEE7FEE7FEE7FEE785940008C0
:1001C000890100082DE9F05F0546002092469B4614
:1001D00088460646814640241BE02846414647465D
:1001E000224600F0CBF953465A46C01A914110D32B
:1001F00011461846224600F0B2F92D1A67EB0108A5
:100200004F4622460120002100F0A9F917EB000912
:100210004E41201EA4F10104DFDC484631462A4647
:100220004346BDE8F09F40EA01039B0703D009E085
:1002300008C9121F08C0042AFAD203E011F8013BD2
:1002400000F8013B521EF9D27047D2B201E000F82B
:10025000012B491EFBD270470022F6E710B513466A
:100260000A4604461946FFF7F0FF204610BD00007D
:100270007CB507480090074801900546009C04E0C3
:100280002046016808448047241DAC42F8D17CBD5B
:10029000C8B50108DCB501082DE9FE4F804681EAAA
:1002A0000300C00F0C46009021F0004123F00045F0
:1002B000B8EB0200A94105D24046214690461C46B3
:1002C0000B46024623F00040104347D0270DC7F3EA
:1002D0000A00C3F30A510290401A019040286BDAD9
:1002E000C3F3130040F4801B0098924620B1002312
:1002F000D2EB030A63EB0B0B01985946C0F14002A5
:10030000504600F02CF906460D4650465946019AD3
:1003100000F044F910EB08006141002487EA115213
:1003200084EAE7731A4340D0009A62B3019A012A23
:100330004FEA075215DC001B61EB02014FF000424F
:1003400002EA0752CDE90042001C41F58011324615
:100350002B4600F07BF903B0BDE8F08F4046214604
:10036000F9E7001B61EB0201001C41F58013001846
:100370005B412018A2F5001747EB030140EAD57056
:10038000B6196D4111E06D084FEA360645EAC075B1
:100390004FEA0752001B61EB0201001C41F580117E
:1003A00049084FEA30000019514132462B4603B04C
:1003B000BDE8F04F00F03BB9009801224000002357
:1003C000D0EB020263EBE073009821464FEAE07441
:1003D000B8EB000061EB0401E9E783F000435BE761
:1003E00081F0004158E72DE9FE4F81EA030404F053
:1003F000004421F0004100944FF0000B23F0004333
:1004000050EA01045ED052EA03045BD0C3F30A54FD
:10041000C1F30A552C44A4F2F3340194A0FB025416
:10042000C1F3130141F48011C3F3130343F48013A8
:1004300001FB024400FB034E840A970A44EA8154FC
:1004400047EA8357A4FB076802958D0A05FB0785D9
:100450004FEA932C04FB0C542705029D4FEA0658E3
:1004600047EA1637B5EB08056EEB070C870E920EC0
:1004700047EA811742EA8312A7FB0201B6EB0B01A0
:1004800064EB00042B0D43EA0C335E1844EB1C5064
:10049000DA465146E7FB0201C5F313044FEA0B337A
:1004A00043EA14534FEA0432019C43EA0603A4F1E1
:1004B0000C040294009CCDE900B400F0C7F803B02E
:1004C000BDE8F08F00200146F9E730B5041E71F158
:1004D000000404DB4FF00044404264EB0101141EB1
:1004E00073F1000405DB1C464FF00043524263EBFE
:1004F0000403101A8B4101D3012030BD002030BD10
:1005000000F0004230F000400AD0C10D01F56071EA
:10051000C0F3160042EA0151C20840071143704778
:1005200000200146704701F0004330B421F0004143
:1005300050EA010206D00A0DA2F56072C1F3130160
:10054000002A02DC30BC00207047440F44EAC1049A
:10055000C100E01830BC00EBC25000F031B8202AD6
:1005600004DB203A00FA02F1002070479140C2F10A
:10057000200320FA03F3194390407047202A04DB3C
:10058000203A21FA02F00021704721FA02F3D0400C
:10059000C2F120029140084319467047202A06DB29
:1005A000CB17203A41FA02F043EAE07306E041FA41
:1005B00002F3D040C2F1200291400843194670472F
:1005C0000029A8BF7047401C490008BF20F0010067
:1005D000704710B4B0FA80FC00FA0CF050EA010445
:1005E00004BF10BC704749B1CCF1200421FA04F4D7
:1005F00011FA0CF118BF012121430843A3EB0C01B0
:10060000CB1D4FEA00614FEA102042BF002010BC12
:10061000704700EBC35010440029A4BF10BC7047C2
:10062000401C490008BF20F0010010BC704710B505
:10063000141E73F1000408DA401C41F10001921805
:100640005B411A4301D120F0010010BD2DE9F04DAE
:1006500092469B4611B1B1FA81F202E0B0FA80F203
:1006600020329046FFF77BFF04460F4640EA0A001F
:1006700041EA0B0153465A46084313D0114653EA48
:10068000010019D0C8F140025046FFF777FF054638
:100690000E46504659464246FFF761FF084305D0D3
:1006A000012004E020463946BDE8F08D00200543D6
:1006B00046EAE0762C4337430A986305E40AA0EB48
:1006C00008000022FD0A44EA47540A3002D50020FF
:1006D0000146E9E7010510196941DDE908450019FE
:1006E0006941BDE8F04DA2E71CB5094800900948F2
:1006F00001900546009C06E0E06840F0010394E8A4
:10070000070098471034AC42F6D3FFF741FD0000D4
:10071000A8B50108C8B5010870B58C1810F8015BC0
:1007200015F0070301D110F8013B2A1106D110F88A
:10073000012B03E010F8016B01F8016B5B1EF9D18E
:100740002B0705D40023521E0DD401F8013BFAE714
:1007500010F8013BCB1A921C03E013F8015B01F87F
:10076000015B521EF9D5A142D8D3002070BD000014
:10077000FFE7FEE780B544F60020C2F2000000F07B
:100780005BFD80BD80B544F60020C2F2000000F0A1
:1007900053FD80BD80B544F62820C2F2000000F071
:1007A0004BFD80BD80B544F62820C2F2000000F069
:1007B00043FD80BD80B584B003900291039800682A
:1007C00046F20041C4F20001884216D1FFE70398C7
:1007D00040F2EC11C2F200010860029888620398AE
:1007E0000023019319461A460EF03CFD019B039825
:1007F0000C211A460EF036FD1FE00398006846F6FD
:100800000001C4F20001884216D1FFE7039840F2CC
:100810004021C2F2000108600298886203987021AA
:10082000002300931A460EF01DFD009B03987C21C7
:100830001A460EF017FDFFE7FFE7039801F03EF9B7
:100840000398022100F042FA0398102100F03EFACA
:1008500004B080BD80B58CB00B90ADF82A10099221
:10086000ADF82230BDF82A000290002003900490D9
:100870000590BDF8220006900B98099A02A901ABD9
:1008800000F04EFA0CB080BD84B08DF80F000291DC
:10089000ADF806209DF80F000146009123281DD8D1
:1008A0000099DFE801F012131415161B1B1B1B1B0C
:1008B0001B1B1B1B1B1B1B1B1B1B1B1B1B1B1B1B88
:1008C0001B1B1B1B1B1B1718191A08E007E006E06F
:1008D00005E004E003E002E001E000E0FFE70020C3
:1008E00004B070470020704780B582B044F2247095
:1008F000C2F20000009041F6F831C2F2000100227D
:1009000001920AF0CDFB009841F2F831C2F20001E9
:100910000AF0A8FB019802B080BD000080B584B049
:1009200003900291039944F22470C2F200000090F7
:100930000AF098FB00980AF03BFB039902980268C2
:1009400040F25830C2F2000001903030FFF76BFCEB
:10095000019802990968A0F86010426E0398029904
:1009600009689047002004B080BD000083B0029069
:1009700001918DF8032000208DF802009DF90200FE
:1009800003B0704780B544F69040C2F2000001F019
:100990008FF980BD80B544F65020C2F2000001F00E
:1009A00087F980BD80B544F6B020C2F2000001F0A6
:1009B0007FF980BD80B544F6F040C2F2000001F03E
:1009C00077F980BD80B544F61030C2F2000001F026
:1009D0006FF980BD80B544F67030C2F2000001F0BE
:1009E00067F980BD80B544F6D030C2F2000001F056
:1009F0005FF980BD80B544F65050C2F2000001F0AE
:100A000057F980BD80B544F63040C2F2000001F0D5
:100A10004FF980BD82B001900198007810384AF6F5
:100A2000AB21CAF6AA21A0FB011000090090009991
:100A30004AF6B420C0F60100405C0199C8650098F0
:100A4000042807D3FFE701990868042262F309002C
:100A5000886506E00199086840F2FF329043886596
:100A6000FFE70198806D02B07047000086B00590E6
:100A700000208DF813000598806A0390059880691E
:100A800010BBFFE70398029003281BD80299DFE808
:100A900001F0020D0218059890F82F00C00720B150
:100AA000FFE701208DF81300FFE70CE00598C06A0E
:100AB000B0F1C07F04D1FFE701208DF81300FFE7FC
:100AC00001E000E0FFE745E005988069B0F5005FD0
:100AD00025D1FFE70398019003281ED80199DFE88C
:100AE00001F00206021101208DF8130016E00598AE
:100AF00090F82F00C00720B1FFE701208DF8130008
:100B0000FFE70BE00598C06AB0F1C07F04D1FFE7B2
:100B100001208DF81300FFE700E0FFE719E00398DC
:100B20000090032804D3FFE70098032804D00EE0C8
:100B300001208DF813000BE0059890F82F00C007F6
:100B400020B1FFE701208DF81300FFE700E0FFE789
:100B5000FFE7FFE79DF8130006B0704784B00390ED
:100B600002910192009303980168086820F48020A4
:100B700008600098039909684860039880684028D5
:100B800009D1FFE7019803990968886002980399E1
:100B90000968C86008E002980399096888600198AC
:100BA00003990968C860FFE704B0704781B00090FE
:100BB0004EF6FC51CEF20001086840F080700860EB
:100BC00041F20401CEF200010020086041F200026F
:100BD000CEF20002116841F001011160009944F267
:100BE0004022C0F20F024A4340F26C21C2F20001DF
:100BF0000A600A6844F6D353C1F26203A2FB0332CF
:100C0000920940F27023C2F200031A6009684DF69F
:100C10008362C4F21B32A1FB0221890C40F27422D0
:100C2000C2F20002116040F28421C2F200010860A9
:100C300001B070477047000080B5012001F00AFB49
:100C400080BD000080B5082001F004FB80BD0000DD
:100C500080B5102001F0FEFA80BD000080B5202094
:100C600001F0F8FA80BD000072B6FFE7FEE7000071
:100C700080B584B047F61020C1F6FF70006803907D
:100C800047F61420C1F6FF700068029047F618205E
:100C9000C1F6FF7000680190019903980844039021
:100CA000039888B1FFE7039840F27C11C2F200017B
:100CB00000910231082207F089F900990298123157
:100CC000042207F083F9FFE704B080BD84B00290EE
:100CD0000191029890F820008DF803009DF8030020
:100CE000012805D0FFE79DF8030002280AD1FFE79D
:100CF000019A0298016848691043486100208DF804
:100D00000F0008E00299486A40F480204862012000
:100D10008DF80F00FFE79DF80F0004B0704700004A
:100D200088B00690059104920393069890F82000ED
:100D30008DF8070006980068806800900598806824
:100D400008B9FFE700E0FFE79DF80700012806D09B
:100D5000FFE79DF80700022840F08080FFE79DF83C
:100D60000300400700280CD4FFE79DF803000007AC
:100D7000002806D4FFE79DF80300C006002864D5CC
:100D8000FFE70098C0F301600290029901208840BB
:100D9000039908600598806868B9FFE705980168BD
:100DA000C06840EA415006990968029A01EB0211B5
:100DB000C1F880010EE005994A688868C96840EA70
:100DC000C200084306990968029A01EB0211C1F8B2
:100DD0008001FFE70598006906990968029A01EB0E
:100DE0000211C1F884010598007D01280CD1FFE7AC
:100DF00006980068029900EB0111D1F8840140F4D3
:100E00008070C1F88401FFE704984068069909687A
:100E1000029A01EB0211C1F88C010498006806994E
:100E20000968029A01EB0211C1F88801069800686E
:100E3000029900EB0111D1F8800140F00100C1F8E6
:100E4000800100208DF81F0011E00699486A40F4E7
:100E50000010486201208DF81F0008E00699486ADA
:100E600040F48020486201208DF81F00FFE79DF8C4
:100E70001F0008B07047000086B0049003910498EA
:100E800000680190049890F820008DF803009DF808
:100E90000300012806D0FFE79DF80300022840F078
:100EA000B080FFE746F20040C4F2000001900199D3
:100EB000D1F8000240F00100C1F800020199D1F818
:100EC000000220F47C50C1F800020398426A0199A4
:100ED000D1F8000240EA0220C1F8000203984069FC
:100EE00000F01F01012088400290029A0199D1F878
:100EF0001C029043C1F81C020398C069F0B9FFE7D7
:100F0000029A0199D1F80C029043C1F80C02039A9D
:100F10009088D168526940EA0140019901EBC20111
:100F2000C1F84002039A10889168526940EA014072
:100F3000019901EBC201C1F84402FFE70398C069BF
:100F400001281ED1FFE7029A0199D1F80C02104343
:100F5000C1F80C02039A90881168526940EA014076
:100F6000019901EBC201C1F84002039A908991688E
:100F7000526940EA0140019901EBC201C1F8440203
:100F8000FFE70398806940B9FFE7029A0199D1F819
:100F900004029043C1F8040207E0029A0199D1F8D3
:100FA00004021043C1F80402FFE70398006940B946
:100FB000FFE7029A0199D1F814029043C1F8140294
:100FC00007E0029A0199D1F814021043C1F8140203
:100FD000FFE70398006A012808D1FFE7029A019908
:100FE000D1F81C021043C1F81C02FFE70199D1F8A7
:100FF000000220F00100C1F8000200208DF8170067
:1010000008E00499486A40F48020486201208DF885
:101010001700FFE79DF8170006B0704781B00090F9
:1010200001B0704786B00490039102920193049836
:1010300090F820008DF803009DF80300012806D0E9
:10104000FFE79DF80300022840F0E880FFE70398DF
:1010500080B9FFE704980068C068800748B9FFE7D7
:101060000499486A40F40010486201208DF8170086
:10107000DDE00FE0049800680069800748B9FFE7E9
:101080000499486A40F40010486201208DF8170066
:10109000CDE0FFE704980068039900EB0110D0F859
:1010A000B00100F00400029988600298806858B985
:1010B000FFE704980068039900EB0110D0F8B00135
:1010C000400D029908600AE004980068039900EB5B
:1010D0000110D0F8B001C00802994860FFE70498F9
:1010E0000068039900EB0110D0F8B00100F0020095
:1010F0000299C86004980068039900EB0110D0F8C9
:10110000B40100F00F00082804D3FFE7029908207B
:1011100008610BE004980068039900EB0110D0F817
:10112000B40100F00F0002990861FFE7049800681D
:10113000039900EB0110D0F8B40180B2000A0299C3
:10114000886104980068039900EB0110D0F8B4019D
:10115000000C0299486104980068039900EB0110A3
:10116000D0F8B8010199087004980068039900EB61
:101170000110D0F8B801000A01994870049800687D
:10118000039900EB0110D0F8B801000C01998870A8
:1011900004980068039900EB0110D0F8B801000E24
:1011A0000199C87004980068039900EB0110D0F809
:1011B000BC010199087104980068039900EB0110C3
:1011C000D0F8BC01000A019948710498006803999D
:1011D00000EB0110D0F8BC01000C01998871049853
:1011E0000068039900EB0110D0F8BC01000E0199D2
:1011F000C871039838B9FFE704980168C86840F0DF
:101200002000C86006E004980168086940F02000EA
:101210000861FFE700208DF8170008E00499486A8C
:1012200040F48020486201208DF81700FFE79DF808
:10123000170006B07047000080B58AB00990002002
:10124000089009980068406907900998006840680C
:101250000690099800688068059009980068C06841
:1012600004900998006800690390099800688069F3
:1012700002909DF81C00C007002800F09480FFE752
:101280009DF81400C00758B3FFE7099801680120D2
:1012900088609DF814008007002804D5FFE70998AE
:1012A00000F056FC1BE09DF814004007002805D50F
:1012B000FFE7089840F4006008900FE09DF81400E4
:1012C0000007002805D5FFE7089840F480500890F3
:1012D00003E0099800F038FCFFE7FFE7FFE7FFE7CE
:1012E0009DF81500C00760B3FFE7099801684FF447
:1012F000807088609DF815008007002804D5FFE7FE
:10130000099800F02DFC1BE09DF81500400700280F
:1013100005D5FFE7089840F4005008900FE09DF8CD
:1013200015000007002805D5FFE7089840F4804025
:10133000089003E0099800F00FFCFFE7FFE7FFE7E4
:10134000FFE79DF81600C00760B3FFE70998016842
:101350004FF4803088609DF816008007002804D57F
:10136000FFE7099800F004FC1BE09DF81600400719
:10137000002805D5FFE7089840F4004008900FE0EA
:101380009DF816000007002805D5FFE7089840F4EF
:101390008030089003E0099800F0E6FBFFE7FFE7E4
:1013A000FFE7FFE7FFE79DF81C000007002810D5C6
:1013B000FFE79DF81000C006002809D5FFE7089850
:1013C00040F400700890099801681020C860FFE799
:1013D000FFE79DF81C00400700280FD5FFE79DF8A8
:1013E00010000007002808D5FFE7099801680820C9
:1013F000C860099800F0DEFAFFE7FFE79DF81C00DF
:10140000800700280BD5FFE709980068C0688007AF
:1014100020B1FFE7099800F0D1FAFFE7FFE79DF858
:101420001C004006002810D5FFE79DF80C00C00600
:10143000002809D5FFE7089840F4806008900998D3
:10144000016810200861FFE7FFE79DF81C00800697
:1014500000280FD5FFE79DF80C000007002808D5ED
:10146000FFE70998016808200861099800F0E2FA8E
:10147000FFE7FFE79DF81C00C00600280BD5FFE73B
:10148000099800680069800720B1FFE7099800F01B
:10149000D5FAFFE7FFE79DF81E00800700280FD56B
:1014A000FFE79DF81800C006002808D5FFE7099857
:1014B000016810204860099800F0FCFAFFE7FFE798
:1014C0009DF81E00C00778B1FFE79DF818000007DF
:1014D000002808D5FFE709980168082048600998A6
:1014E00000F04AFBFFE7FFE79DF81D00000600281B
:1014F00040F18D80FFE79DF818004007002840F17B
:101500008180FFE79DF81D00C00750B1FFE79DF8FF
:101510000800C00728B1FFE7089840F001000890D4
:10152000FFE79DF81D00800700280BD5FFE79DF819
:1015300008008007002805D5FFE7089840F0020062
:101540000890FFE79DF81D00400700280BD5FFE736
:101550009DF808004007002805D5FFE7089840F0EF
:1015600004000890FFE79DF81D000007002848D5FB
:10157000FFE79DF8080010F0700F42D0FFE70298D7
:1015800000F0700001460191102814D0FFE7019887
:10159000202815D0FFE70198302816D0FFE70198E2
:1015A000402817D0FFE70198502818D0FFE701988E
:1015B000602819D01DE0089840F00800089019E054
:1015C000089840F01000089014E0089840F02000BF
:1015D00008900FE0089840F0400008900AE0089852
:1015E00040F08000089005E0089840F48070089072
:1015F00000E0FFE709980168886920F070008861C1
:10160000FFE7FFE70998016804204860FFE70898B2
:1016100048B1FFE7089A0999486A10434862099857
:10162000FFF7FCFCFFE70AB080BD000080B584B086
:101630000290029820B9FFE701208DF80F00E0E04A
:10164000029890F8200020B9FFE7029800F0DEF839
:10165000FFE702980168086840F00100086001F0A7
:101660001DF80190FFE7029800684068C007A8B91C
:10167000FFE701F013F80199401A0B280DD3FFE79B
:101680000299486A40F4003048620299052081F8C6
:10169000200001208DF80F00B3E0E4E70298016814
:1016A000086820F00200086000F0F8FF0190FFE7F2
:1016B0000298006840688007002815D5FFE700F011
:1016C000EDFF0199401A0B280DD3FFE70299486AF4
:1016D00040F4003048620299052081F82000012082
:1016E0008DF80F008DE0E3E70298007E012807D116
:1016F000FFE702980168086840F08000086006E093
:1017000002980168086820F080000860FFE70298EE
:10171000407E012807D1FFE702980168086840F081
:101720004000086006E002980168086820F0400068
:101730000860FFE70298807E012807D1FFE7029842
:101740000168086840F02000086006E0029801681F
:10175000086820F020000860FFE70298C07E01289A
:1017600007D1FFE702980168086820F010000860C0
:1017700006E002980168086840F010000860FFE782
:101780000298007F012807D1FFE7029801680868E6
:1017900040F00800086006E002980168086820F040
:1017A00008000860FFE70298407F012807D1FFE7A3
:1017B00002980168086840F00400086006E002989A
:1017C0000168086820F004000860FFE7029B1968C0
:1017D0005A689868D3F80CC040EA0C00D3F810C0DF
:1017E00040EA0C005B691843013A1043C861029952
:1017F00000204862029A012182F820108DF80F0023
:10180000FFE79DF80F0004B080BD000080B592B0E6
:101810001190002010900F900E900D900C90119848
:10182000006846F20041C4F20001884252D1FFE74D
:1018300040F28820C2F200000168013101600068B6
:10184000012812D1FFE7FFE700200B9043F640008C
:10185000C4F20200016841F000710160006800F00C
:1018600000700B900B98FFE7FFE7FFE700200A905E
:1018700043F63000C4F20200016841F00801016043
:10188000006800F008000A900A98FFE703200C9017
:1018900002210D91002105910E910F9009201090C9
:1018A00040F60040C4F202000CA900F0EFFC059ADB
:1018B00014200490114601F0D1FC049801F0C4FCFE
:1018C000059A15200690114601F0C8FC069801F013
:1018D000BBFC6DE01198006846F60001C4F20001FF
:1018E000884264D1FFE7FFE70020099043F64000FB
:1018F000C4F20200016841F080610160006800F0FC
:10190000806009900998FFE740F28820C2F2000049
:101910000168013101600068012812D1FFE7FFE78B
:101920000020089043F64000C4F20200016841F034
:1019300000710160006800F0007008900898FFE7EF
:10194000FFE7FFE70020079043F63000C4F20200F3
:10195000016841F002010160006800F00200079098
:101960000798FFE760200C9002200D900020029065
:101970000E9003200F900920109040F20040C4F216
:1019800002000CA900F082FC029A4020019011464E
:1019900001F064FC019801F057FC029A4120039089
:1019A000114601F05BFC039801F04EFCFFE7FFE7F6
:1019B00012B080BD81B0009001B0704780B586B094
:1019C00005900598006846F20041C4F20001884283
:1019D00012D1FFE7059840F2EC11C2F20001039129
:1019E0000A1D049201F120030021FFF71BFB03995C
:1019F0000498896A88471BE00598006846F600014C
:101A0000C4F20001884212D1FFE7059840F240215C
:101A1000C2F2000101910A1D029201F1200300218E
:101A2000FFF700FB01990298896A8847FFE7FFE703
:101A300006B080BD81B0009001B0704780B586B01F
:101A400005900598006846F20041C4F20001884202
:101A500012D1FFE7059840F2EC11C2F200010391A8
:101A60000A1D049201F120030121FFF7DBFA03991B
:101A70000498896A88471BE00598006846F60001CB
:101A8000C4F20001884212D1FFE7059840F24021DC
:101A9000C2F2000101910A1D029201F1200301210D
:101AA000FFF7C0FA01990298896A8847FFE7FFE7C4
:101AB00006B080BD81B0009001B0704780B584B0A1
:101AC0000290029890F8200001282FD1FFE7029998
:101AD000022081F8200002980168086820F00100C7
:101AE000086000F0DBFD0190FFE7029800684068A5
:101AF000C007A8B1FFE700F0D1FD0199401A0B28FB
:101B00000DD3FFE70299486A40F400304862029919
:101B1000052081F8200001208DF80F000FE0E4E798
:101B20000299002048628DF80F0008E00299486A87
:101B300040F40020486201208DF80F00FFE79DF877
:101B40000F0004B080BD000081B0009001B070476C
:101B500081B0009001B0704781B0009001B0704733
:101B600081B0009001B0704781B0009001B0704723
:101B700081B0009001B0704781B0009001B0704713
:101B800080B584B002900298806D019000F086FDCF
:101B90000090029890F8350002280DD0FFE70299D6
:101BA00080204865FFE70299002081F83400FFE7B4
:101BB00001208DF80F0055E002980168086820F0B8
:101BC0001600086002980168486920F080004861AA
:101BD0000298006C20B9FFE70298806C38B1FFE7EB
:101BE00002980168086820F008000860FFE7029882
:101BF0000168086820F001000860FFE702980068AB
:101C00000068C007C8B1FFE700F048FD0099401A1E
:101C1000062811D3FFE70299202048650299032086
:101C200081F83500FFE70299002081F83400FFE7D2
:101C300003208DF80F0015E0E0E70298C16D3F200A
:101C40008840019988600299012081F83500FFE7FA
:101C50000299002081F83400FFE7FFE700208DF8AB
:101C60000F00FFE79DF80F0004B080BD82B0009028
:101C7000009890F83500022807D0FFE700998020EF
:101C8000486501208DF807000EE00099052081F8D5
:101C9000350000980168086820F001000860FFE73F
:101CA00000208DF80700FFE79DF8070002B070479D
:101CB00080B586B005900020039040F2C400C2F2C7
:101CC0000000006848F2B511C1F64E31A0FB0110CA
:101CD000800A02900598806D019001980068049038
:101CE00004980599C96DC840000700281AD5FFE778
:101CF0000598006800684007002812D5FFE705989E
:101D00000168086820F0040008600598C16D08208B
:101D10008840019988600599486D40F00100486548
:101D2000FFE7FFE704980599C96DC840C007A0B157
:101D3000FFE7059800684069000600280CD5FFE71A
:101D40000598C16D01208840019988600599486D0A
:101D500040F002004865FFE7FFE704980599C96D68
:101D6000C8404007002814D5FFE7059800680068C0
:101D7000800700280CD5FFE70598C16D0420884036
:101D8000019988600599486D40F004004865FFE7B7
:101D9000FFE704980599C96DC840C006002847D5DB
:101DA000FFE7059800680068000700283FD5FFE7B7
:101DB0000598C16D102088400199886005980068D9
:101DC0000068400300281AD5FFE7059800680068FE
:101DD0000003002809D4FFE70598006C20B1FFE755
:101DE0000598016C8847FFE708E00598806C20B1F2
:101DF000FFE70598816C8847FFE7FFE716E0059845
:101E000000680068C005002807D4FFE7059801684E
:101E1000086820F008000860FFE70598006C20B112
:101E2000FFE70598016C8847FFE7FFE7FFE7FFE75B
:101E300004980599C96DC8408006002840F18D803E
:101E4000FFE7059800680068C006002840F184801C
:101E5000FFE70598C16D20208840019988600598AA
:101E600090F83500052834D1FFE705980168086827
:101E700020F01600086005980168486920F080008D
:101E800048610598006C20B9FFE70598806C38B16F
:101E9000FFE705980168086820F008000860FFE780
:101EA0000598C16D3F2088400199886005990120FF
:101EB00081F83500FFE70599002081F83400FFE73D
:101EC0000598006D20B1FFE70598016D8847FFE791
:101ED0007BE0059800680068400300281AD5FFE7FA
:101EE0000598006800680003002809D4FFE70598FA
:101EF000406C20B1FFE70598416C8847FFE708E098
:101F00000598C06B20B1FFE70598C16B8847FFE7D4
:101F1000FFE720E0059800680068C005002811D49C
:101F2000FFE705980168086820F01000086005992F
:101F3000012081F83500FFE70599002081F8340081
:101F4000FFE7FFE70598C06B20B1FFE70598C16B7D
:101F50008847FFE7FFE7FFE7FFE70598406DA0B37D
:101F6000FFE70598406DC00730B3FFE705990520EE
:101F700081F8350005980168086820F001000860C4
:101F8000FFE70398013003900299884201D9FFE7E7
:101F900007E0FFE7059800680068C0070028F0D157
:101FA000FFE70599012081F83500FFE7059900203A
:101FB00081F83400FFE7FFE70598C06C20B1FFE728
:101FC0000598C16C8847FFE7FFE706B080BD0000B9
:101FD00080B586B004900020039000F05FFB029073
:101FE000049820B9FFE701208DF81700A3E00498BA
:101FF000406A08B1FFE7FFE70499022081F8350045
:10200000FFE70499002081F83400FFE70498016895
:10201000086820F001000860FFE704980068006885
:10202000C00790B1FFE700F039FB0299401A06287B
:102030000AD3FFE70499202048650499032081F81A
:1020400035008DF8170076E0E7E70498006800682F
:102050000390039848F23F01CFF21001084003902B
:10206000049900914868D1F808C0CB680A6940EA31
:102070000C00184310434A6910438A691043CA6927
:102080001043096A01430398084303900498406A87
:10209000042808D1FFE70499C86A096B0143039833
:1020A00008430390FFE703980499096808600498BF
:1020B000006840690390039820F00700039004989B
:1020C000416A0398084303900498406A04281AD18F
:1020D000FFE70498816A0398084303900498C06A54
:1020E00080B1FFE70498FEF7C1FC50B1FFE7049907
:1020F000402048650499012081F835008DF81700CB
:1021000019E0FFE7FFE7039804990968486104981C
:10211000FEF780FC01900498C16D3F208840019932
:102120008860049900204865049A012182F83510DE
:102130008DF81700FFE79DF8170006B080BD00007E
:1021400080B588B0069005910492039300208DF825
:102150000B000698806D0190FFE7069890F8340018
:10216000012804D1FFE702208DF81F0045E0069901
:10217000012081F83400FFE7FFE7069890F835006A
:1021800001282BD1FFE70699022081F83500069936
:102190000020486506980599049A039BFEF7DEFC2B
:1021A0000698C16D3F2088400199886006980168B3
:1021B000086840F0160008600698006C38B1FFE728
:1021C00006980168086840F008000860FFE7069874
:1021D0000168086840F00100086009E0FFE706991F
:1021E000002081F83400FFE702208DF80B00FFE7A4
:1021F0009DF80B008DF81F00FFE79DF81F0008B049
:1022000080BD000080B584B0039000F047FA0290D2
:10221000039801900198013048B1FFE740F2BE10E9
:10222000C2F200000178019808440190FFE7FFE73F
:1022300000F034FA0299401A0199884201D2FFE76E
:10224000F6E704B080BD000081B0ADF8020001B037
:102250007047000080B582B0ADF8060043F6144028
:10226000C4F201000068BDF8061008420CD0FFE778
:10227000BDF8060043F61441C4F201010860BDF840
:102280000600FFF7E1FFFFE702B080BD8EB00D90C2
:102290000C9100200A90099008900B90FFE70B9892
:1022A0000F2800F2CC81FFE70B99012088400A90AB
:1022B0000C9800680A990840099009980A99884280
:1022C00040F0B881FFE70C98406800F00300012857
:1022D00007D0FFE70C98406800F0030002282FD1D8
:1022E000FFE70D98806808900B984100032000FAE2
:1022F00001F10898884308900C98C0680B99490030
:1023000000FA01F108980843089008980D99886030
:102310000D98406808900B99012000FA01F1089887
:10232000884308900C984068C0F300100B9900FA9D
:1023300001F108980843089008980D994860FFE754
:102340000C98406800F00300032818D0FFE70D98B0
:10235000C06808900B984100032000FA01F108982A
:10236000884308900C9880680B99490000FA01F1A5
:1023700008980843089008980D99C860FFE70C98E2
:10238000406800F00300022826D1FFE70D980B9962
:102390006FF0030202EA51010844006A08900B98AA
:1023A00000F0070081000F2000FA01F1089888432F
:1023B00008900C9800690B9901F00701890000FA58
:1023C00001F108980843089008980D990B9B02EAC0
:1023D000530211440862FFE70D98006808900B98BB
:1023E0004100032000FA01F10898884308900C98F6
:1023F000406800F003000B99490000FA01F10898C9
:102400000843089008980D9908600C988079800717
:10241000002800F00E81FFE7FFE70020079043F659
:102420004400C4F20200016841F480410160006888
:1024300000F4804007900798FFE70B9820F0030016
:1024400043F60801C4F20101405808900B9800F0CF
:10245000030081000F2000FA01F1089888430890DA
:102460000D980021C4F20201884203D1FFE7002049
:1024700006905EE00D9840F20041C4F202018842ED
:1024800003D1FFE70120059050E00D9840F60001D0
:10249000C4F20201884203D1FFE70220049042E027
:1024A0000D9840F60041C4F20201884203D1FFE7D3
:1024B0000320039034E00D9841F20001C4F20201C0
:1024C000884203D1FFE70420029026E00D9841F2F4
:1024D0000041C4F20201884203D1FFE705200190C8
:1024E00018E00D9841F60001C4F20201884203D1C0
:1024F000FFE7062000900AE00D9941F60042C4F281
:1025000002020820914208BF07200090FFE70098D0
:102510000190FFE701980290FFE702980390FFE720
:1025200003980490FFE704980590FFE7059806904C
:10253000FFE70698C0B20B9901F00301890000FA89
:1025400001F108980843089008980B9921F00301BD
:1025500043F60802C4F20102885043F60840C4F270
:1025600001000068089009990898884308900C9821
:102570008079C006002805D5FFE709990898084327
:102580000890FFE7089843F60841C4F2010108608B
:1025900043F60C40C4F201000068089009990898BD
:1025A000884308900C9880798006002805D5FFE7BD
:1025B0000999089808430890FFE7089843F60C41EA
:1025C000C4F20101086043F60440C4F2010000684F
:1025D000089009990898884308900C98807980079A
:1025E000002805D5FFE70999089808430890FFE7F8
:1025F000089843F60441C4F20101086043F6004024
:10260000C4F201000068089009990898884308906E
:102610000C988079C00728B1FFE70999089808430A
:102620000890FFE7089843F60041C4F201010860F2
:10263000FFE7FFE7FFE70B9801300B902FE60EB0A6
:102640007047000083B00290ADF806100298406910
:102650000090009ABDF8060002EA0001904340EAAB
:1026600001400299886103B07047000082B0019078
:10267000ADF802108DF801209DF8010028B1FFE7A8
:10268000BDF802000199886105E0BDF80200000470
:1026900001998861FFE702B07047000045F2E05001
:1026A000C2F200000068704780B58EB00C900C98A4
:1026B00020B9FFE701208DF8370043E10C9890F82E
:1026C0003D0040B9FFE70C99002081F83C000C98D0
:1026D00000F06AFCFFE70C99242081F83D000C987B
:1026E0000168086820F0010008600C98016808681B
:1026F00040F4004008600C980168086820F400402D
:10270000086002F077F80A900C98406848F2A061DF
:10271000C0F2010188420BD8FFE70A9948F28042D3
:10272000C0F21E020020914238BF012009900AE049
:102730000A9940F60012C0F23D020020914238BFD3
:1027400001200990FFE70998012804D1FFE7012043
:102750008DF83700F6E00A984DF68361C4F21B311C
:10276000A0FB0110800C0B900C980068406820F0D2
:102770003F000B9908430C99096848600C98006861
:10278000006A20F03F0008900C98406848F2A06171
:10279000C0F20101884204D8FFE70B98013007908E
:1027A0000EE00B984FF49671484344F6D351C1F2B2
:1027B0006201A0FB0101012000EB91100790FFE7EF
:1027C0000898079908430C99096808620C980068F2
:1027D000C0694CF6FF71884306900C98406848F237
:1027E000A061C0F2010188421FD8FFE70A980138B2
:1027F0000C9949684900B0FBF1F001306FF31F30CC
:10280000032803D8FFE7042005900BE00A9801385D
:102810000C9949684900B0FBF1F001306FF31F30AB
:102820000590FFE7059804904CE00C98806868B923
:10283000FFE70A9801380C99496801EB4101B0FBA8
:10284000F1F001306FF31F3003900DE00A9801386A
:102850000C99496819225143B0FBF1F00130042171
:1028600061F31F300390FFE70398000518B9FFE7F5
:102870000120029023E00C98806868B9FFE70A986D
:1028800001380C99496801EB4101B0FBF1F00130CE
:102890006FF31F3001900DE00A9801380C994968D8
:1028A00019225143B0FBF1F00130042161F31F30D4
:1028B0000190FFE7019840F400400290FFE7029882
:1028C0000490FFE70698049908430C990968C861C9
:1028D0000C980068006820F0C0000C9B1968DA6949
:1028E0001B6A1A43104308600C980068806848F21D
:1028F000FF3188430C9A1168D36812691A43104358
:1029000088600C980068C06820F0FF000C9B196874
:102910005A699B691A431043C8600C98016808689B
:1029200040F0010008600C99002008640C9A2021F6
:1029300082F83D100C9908630C9981F83E008DF8DF
:102940003700FFE79DF837000EB080BD10B58CB0A2
:10295000844610980F98DDF838E0CDF828C0ADF81F
:102960002610ADF82420ADF82230ADF82000FFF796
:1029700095FE07900A9890F83D00202840F00282CA
:10298000FFE70A9807996A4611600221C0F2100118
:102990000122192304F0ECFF20B1FFE702208DF89B
:1029A0002F00F3E1FFE70A9890F83C00012804D1DA
:1029B000FFE702208DF82F00E8E10A99012081F855
:1029C0003C00FFE7FFE70A980068006800F001009C
:1029D000012807D0FFE70A980168086840F0010065
:1029E0000860FFE70A980168086820F40060086042
:1029F0000A99222081F83D000A99402081F83E0082
:102A00000A99002008640E980A994862BDF82000CF
:102A10000A9948850A98408D0A9908850A990020E4
:102A2000CFF6FF70C8620A98BDF82610BDF82420C2
:102A3000BDF82230DDF840C0079CEE46CEF80440D9
:102A4000CEF800C004F0AEFD20B1FFE701208DF804
:102A50002F009BE10A98008DA0B9FFE7FFE7002057
:102A600006900A980068406906900A980068806994
:102A700006900698FFE70A980168086840F400701D
:102A800008604DE00A98008D01281AD1FFE70A98E6
:102A90000168086820F480600860FFE70020059066
:102AA0000A980068406905900A9800688069059056
:102AB0000598FFE70A980168086840F4007008600C
:102AC0002DE00A98008D02281AD1FFE70A980168C4
:102AD000086820F4806008600A980168086840F47B
:102AE00000600860FFE7002004900A9800684069D1
:102AF00004900A980068806904900498FFE70DE04C
:102B0000FFE7002003900A980068406903900A9844
:102B10000068806903900398FFE7FFE7FFE7FFE79E
:102B2000FFE70A98008D002800F01A81FFE70A9855
:102B3000008D032800F2CC80FFE70A98008D012861
:102B40001ED1FFE70A981099079A05F03FF820B1C7
:102B5000FFE701208DF82F0018E10A98006800694E
:102B60000A99496A08700A99486A013048620A99C4
:102B7000088D013808850A99488D01384885A6E0F6
:102B80000A98008D02283CD1FFE70A98109B07990C
:102B90006A4611600421C0F20101002204F0E8FE3F
:102BA00020B1FFE701208DF82F00EFE00A980168BF
:102BB000086840F4007008600A98006800690A9983
:102BC000496A08700A99486A013048620A99088D72
:102BD000013808850A99488D013848850A980068A7
:102BE00000690A99496A08700A99486A013048627E
:102BF0000A99088D013808850A99488D0138488559
:102C000064E00A98109B07996A4611600421C0F29B
:102C10000101002204F0ACFE20B1FFE701208DF895
:102C20002F00B3E00A980168086820F4806008600B
:102C30000A98006800690A99496A08700A99486AFE
:102C4000013048620A99088D013808850A99488D33
:102C5000013848850A98109B07996A46116004213B
:102C6000C0F20101002204F083FE20B1FFE7012041
:102C70008DF82F008AE00A980168086840F4007017
:102C800008600A98006800690A99496A08700A99F8
:102C9000486A013048620A99088D013808850A9906
:102CA000488D013848850A98006800690A99496A80
:102CB00008700A99486A013048620A99088D0138FB
:102CC00008850A99488D01384885FFE7FFE746E007
:102CD0000A981099079A04F079FF20B1FFE70120C4
:102CE0008DF82F0052E00A98006800690A99496A35
:102CF00008700A99486A013048620A99088D0138BB
:102D000008850A99488D013848850A980068406905
:102D100000F004010120B0EB910F1FD1FFE70A98EA
:102D2000008D032807D1FFE70A980168086820F49E
:102D300080600860FFE70A98006800690A99496A9C
:102D400008700A99486A013048620A99088D01386A
:102D500008850A99488D01384885FFE7FFE7E0E6D6
:102D60000A99202081F83D000A99002081F83E0050
:102D7000FFE70A99002081F83C00FFE700208DF86A
:102D80002F0003E002208DF82F00FFE79DF82F00B1
:102D90000CB010BD10B588B084460C980B98DDF8C7
:102DA00028E0CDF818C0ADF81610ADF81420ADF835
:102DB0001230ADF81000FFF771FC0390069890F800
:102DC0003D00202840F0E880FFE7069803996A4616
:102DD00011600221C0F210010122192304F0C8FD84
:102DE00020B1FFE702208DF81F00D9E0FFE7069829
:102DF00090F83C00012804D1FFE702208DF81F0065
:102E0000CEE00699012081F83C00FFE7FFE7069835
:102E10000068006800F00100012807D0FFE706986D
:102E20000168086840F001000860FFE70698016843
:102E3000086820F4006008600699212081F83D00B0
:102E40000699402081F83E000699002008640A98FF
:102E500006994862BDF81000069948850698408D8D
:102E60000699088506990020CFF6FF70C86206987B
:102E7000BDF81610BDF81420BDF81230DDF830C0D2
:102E8000039CEE46CEF80440CEF800C004F07CFC73
:102E900020B1FFE701208DF81F0081E0FFE70698D1
:102EA000008D002849D0FFE706980C99039A04F09A
:102EB000FBFE80B1FFE70698006C042807D1FFE70E
:102EC00006980168086840F400700860FFE7012078
:102ED0008DF81F0064E006980168406A0078086178
:102EE0000699486A013048620699088D01380885BC
:102EF0000699488D0138488506980068406900F0B9
:102F000004010120B0EB910F16D1FFE70698008D68
:102F100090B1FFE706980168406A00780861069959
:102F2000486A013048620699088D0138088506997B
:102F3000488D01384885FFE7B1E706980C99039A58
:102F400004F0C0FC80B1FFE70698006C042807D1AC
:102F5000FFE706980168086840F400700860FFE722
:102F600001208DF81F001BE006980168086840F4F6
:102F7000007008600699202081F83D000699002025
:102F800081F83E00FFE70699002081F83C00FFE74A
:102F900000208DF81F0003E002208DF81F00FFE7DE
:102FA0009DF81F0008B010BD80B590B00F900020B4
:102FB0000E900D900C900B900A900F98006845F6BB
:102FC0000041C4F20001884240F0B380FFE7FFE710
:102FD0000020099043F63000C4F20200016841F07D
:102FE00004010160006800F0040009900998FFE7FF
:102FF000FFE70020089043F63000C4F202000168A9
:1030000041F001010160006800F00100089008989B
:10301000FFE74FF400700A90122002900B900120FD
:1030200003900C90032004900D90042005900E90C6
:1030300040F60000C4F202000AA90691FFF726F943
:10304000DDF808C0039B049A059806994FF4807E2A
:10305000CDF828E0CDF82CC00C930D920E900020F6
:10306000C4F20200FFF712F9FFE70020079043F6D1
:103070004000C4F20200016841F4000101600068F0
:1030800000F4000007900798FFE744F65020C2F2D2
:103090000000019046F24001C4F2020101604FF0CD
:1030A000C061416000218160C1604FF480620261B3
:1030B00041618161C16101624162FEF789FF18B11E
:1030C000FFE7FDF7D1FDFFE7FFE70F9844F650213A
:1030D000C2F2000181630F988863FFE744F6B020D5
:1030E000C2F20000009046F27001C4F202010160D9
:1030F0004FF0C0614160402181600021C1604FF408
:103100008062026141618161C16101624162FEF7D9
:103110005FFF18B1FFE7FDF7A7FDFFE7FFE70F9897
:1031200044F6B021C2F2000141630F988863FFE7C3
:10313000FFE710B080BD000040F2BE10C2F20000F8
:10314000027845F2E051C2F20001086810440860BC
:103150007047000080B543F60041C4F202010868E0
:1031600040F400700860086840F4806008600868F7
:1031700040F480700860032000F08AF80F2000F00F
:1031800005F800F03BF8002080BD000080B582B05B
:10319000009040F2C400C2F20000006840F2BE118C
:1031A000C2F200010A784FF47A71B1FBF2F1B0FB80
:1031B000F1F002F0B5FB20B1FFE701208DF8070028
:1031C00018E000980F280DD8FFE700994FF0FF3066
:1031D000002200F043F8009840F2C011C2F2000152
:1031E000086003E001208DF8070003E000208DF85F
:1031F0000700FFE79DF8070002B080BD82B0FFE73F
:103200000020019043F64400C4F20200016841F43A
:1032100080410160006800F4804001900198FFE760
:10322000FFE70020009043F64000C4F2020001686E
:1032300041F080510160006800F0805000900098DB
:10324000FFE702B07047000080B582B08DF807003C
:103250009DF9070016F008FA02B080BD80B586B06F
:103260008DF81700049103920020029016F014FAD2
:1032700002909DF91700019002980499039A05F0B5
:103280004DFB0146019816F00FFA06B080BD000014
:1032900080B582B00190019816F028FA02B080BD86
:1032A00082B001908DF8031002B0704782B0019097
:1032B000ADF80210BDF802000199096848620020CB
:1032C00002B0704784B003908DF80B10ADF8082061
:1032D00003980068406A00909DF80B0048B9FFE72A
:1032E000BDF80810009840EA014003990968886217
:1032F00033E003980068816A009800EB1140009069
:1033000000208DF80700FFE79DF807009DF80B10DF
:103310000139884213D2FFE7039800689DF807102F
:1033200000EB8100D0F80411009800EB11400090F0
:10333000FFE79DF8070001308DF80700E4E7BDF8CE
:103340000810009840EA0140039909689DF80B2095
:1033500001EB8201C1F80001FFE7002004B07047D3
:1033600080B582B001900198D0F8E00408F002FE28
:1033700002B080BD80B582B001908DF80310019A33
:10338000D2F8E0049DF8031001EBC10302EB8302C5
:10339000126A08F04DFC02B080BD000080B582B01A
:1033A00001908DF80310019AD2F8E0049DF8031003
:1033B00001EBC10302EB8302D2F8602208F000FDAA
:1033C00002B080BD80B582B001900198D0F8E004D1
:1033D00008F0D6FD02B080BD80B584B003908DF8B2
:1033E0000B109DF80B00000600280CD5FFE7039892
:1033F0009DF80B1001F00F0101EBC10100EB810002
:10340000143001900CE003989DF80B1001F00F01AF
:1034100001EBC10100EB810000F515700190FFE7A1
:103420000398006801990AF027FB8DF80A009DF8BF
:103430000A0004B080BD000080B584B002908DF811
:1034400007109DF80700000600280FD5FFE7029837
:103450009DF8071001F00F0101EBC10100EB8100A5
:10346000143000900099012048700FE002989DF8F8
:10347000071001F00F0101EBC10100EB810000F525
:1034800015700090009900204870FFE79DF8070034
:1034900000F00F0000990870FFE7029890F894047C
:1034A000012804D1FFE702208DF80F0014E00299F3
:1034B000012081F89404FFE7FFE702980068009973
:1034C00009F0CAFDFFE70299002081F89404FFE7A4
:1034D00000208DF80F00FFE79DF80F0004B080BDBD
:1034E00080B584B002908DF807109DF8070000F0B9
:1034F0000F0002990979884204D9FFE701208DF86D
:103500000F004DE09DF80700000600280FD5FFE7EB
:1035100002989DF8071001F00F0101EBC10100EBCB
:103520008100143000900099012048700FE002984B
:103530009DF8071001F00F0101EBC10100EB8100C4
:1035400000F515700090009900204870FFE7009981
:10355000002088709DF8070000F00F0000990870A7
:10356000FFE7029890F89404012804D1FFE70220B5
:103570008DF80F0014E00299012081F89404FFE710
:10358000FFE702980068009909F0D6FFFFE702996B
:10359000002081F89404FFE700208DF80F00FFE77A
:1035A0009DF80F0004B080BD82B001908DF803102B
:1035B00001989DF8031001F00F0101EBC10100EB30
:1035C0008100D0F8680202B07047000080B586B074
:1035D00004908DF80F10ADF80C208DF80B30002002
:1035E0008DF80A009DF80F00000600280FD5FFE7B0
:1035F00004989DF80F1001F00F0101EBC10100EBE1
:103600008100143001900199012048700FE0049866
:103610009DF80F1001F00F0101EBC10100EB8100DB
:1036200000F515700190019900204870FFE79DF8A2
:103630000F0000F00F0001990870BDF80C006FF347
:10364000DF20019988609DF80B00019908710198AD
:10365000407820B1FFE7019908784883FFE79DF89B
:103660000B00022804D1FFE7019900204871FFE711
:10367000FFE7049890F89404012804D1FFE70220A2
:103680008DF8170015E00499012081F89404FFE7F4
:10369000FFE704980068019909F0B0FBFFE704997F
:1036A000002081F89404FFE79DF80A008DF81700C8
:1036B000FFE79DF8170006B080BD000080B586B01A
:1036C00005908DF813100392029305989DF813103E
:1036D00001F00F0101EBC10100EB810000F5157055
:1036E000019003980199C8600298019908610199B5
:1036F00000204861019948709DF8130000F00F0008
:103700000199087005988079012804D1FFE7039892
:103710000199C861FFE7059A10680199927909F04B
:10372000AFFF002006B080BD80B584B002908DF858
:1037300007109DF8070000F00F00029909798842F0
:1037400004D9FFE701208DF80F0058E09DF807002D
:10375000000600280FD5FFE702989DF8071001F03A
:103760000F0101EBC10100EB8100143000900099C2
:10377000012048700DE002989DF8071001EBC1018F
:1037800000EB810000F51570009000990020487052
:10379000FFE70099012088709DF8070000F00F00F6
:1037A00000990870FFE7029890F89404012804D16A
:1037B000FFE702208DF80F0021E00299012081F837
:1037C0009404FFE7FFE702980068009909F004FFFE
:1037D0009DF80700000740B9FFE7029A1068917949
:1037E00002F29C4209F058FEFFE7FFE70299002031
:1037F00081F89404FFE700208DF80F00FFE79DF8A3
:103800000F0004B080BD000080B586B005908DF833
:1038100013100392029305989DF8131001F00F0105
:1038200001EBC10100EB8100143001900398019974
:10383000C8600298019908610199002048610199C6
:10384000012048709DF8130000F00F0001990870E6
:1038500005988079012804D1FFE703980199C86190
:10386000FFE7059A10680199927909F009FF002095
:1038700006B080BD80B58CB00B900B9800680A90A4
:103880000A9809900B9800680AF02CFA002840F07A
:103890000B84FFE70B9800680AF090FA10B9FFE775
:1038A00000F002BC0998D0F80808C0F30D200B996D
:1038B000C1F8D4040B9800680AF080FA8007002849
:1038C00007D5FFE70B980168486900F002004861DE
:1038D000FFE70B9800680AF071FAC006002862D56D
:1038E000FFE70B980168886920F0100088610A984A
:1038F000006A02900B98029901F00F0101EBC101DF
:1039000000EB810000F515700890029800F4F011AA
:103910000220B0EB514F23D1FFE7BDF8080047F676
:10392000F07108421BD0FFE70A980899C968029A0B
:10393000C2F30A120AF050FA029847F6F07100EA50
:103940000103089AD06800EB1310D060029800EAD7
:1039500001020899486900EB12104861FFE71BE07B
:10396000029800F4F0110620B0EB514F12D1FFE79E
:103970000A980B9901F29C4108220AF02DFA02984C
:1039800047F6F07100EA01020899486900EB12104D
:10399000486100E0FFE7FFE70B980168886940F0A5
:1039A00010008861FFE70B9800680AF007FA00032F
:1039B000002840F1A680FFE7002004900B980068E3
:1039C0000AF0AAF90690FFE70698002800F0988010
:1039D000FFE79DF81800C007002800F08A80FFE785
:1039E0000B9800689DF810100AF0D0F905909DF82A
:1039F0001400C00760B1FFE70998049900EB41117A
:103A00000120C1F8080B0B98049905F00BF8FFE7AB
:103A10009DF81400000700280CD5FFE709980499C9
:103A200000EB41110820C1F8080B0B98049904F031
:103A3000B3FFFFE79DF81400C006002808D5FFE794
:103A40000998049900EB41111020C1F8080BFFE719
:103A50009DF81400800700282DD5FFE70A984069DB
:103A60000006002808D5FFE70999D1F8040840F4BA
:103A70008060C1F80408FFE70B98049901EBC101CD
:103A800000EB810000F5157008900898C0780128B7
:103A900009D1FFE708990020C8700B989DF8101015
:103AA00000F012FBFFE70998049900EB4111022096
:103AB000C1F8080BFFE79DF814008006002808D520
:103AC000FFE70998049900EB41112020C1F8080B89
:103AD000FFE79DF815008006002809D5FFE7099843
:103AE000049900EB41114FF40050C1F8080BFFE7B7
:103AF000FFE704980130049006984008069063E7B9
:103B0000FFE70B9800680AF059F94003002840F1DC
:103B1000C680FFE70B9800680AF0ECF806900020DA
:103B20000490FFE70698002800F0B880FFE79DF8B2
:103B30001800C007002800F0AA80FFE70B98006873
:103B40009DF810100AF0FAF805909DF81400C007CF
:103B500000283ED0FFE7049800F00F01012000FA92
:103B600001F10391039B099AD2F834189943C2F8E2
:103B700034180999049A01EB4211C1F808090B980D
:103B8000807901281FD1FFE70B98049901EBC1014F
:103B900000EB8101CA69086A10440862049888B978
:103BA000FFE70B98049901EBC10100EB8100406A2B
:103BB00040B9FFE70B99086801F29C42012109F026
:103BC0006BFCFFE7FFE70B989DF81010FFF7D2FBA7
:103BD000FFE79DF814000007002808D5FFE70998C3
:103BE000049900EB41110820C1F80809FFE79DF88E
:103BF0001400C006002808D5FFE70998049900EBD7
:103C000041111020C1F80809FFE79DF81400400693
:103C1000002808D5FFE70998049900EB41114020DE
:103C2000C1F80809FFE79DF814008007002822D595
:103C3000FFE70A98049909F0F1FF0B98049901EB4A
:103C4000C10100EB8100143008900898C078012869
:103C500009D1FFE708990020C8700B989DF8101053
:103C600000F024FAFFE70998049900EB41110220C3
:103C7000C1F80809FFE79DF814000006002805D5E3
:103C8000FFE70B98049904F0B1FFFFE7FFE7049802
:103C90000130049006984008069043E7FFE70B9830
:103CA00000680AF08BF8C00F00B3FFE70999D1F85C
:103CB000040820F00100C1F804080B9890F8CC0427
:103CC000012808D1FFE70B98002180F8CC140B984D
:103CD000FFF7E6FA03E00B9800F0A8FBFFE70B986C
:103CE0000168486900F000404861FFE70B980068F0
:103CF0000AF064F80005002811D5FFE70998D0F80C
:103D00000808C00720B1FFE70B9800F01BFCFFE795
:103D10000B980168486900F400604861FFE70B9860
:103D200000680AF04BF8C004002840F18680FFE7E5
:103D30000999D1F8040820F00100C1F804080B9893
:103D40000068102109F06AFF00200790FFE707983C
:103D50000B990979884231D2FFE70998079900EB5E
:103D600041114FF67F30C1F808090999079A01EB14
:103D70004212D2F8001921F40011C2F80019099971
:103D8000079A01EB4211C1F8080B0998079900EB5B
:103D90004111D1F8000B20F40010C1F8000B099874
:103DA000079900EB4111D1F8000B40F00060C1F819
:103DB000000BFFE7079801300790C8E70999D1F891
:103DC0001C0840F00110C1F81C080B98C07B78B1AA
:103DD000FFE70999D1F8840840F00B00C1F8840886
:103DE0000999D1F8440840F00B00C1F844080FE0ED
:103DF0000999D1F8140842F22B021043C1F81408B3
:103E00000999D1F8100840F00B00C1F81008FFE73D
:103E10000999D1F8000820F4FE60C1F800080B9A57
:103E20001068917902F29C4209F036FB0B98016808
:103E3000486900F480504861FFE70B98006809F07A
:103E4000BDFF800400281FD5FFE70B98006809F02C
:103E500045F80B98006809F01FFF0B99C8710B9883
:103E60000068019000F0C0FC014601980B9AD279DD
:103E70000AF0AAF80B9800F0AFFA0B9801684869AD
:103E800000F400504861FFE70B98006809F096FFC6
:103E9000000700280AD5FFE70B9800F0D1FA0B982D
:103EA0000168486900F008004861FFE70B98006866
:103EB00009F084FF0006002825D5FFE70A998869E4
:103EC00020F08000886101200490FFE704980B999E
:103ED0000979884216D2FFE70B98049901EBC101DA
:103EE00000EB810090F85702012806D1FFE70B98FC
:103EF0009DF81010FFF770FAFFE7FFE70498013014
:103F00000490E3E7FFE70B98006809F057FFC00251
:103F100000283CD5FFE701200490FFE704980B99A7
:103F2000097988422CD2FFE70998049900EB4110E7
:103F3000D0F8000902900B98049901EBC10100EB45
:103F40008100007E012816D1FFE79DF80B000006D6
:103F5000002810D5FFE70B98049901EBC10100EB95
:103F600081010120C8750B989DF8101041F0800167
:103F7000FFF732FAFFE7FFE7049801300490CDE73E
:103F80000B980168486900F480104861FFE70B98BE
:103F9000006809F013FF8002002855D5FFE70120D3
:103FA0000490FFE704980B990979884245D2FFE70E
:103FB0000998049900EB4110D0F8000B02900B987F
:103FC000049901EBC10100EB810090F8580201282F
:103FD0002ED1FFE79DF80B000006002828D5FFE74B
:103FE000029800F480300B99D1F8D41401F001014B
:103FF00088421DD1FFE70B98049901EBC10100EB4A
:104000008101012081F857020A99886940F08000F7
:1040100088610A9840690006002808D4FFE70999DA
:10402000D1F8040840F40070C1F8040805E0FFE787
:10403000FFE7049801300490B4E70B9801684869E1
:1040400000F400104861FFE70B98006809F0B6FE25
:10405000400000280AD5FFE70B98FFF781F90B987D
:104060000168486900F080404861FFE70B980068EC
:1040700009F0A4FE4007002815D5FFE70B9800685B
:10408000406802909DF808004007002804D5FFE72B
:104090000B98FFF797F9FFE7029A0B9801684868B9
:1040A00010434860FFE7FFE70CB080BD80B582B0E9
:1040B00001908DF803100198D0F8E0049DF80310EA
:1040C00007F0FAFF02B080BD80B582B001908DF894
:1040D00003100198D0F8E0049DF8031008F024F8CC
:1040E00002B080BD80B58EB00C900C9820B9FFE76F
:1040F00001208DF8370012E10C9800680B900C98A5
:1041000090F8950440B9FFE70C99002081F89404D9
:104110000C9800F009F9FFE70C99032081F8950449
:104120000B98B0F1A04F04D1FFE70C9900208871E3
:10413000FFE70C98006809F0A5F90C9B1868197C3A
:104140008DF8241059689A68DB68089307920691E5
:104150000699079A089BDDF824C0EE46CEF800C009
:1041600008F0D2FE40B1FFE70C99022081F89504D7
:1041700001208DF83700D2E00C980068002109F08A
:1041800085FE40B1FFE70C99022081F895040120DB
:104190008DF83700C3E000208DF82B00FFE79DF875
:1041A0002B000C990979884241DAFFE70C989DF8B9
:1041B0002B1001EBC10100EB8101012048759DF836
:1041C0002B000C9900EBC00201EB820108759DF8F1
:1041D0002B000C9900EBC00201EB8201C8850C9802
:1041E0009DF82B1001EBC10100EB81010020087646
:1041F0000C999DF82B2002EBC20201EB8201C861F1
:104200000C999DF82B2002EBC20201EB820108629F
:104210000C999DF82B2002EBC20201EB820148624F
:10422000FFE79DF82B0001308DF82B00B7E7002049
:104230008DF82B00FFE79DF82B000C990979884237
:104240003EDAFFE70C989DF82B1001EBC10100EB63
:104250008101002081F855029DF82B100C9A01EB8A
:10426000C10302EB830282F854120C999DF82B20B3
:1042700002EBC20201EB820181F858020C999DF811
:104280002B2002EBC20201EB8201C1F85C020C9907
:104290009DF82B2002EBC20201EB8201C1F8600203
:1042A0000C999DF82B2002EBC20201EB8201C1F8B0
:1042B0006402FFE79DF82B0001308DF82B00BAE770
:1042C0000C9B1868197C8DF8141059689A68DB6883
:1042D0000493039202910299039A049BDDF814C09F
:1042E000EE46CEF800C008F07FFF40B1FFE70C9922
:1042F000022081F8950401208DF837000FE00C9919
:104300000020019048740C99012081F895040C98C4
:10431000006808F053FF01988DF83700FFE79DF81B
:1043200037000EB080BD000080B58AB00990002033
:104330000890079006900590049009980068B0F1E5
:10434000A04F47D1FFE7FFE70020039043F630007E
:10435000C4F20200016841F001010160006800F050
:10436000010003900398FFE74FF4C050049002202F
:10437000059000200690032007900A200890002056
:10438000C4F2020004A9FDF781FFFFE743F6340100
:10439000C4F20201086840F080000860FFE70020D6
:1043A000029043F64400C4F20200016841F48041E7
:1043B0000160006800F4804002900298FFE7FFE788
:1043C0004320019000221146FEF748FF0198FEF7B6
:1043D0003BFFFFE70AB080BD80B582B001900120AD
:1043E0008DF803000198C07920B9FFE700208DF80F
:1043F00003000CE00198C079022804D1FFE70120F6
:104400008DF8030002E0FCF72FFCFFE7FFE70198BF
:10441000D0F8E0049DF8031007F086FF0198D0F86B
:10442000E00407F001FF02B080BD000080B582B05B
:1044300001900198D0F8E00407F044FF02B080BD7D
:1044400080B582B001900198D0F8E00407F04CFFED
:1044500002B080BD80B584B002908DF80710FFE7F0
:10446000029890F89404012804D1FFE702208DF807
:104470000F0019E00299012081F89404FFE7FFE79B
:104480009DF8070002994874029800689DF807108B
:1044900009F06CFDFFE70299002081F89404FFE722
:1044A00000208DF80F00FFE79DF80F0004B080BDDD
:1044B00080B582B001900199D1F8E00401F29C41ED
:1044C00007F05CFF02B080BD80B584B00290029816
:1044D00000680190FFE7029890F89404012804D145
:1044E000FFE702208DF80F0028E00299012081F8F3
:1044F0009404FFE7FFE70198C068400600280BD549
:10450000FFE70298407B012806D1FFE70199886BFD
:1045100040F480308863FFE70298006809F03AFBB6
:104520000298006808F034FEFFE70299002081F845
:104530009404FFE700208DF80F00FFE79DF80F00BF
:1045400004B080BD80B582B001900198D0F8E0043D
:1045500007F096FF01980168D1F8000E40F00100C5
:10456000C1F8000E0198C07A48B1FFE74EF610512D
:10457000CEF20001086840F006000860FFE702B0D4
:1045800080BD000080B584B002900191029820B9EE
:10459000FFE701208DF80F0021E1019843F600416B
:1045A000C4F20201096801F00701884212D9FFE74D
:1045B000019943F60040C4F202000170006800F067
:1045C00007000199884204D0FFE701208DF80F0011
:1045D00005E1FFE702980078800700282AD5FFE769
:1045E000029800784007002809D5FFE743F6080144
:1045F000C4F20201086840F4E0500860FFE7029846
:1046000000780007002809D5FFE743F60801C4F247
:104610000201086840F460400860FFE743F60801C3
:10462000C4F20201086820F0F000029A9268104378
:104630000860FFE702980078C00700286ED0FFE707
:1046400002984068012811D1FFE743F60000C4F248
:104650000200006800F400310020B0EB514F04D19B
:10466000FFE701208DF80F00B9E02CE002984068C8
:10467000022805D0FFE702984068032811D1FFE720
:1046800043F60000C4F20200006800F00071002050
:10469000B0EB516F04D1FFE701208DF80F009EE0D1
:1046A00010E043F60000C4F20200006800F00201CE
:1046B0000020B0EB510F04D1FFE701208DF80F006F
:1046C0008DE0FFE7FFE743F60801C4F20201086846
:1046D00020F00300029A526810430860FDF7DEFFE5
:1046E0000090FFE743F60800C4F20200006800F003
:1046F0000C0002994968B0EB810F0ED0FFE7FDF77F
:10470000CDFF0099401A41F28931884204D3FFE776
:1047100003208DF80F0062E0E4E7FFE7019843F61D
:104720000041C4F20201096801F00701884212D277
:10473000FFE7019943F60040C4F2020001700068EF
:1047400000F007000199884204D0FFE701208DF8AE
:104750000F0044E0FFE702980078400700280CD5DE
:10476000FFE743F60801C4F20201086820F4E050B4
:10477000029AD26810430860FFE7029800780007A9
:1047800000280DD5FFE743F60801C4F202010868CE
:1047900020F46040029A126940EAC2000860FFE714
:1047A00000F04CF843F60801C4F202010968C9B2EE
:1047B0000A094AF69C21C0F60101895CC84040F212
:1047C000C401C2F20001086040F2C010C2F2000051
:1047D0000068FEF7DBFC00208DF80F00FFE79DF876
:1047E0000F0004B080BD000040F2C400C2F200001F
:1047F0000068704780B5FFF7F7FF43F60801C4F281
:1048000002010968C1F382224AF6AC21C0F6010117
:10481000895CC84080BD000080B5FFF7E5FF43F626
:104820000801C4F20201096889B24A0B4AF6AC21B8
:10483000C0F60101895CC84080BD000080B586B02B
:104840000020059004900390029043F60800C4F203
:104850000200006800F00C000146019140B1FFE742
:10486000019804280AD0FFE7019808280CD04FE0EF
:1048700042F20040C0F2F40002904FE041F60030F6
:10488000C0F2B700029049E043F60400C4F202000F
:10489000016801F03F01059100684002002813D52E
:1048A000FFE743F60400C4F202000068C0F388107A
:1048B00041F60031C0F2B701A0FB0101059A0023C7
:1048C000FBF780FC049012E043F60400C4F20200FF
:1048D0000068C0F3881042F20041C0F2F401A0FB6E
:1048E0000101059A0023FBF76DFC0490FFE743F6F6
:1048F0000400C4F20200006800F44031022000EB22
:10490000D130039004980399B0FBF1F0029005E0D8
:1049100042F20040C0F2F4000290FFE7029806B0B5
:1049200080BD000080B586B00490049820B9FFE7F0
:1049300001208DF8170050E304980078C007002884
:1049400000F0A580FFE743F60800C4F2020000680B
:1049500000F00C00042813D0FFE743F60800C4F26F
:104960000200006800F00C0008281ED1FFE743F6A3
:104970000400C4F2020000684002002815D5FFE7D9
:1049800043F60000C4F20200006800F40031002089
:10499000B0EB514F08D0FFE70498406820B9FFE71B
:1049A00001208DF8170018E370E0FFE704984068D5
:1049B000B0F5803F09D1FFE743F60001C4F20201E0
:1049C000086840F48030086020E004984068B0F542
:1049D000A02F0DD1FFE743F60001C4F202010868E1
:1049E00040F480200860086840F4803008600CE0E3
:1049F00043F60001C4F20201086820F48030086028
:104A0000086820F480200860FFE7FFE7FFE70498CC
:104A10004068E8B1FFE7FDF741FE0390FFE743F68A
:104A20000000C4F20200006800F400310020B0EB86
:104A3000514F0CD1FFE7FDF731FE0399401A65286D
:104A400004D3FFE703208DF81700C6E2E7E71CE078
:104A5000FDF724FE0390FFE743F60000C4F20200D6
:104A6000006800F400310020B0EB514F0CD0FFE79C
:104A7000FDF714FE0399401A652804D3FFE70320CD
:104A80008DF81700A9E2E7E7FFE7FFE7FFE70498E3
:104A900000788007002840F19680FFE743F6080081
:104AA000C4F20200006810F00C0F13D0FFE743F6C9
:104AB0000800C4F20200006800F00C0008282CD1A5
:104AC000FFE743F60400C4F2020000684002002839
:104AD00023D4FFE743F60000C4F20200006800F0B0
:104AE00002010020B0EB510F09D0FFE70498C06825
:104AF000012804D0FFE701208DF817006DE243F68E
:104B00000001C4F20201086820F0F800049A12695A
:104B100040EAC2000860FFE754E00498C06870B340
:104B2000FFE70021C4F2472101200860FDF7B6FD30
:104B30000390FFE743F60000C4F20200006800F0B3
:104B400002010020B0EB510F0CD1FFE7FDF7A6FDED
:104B50000399401A032804D3FFE703208DF81700B8
:104B60003BE2E7E743F60001C4F20201086820F0E7
:104B7000F800049A126940EAC200086021E00021AE
:104B8000C4F2472100200860FDF788FD0390FFE78D
:104B900043F60000C4F20200006800F002010020A9
:104BA000B0EB510F0CD0FFE7FDF778FD0399401AE9
:104BB000032804D3FFE703208DF817000DE2E7E791
:104BC000FFE7FFE7FFE704980078000700284BD5D0
:104BD000FFE70498406918B3FFE740F68061C4F22C
:104BE000472101200860FDF759FD0390FFE743F6D8
:104BF0007400C4F20200006800F002010020B0EB73
:104C0000510F0CD1FFE7FDF749FD0399401A032826
:104C100004D3FFE703208DF81700DEE1E7E722E089
:104C200040F68061C4F2472100200860FDF736FDA0
:104C30000390FFE743F67400C4F20200006800F03E
:104C400002010020B0EB510F0CD0FFE7FDF726FD6D
:104C50000399401A032804D3FFE703208DF81700B7
:104C6000BBE1E7E7FFE7FFE704980078400700288B
:104C700040F1CE80FFE700208DF8070043F64000AA
:104C8000C4F202000068C000002815D4FFE7FFE767
:104C90000020009043F64000C4F20200016841F099
:104CA00080510160006800F0805000900098FFE79C
:104CB00001208DF80700FFE747F20000C4F2000072
:104CC0000068C005002822D4FFE747F20001C4F2C3
:104CD0000001086840F480700860FDF7DFFC039075
:104CE000FFE747F20000C4F200000068C00500289A
:104CF0000CD4FFE7FDF7D2FC0399401A032804D334
:104D0000FFE703208DF8170067E1EAE7FFE7FFE719
:104D100004988068012809D1FFE743F67001C4F2C6
:104D20000201086840F0010008601FE004988068F4
:104D300005280DD1FFE743F67001C4F202010868AF
:104D400040F004000860086840F0010008600CE0D2
:104D500043F67001C4F20201086820F00100086007
:104D6000086820F004000860FFE7FFE7FFE7049809
:104D70008068F8B1FFE7FDF791FC0390FFE743F689
:104D80007000C4F20200006800F002010020B0EBE5
:104D9000510F0ED1FFE7FDF781FC0399401A41F254
:104DA0008931884204D3FFE703208DF8170014E10E
:104DB000E5E71EE0FDF772FC0390FFE743F67000A5
:104DC000C4F20200006800F002010020B0EB510FB5
:104DD0000ED0FFE7FDF762FC0399401A41F28931DA
:104DE000884204D3FFE703208DF81700F5E0E5E7DC
:104DF000FFE79DF80700012809D1FFE743F64001CE
:104E0000C4F20201086820F080500860FFE7FFE765
:104E100004988069002800F0DC80FFE743F6080072
:104E2000C4F20200006800F00C00082800F0858041
:104E3000FFE70498806902285CD1FFE76021C4F293
:104E4000472100200860FDF729FC0390FFE743F6A7
:104E50000000C4F20200006800F000710020B0EB16
:104E6000516F0CD0FFE7FDF719FC0399401A032896
:104E700004D3FFE703208DF81700AEE0E7E70499BD
:104E8000C869D1F820C04B6A8A6A40EA0C0040EA3F
:104E90008310D2034FF6FF739A43A2F5803210437A
:104EA000C96A40EA016043F60401C4F202010860E5
:104EB0006021C4F2472101200860FDF7EFFB039059
:104EC000FFE743F60000C4F20200006800F0007142
:104ED0000020B0EB516F0CD1FFE7FDF7DFFB03992A
:104EE000401A032804D3FFE703208DF8170074E06D
:104EF000E7E721E06021C4F2472100200860FDF7C8
:104F0000CDFB0390FFE743F60000C4F20200006807
:104F100000F000710020B0EB516F0CD0FFE7FDF7FF
:104F2000BDFB0399401A032804D3FFE703208DF843
:104F3000170052E0E7E7FFE74AE00498806901289C
:104F400004D1FFE701208DF8170046E043F6040086
:104F5000C4F202000068029004988069012831D0F0
:104F6000FFE7029800F480000499C969884229D1BA
:104F7000FFE7029800F03F000499096A884221D1B6
:104F8000FFE7029847F6C07108400499496AB0EB00
:104F9000811F17D1FFE7029800F440300499896A15
:104FA000C9034FF6FF729143A1F58031884209D1C0
:104FB000FFE7029800F070600499C96AB0EB016FD6
:104FC00004D0FFE701208DF8170006E0FFE7FFE7B8
:104FD000FFE700208DF81700FFE79DF8170006B0E7
:104FE00080BD000081B0009001B0704780B584B0F2
:104FF0000290029820B9FFE701208DF80F0072E0BF
:105000000298406A60B9FFE702984068B0F5827F75
:1050100001D1FFE703E002990020C861FFE705E046
:1050200002990020086102994861FFE70299002077
:105030008862029890F8510040B9FFE70299002079
:1050400081F85000029800F053F8FFE7029902201F
:1050500081F8510002980168086820F0400008605B
:10506000029A019211685068D2F808C0D36800F41F
:1050700082700CF4044C604403F400631844136918
:1050800003F002031844536903F0010318449369C1
:1050900003F400731844D36903F038031844136A07
:1050A00003F080031843926A02F400521043086030
:1050B000029801688369426A042000EA134002F002
:1050C00010021044486002980168C86920F400602A
:1050D000C861029900204865029A012182F85110A6
:1050E0008DF80F00FFE79DF80F0004B080BD0000B1
:1050F00080B590B00F9000200E900D900C900B900A
:105100000A900F98006843F20001C4F2010188423E
:1051100040F0C080FFE7FFE70020099043F644001D
:10512000C4F20200016841F480510160006800F49B
:10513000805009900998FFE7FFE70020089043F6A8
:105140003000C4F20200016841F002010160006811
:1051500000F0020008900898FFE7FFE700200790A2
:1051600043F63000C4F20200016841F00101016021
:10517000006800F0010007900798FFE718200A90E8
:10518000022001900B90012002900C9003200590CA
:105190000D90052003900E9040F20040C4F20200F2
:1051A0000AA90491FDF772F8DDF804C0029B039888
:1051B0000499059A4FF0800ECDF828E0CDF82CC068
:1051C0000C930D920E900020C4F20200FDF75EF8E1
:1051D000059A44F61030C2F20000069046F24041B3
:1051E000C4F2020101604FF0C061416000218160A2
:1051F000C1604FF48063036141618161C1614FF41B
:1052000040330362042343628262C1620163FCF79C
:10521000DFFE18B1FFE7FBF727FDFFE7FFE70F9879
:1052200044F61031C2F20001C1640F988863FFE7B1
:1052300044F67030C2F20000009046F25841C4F2C9
:10524000020101604FF0C061416040218160002196
:10525000C1604FF48062026141618161C1614FF4BC
:10526000003202620422426203228262C16201634E
:10527000FCF7AEFE18B1FFE7FBF7F6FCFFE7FFE730
:105280000F9844F67031C2F2000181640F98886370
:10529000FFE7FFE710B080BD81B0009001B070471C
:1052A00081B0009001B0704780B58CB0DDF838C097
:1052B0000A9009910892ADF81E3001200390FDF785
:1052C000EDF904900A9890F851008DF817000A98AB
:1052D00040680690BDF81E00ADF81C009DF8170050
:1052E000012812D0FFE70698B0F5827F09D1FFE7C9
:1052F0000A98806828B9FFE79DF81700042804D0B1
:10530000FFE702208DF82F009BE1099838B1FFE7F5
:10531000089820B1FFE7BDF81E0020B9FFE7012083
:105320008DF82F008DE1FFE70A9890F850000128D2
:1053300004D1FFE702208DF82F0082E10A990120B5
:1053400081F85000FFE7FFE70A9890F85100042821
:1053500005D0FFE70A99052081F85100FFE70A9977
:105360000020486508990A9A9163BDF81E100A9AB0
:10537000D187BDF81E100A9A918709990A9A11637C
:10538000BDF81E100A9AD186BDF81E100A9A9186A1
:105390000A9908640A9948640A980068006800F04D
:1053A0004000402807D0FFE70A980168086840F0ED
:1053B00040000860FFE70A98C068B0F5006F40F051
:1053C0008180FFE70A98406828B1FFE7BDF81C001C
:1053D00001280ED1FFE70A980168006B0088C860B9
:1053E0000A99086B023008630A99C88E0138C8868A
:1053F000FFE7FFE70A98C18E0120019039B9FFE766
:105400000A98C08F002818BF01200190FFE701987B
:10541000C007002855D0FFE70A9800688068800719
:10542000002818D5FFE70A98C08EA0B1FFE70398BF
:10543000012810D1FFE70A980168006B0088C86056
:105440000A99086B023008630A99C88E0138C88629
:1054500000200390FFE70A9800688068C007A8B1A1
:10546000FFE70A98C08F88B1FFE70A980068C06814
:105470000A99896B08800A99886B023088630A99B7
:10548000C88F0138C88701200390FFE7FDF706F9B0
:105490000499401A0E99884212D3FFE70E98013002
:1054A00070B1FFE70A99012081F85100FFE70A99DE
:1054B000002081F85000FFE703208DF82F00C0E0A6
:1054C00098E782E00A98406828B1FFE7BDF81C0021
:1054D00001280ED1FFE70A980168006B0078087375
:1054E0000A99086B013008630A99C88E0138C8868A
:1054F000FFE7FFE70A98C18E0120009039B9FFE766
:105500000A98C08F002818BF01200090FFE700987C
:10551000C007002858D0FFE70A9800688068800715
:10552000002818D5FFE70A98C08EA0B1FFE70398BE
:10553000012810D1FFE70A980168006B0078087312
:105540000A99086B013008630A99C88E0138C88629
:1055500000200390FFE70A9800688068C007A8B1A0
:10556000FFE70A98C08F88B1FFE70A980068C06813
:105570000A99896B08700A99886B013088630A99C7
:10558000C88F0138C88701200390FFE7FDF786F830
:105590000499401A0E99884204D3FFE70E9801300F
:1055A00018B9FFE70E9870B9FFE70A99012081F852
:1055B0005100FFE70A99002081F85000FFE703201F
:1055C0008DF82F003DE095E7FFE70A980E99049AC1
:1055D00003F0E2FC68B1FFE70A9920204865FFE785
:1055E0000A99002081F85000FFE701208DF82F0074
:1055F00027E00A98806870B9FFE7FFE70020029073
:105600000A980068C06802900A9800688068029052
:105610000298FFE7FFE70A99012081F85100FFE7B0
:105620000A99002081F85000FFE70A98406D20B1E8
:10563000FFE701208DF82F0003E000208DF82F00F8
:10564000FFE79DF82F000CB080BD000080B588B04A
:10565000069005910492ADF80E30069890F851002E
:105660008DF807000698406802909DF80700012811
:1056700012D0FFE70298B0F5827F09D1FFE70698C4
:10568000806828B9FFE79DF80700042804D0FFE7E9
:1056900002208DF81F00DFE0059838B1FFE704987D
:1056A00020B1FFE7BDF80E0020B9FFE701208DF81B
:1056B0001F00D1E0FFE7069890F85000012804D1C0
:1056C000FFE702208DF81F00C6E00699012081F84F
:1056D0005000FFE7FFE7069890F85100042805D036
:1056E000FFE70699052081F85100FFE706990020A1
:1056F00048650599069A1163BDF80E10069A9186C1
:10570000BDF80E10069AD1860499069A9163BDF8E9
:105710000E10069A9187BDF80E10069AD187069949
:10572000086406994864069890F8510004280FD13F
:10573000FFE70698C16C48F65950C0F600000864AF
:105740000698C16C48F68950C0F60000C8630EE0A8
:105750000698C16C48F67150C0F6000008640698BF
:10576000C16C48F62D60C0F60000C863FFE70698DC
:10577000C16C48F62550C0F60000C8640698C16C9C
:1057800000200865069B19689A6BD86C0C31DB8F7A
:10579000FCF7D6FC78B1FFE70699486D40F01000A1
:1057A0004865FFE70699002081F85000FFE70120D7
:1057B0008DF81F0050E006980168486840F001002D
:1057C00048600698816C002008640699896CC8635B
:1057D0000699896CC8640699896C0865069B1A68E5
:1057E000196B986C0C32DB8EFCF7AAFC78B1FFE7E2
:1057F0000699486D40F010004865FFE706990020C3
:1058000081F85000FFE701208DF81F0024E0069882
:105810000068006800F04000402807D0FFE70698C5
:105820000168086840F040000860FFE7FFE706995C
:10583000002081F85000FFE706980168486840F0B2
:105840002000486006980168486840F002004860FF
:1058500000208DF81F00FFE79DF81F0008B080BDF5
:1058600080B584B003900398006843F20001C4F24D
:105870000101884213D1FFE740F2C051C2F200019A
:10588000029148680989FCF7DDFE0299D1F81031D0
:10589000B1F80A2101F10A008A31984739E00398EA
:1058A000006843F60001C4F20001884213D1FFE70B
:1058B00040F2D461C2F20001019148680989FCF705
:1058C000C1FE0199D1F81031B1F80A2101F10A00A5
:1058D0008A3198471CE00398006843F60041C4F2FF
:1058E0000001884213D1FFE740F2E871C2F20001E3
:1058F000009148680989FCF7A5FE0099D1F810319C
:10590000B1F80A2101F10A008A319847FFE7FFE761
:10591000FFE704B080BD000081B0009001B0704787
:1059200080B582B00190019803F020FD02B080BDE7
:1059300081B0009001B0704781B0009001B0704715
:1059400084B00290019100200090FFE7029890F847
:105950003C00012804D1FFE702208DF80F0044E04D
:105960000299012081F83C00FFE7FFE7009820F052
:10597000FF000199C96808430090009820F4407026
:105980000199896808430090009820F4806001998B
:10599000496808430090009820F400600199096864
:1059A00008430090009820F4805001990969084349
:1059B0000090009820F40050019949690843009034
:1059C000009820F480400199C9690843009000982C
:1059D000029909684864FFE70299002081F83C00B9
:1059E000FFE700208DF80F00FFE79DF80F0004B0DF
:1059F0007047000085B003900291FFE7039890F88C
:105A00003C00012804D1FFE702208DF813007EE05E
:105A10000399012081F83C00FFE7FFE7039902208A
:105A200081F83D0003980068406801900398006881
:105A300080680090019820F0700001900298016841
:105A400001980843019001980399096848600398F8
:105A500000680021C4F2010188423CD0FFE70398AE
:105A60000068B0F1804F36D0FFE70398006840F23D
:105A70000041C4F2000188422DD0FFE7039800687E
:105A800040F60001C4F20001884224D0FFE70398E9
:105A9000006840F60041C4F2000188421BD0FFE7D5
:105AA0000398006840F20041C4F20101884212D01C
:105AB000FFE70398006844F20001C4F20101884244
:105AC00009D0FFE70398006841F60001C4F2000125
:105AD00088420ED1FFE7009820F0800000900298E5
:105AE000416800980843009000980399096888600D
:105AF000FFE70399012081F83D00FFE703990020AB
:105B000081F83C00FFE700208DF81300FFE79DF8C7
:105B1000130005B07047000080B582B00090009877
:105B200020B9FFE701208DF807003FE0009890F8CA
:105B30003D0040B9FFE70099002081F83C00009843
:105B400000F038F8FFE70099022081F83D00009945
:105B500051F8040B03F0B0FC0099012081F84600D5
:105B6000FFE70099012081F83E00009981F83F008D
:105B7000009981F84000009981F84100FFE7FFE7B4
:105B80000099012081F84200009981F843000099B2
:105B900081F84400009981F84500FFE70099012051
:105BA00081F83D0000208DF80700FFE79DF8070011
:105BB00002B080BD80B588B00790079800680021CA
:105BC000C4F20101884212D1FFE7FFE700200690EE
:105BD00043F64400C4F20200016841F00101016093
:105BE000006800F0010006900698FFE781E0079842
:105BF000006840F20041C4F20001884212D1FFE780
:105C0000FFE70020059043F64000C4F2020001685F
:105C100041F002010160006800F002000590059863
:105C2000FFE765E00798006840F60001C4F2000154
:105C300088421BD1FFE7FFE70020049043F64000B5
:105C4000C4F20200016841F004010160006800F044
:105C5000040004900498FFE71E2001900121002217
:105C6000FDF7FCFA0198FDF7EFFA40E007980068AD
:105C700040F60041C4F2000188421BD1FFE7FFE774
:105C80000020039043F64000C4F20200016841F096
:105C900008010160006800F0080003900398FFE726
:105CA0003220009001210022FDF7D8FA0098FDF77C
:105CB000CBFA1BE00798006844F20041C4F20101EE
:105CC000884212D1FFE7FFE70020029043F644002C
:105CD000C4F20200016841F400310160006800F480
:105CE000003002900298FFE7FFE7FFE7FFE7FFE7DA
:105CF000FFE708B080BD000083B00190019890F8E4
:105D00003D00012804D0FFE701208DF80B006AE078
:105D10000199022081F83D0001980168C86840F0AF
:105D20000100C860019800680021C4F201018842A6
:105D30003CD0FFE701980068B0F1804F36D0FFE714
:105D40000198006840F20041C4F2000188422DD061
:105D5000FFE70198006840F60001C4F200018842A4
:105D600024D0FFE70198006840F60041C4F200012A
:105D700088421BD0FFE70198006840F20041C4F25E
:105D80000101884212D0FFE70198006844F2000147
:105D9000C4F20101884209D0FFE70198006841F68A
:105DA0000001C4F20001884212D1FFE701980068A7
:105DB000806800F0070000900098062807D0FFE7F1
:105DC00001980168086840F001000860FFE706E0FC
:105DD00001980168086840F001000860FFE70020B2
:105DE0008DF80B00FFE79DF80B0003B07047000033
:105DF00080B586B00490039100208DF80B00FFE77A
:105E0000049890F83C00012804D1FFE702208DF8A7
:105E10001700ABE00499012081F83C00FFE7FFE7A1
:105E20000499022081F83D00049800688068019080
:105E3000019820F077000190019820F47F400190B4
:105E40000198049909688860039800680090002808
:105E500072D0FFE7009810286ED0FFE70098202846
:105E60006AD0FFE70098302866D0FFE70098402806
:105E700055D0FFE70098502837D0FFE700986028FA
:105E800040D0FFE7009870280BD0FFE70098B0F5EE
:105E9000805F05D0FFE70098B0F5005F16D052E0B4
:105EA00055E004980068039B5A689968DB6803F022
:105EB00063FC0498006880680190019840F07700C6
:105EC0000190019804990968886040E0049800688E
:105ED000039B5A689968DB6803F04EFC04980168DC
:105EE000886840F48040886031E004980068039A34
:105EF0005168D26803F036FF04980068502103F01F
:105F000055FC24E004980068039A5168D26803F0B5
:105F100051FF04980068602103F048FC17E00498E2
:105F20000068039A5168D26803F01CFF0498006867
:105F3000402103F03BFC0AE00498006803990968DB
:105F400003F034FC03E001208DF80B00FFE7049917
:105F5000012081F83D00FFE70499002081F83C0012
:105F6000FFE79DF80B008DF81700FFE79DF817007D
:105F700006B080BD81B0009001B0704780B584B09C
:105F8000039003980068C068029003980068006955
:105F900001909DF804008007002824D5FFE79DF8B4
:105FA0000800800700281DD5FFE7039801686FF0FF
:105FB000020008610399012008770398006880694E
:105FC000800720B1FFE70398FFF7D4FF06E00398AE
:105FD00000F044F9039800F039FAFFE70399002034
:105FE0000877FFE7FFE79DF804004007002825D564
:105FF000FFE79DF80800400700281ED5FFE703983B
:1060000001686FF004000861039902200877039883
:106010000068806910F4407F04D0FFE70398FFF721
:10602000A9FF06E0039800F019F9039800F00EFAB2
:10603000FFE7039900200877FFE7FFE79DF80400DA
:106040000007002824D5FFE79DF808000007002876
:106050001DD5FFE7039801686FF0080008610399F8
:106060000420087703980068C069800720B1FFE723
:106070000398FFF77FFF06E0039800F0EFF803981E
:1060800000F0E4F9FFE7039900200877FFE7FFE756
:106090009DF80400C006002825D5FFE79DF80800FC
:1060A000C00600281ED5FFE7039801686FF01000B6
:1060B000086103990820087703980068C06910F404
:1060C000407F04D0FFE70398FFF754FF06E00398F2
:1060D00000F0C4F8039800F0B9F9FFE70399002035
:1060E0000877FFE7FFE79DF80400C00778B1FFE7F6
:1060F0009DF80800C00748B1FFE7039801686FF0FA
:1061000001000861039800F08BFAFFE7FFE79DF8B4
:1061100004000006002810D5FFE79DF808000006DF
:10612000002809D5FFE7039801686FF08000086137
:106130000398FFF7FDFBFFE7FFE79DF8040040062B
:10614000002810D5FFE79DF808004006002809D573
:10615000FFE7039801686FF040000861039800F0C2
:106160004DFBFFE7FFE79DF804008006002810D5EF
:10617000FFE79DF808008006002809D5FFE703988F
:1061800001686FF0200008610398FFF7D5FBFFE777
:10619000FFE704B080BD000080B588B00790002004
:1061A00006900590049003900290079800680021E3
:1061B000C4F20101884223D1FFE7FFE700200190EC
:1061C00043F63000C4F20200016841F010010160A2
:1061D000006800F0100001900198FFE74FF40050B4
:1061E0000290022003900020049005900120069068
:1061F00041F20000C4F2020002A9FCF747F82BE0CC
:106200000798006844F20041C4F20101884222D19B
:10621000FFE7FFE70020009043F63000C4F20200E1
:10622000016841F020010160006800F0200000904A
:106230000098FFE740200290022003900021049183
:1062400005900320069041F20040C4F2020002A92A
:10625000FCF71CF8FFE7FFE708B080BD81B00090B5
:1062600001B0704780B586B004900391029200207F
:106270008DF80700FFE7049890F83C00012804D14E
:10628000FFE702208DF8170089E00499012081F8CA
:106290003C00FFE7FFE7029800900C2800F27080B6
:1062A0000099DFE801F0076D6D6D206D6D6D3A6D41
:1062B0006D6D530004980068039903F097FB0498F0
:1062C0000168886940F0080088610498016888695D
:1062D00020F00400886103980269049801688869C5
:1062E0001043886150E004980068039903F0F4FBC0
:1062F00004980168886940F4006088610498016826
:10630000886920F4806088610398026904980168B4
:10631000886940EA0220886136E0049800680399A1
:1063200003F054FC04980168C86940F00800C86193
:1063300004980168C86920F00400C86103980269E4
:1063400004980168C8691043C8611DE0049800689A
:10635000039903F0B5FC04980168C86940F4006033
:10636000C86104980168C86920F48060C861039816
:10637000026904980168C86940EA0220C86103E024
:1063800001208DF80700FFE7FFE70499002081F85E
:106390003C00FFE79DF807008DF81700FFE79DF828
:1063A000170006B080BD000080B582B00090009854
:1063B00020B9FFE701208DF807003FE0009890F832
:1063C0003D0040B9FFE70099002081F83C000098AB
:1063D00000F038F8FFE70099022081F83D000099AD
:1063E00051F8040B03F068F80099012081F8460089
:1063F000FFE70099012081F83E00009981F83F00F5
:10640000009981F84000009981F84100FFE7FFE71B
:106410000099012081F84200009981F84300009919
:1064200081F84400009981F84500FFE700990120B8
:1064300081F83D0000208DF80700FFE79DF8070078
:1064400002B080BD81B0009001B0704781B0009073
:1064500001B0704780B58CB00A900991099828B9AD
:10646000FFE70A9890F83E0007901CE0099804287E
:1064700005D1FFE70A9890F83F00069010E00998D0
:10648000082805D1FFE70A9890F84000059004E03D
:106490000A9890F841000590FFE705980690FFE7FD
:1064A00006980790FFE70798012804D0FFE701202E
:1064B0008DF82F00AFE0099828B9FFE70A9902206C
:1064C00081F83E001EE00998042806D1FFE70A99EA
:1064D000022081F83F00049012E00998082806D1B4
:1064E000FFE70A99022081F84000039005E00A992D
:1064F000022081F841000390FFE703980490FFE732
:106500000498FFE70A98006809990122019203F0B4
:1065100017F901980A9909680022C4F20102914210
:1065200002900CD0FFE70A9800684FF60041CBF6C6
:10653000FE710844B0FA80F040090290FFE702982B
:10654000C00738B1FFE70A980168486C40F4004082
:106550004864FFE70A9800680021C4F201018842FC
:106560003CD0FFE70A980068B0F1804F36D0FFE7D3
:106570000A98006840F20041C4F2000188422DD020
:10658000FFE70A98006840F60001C4F20001884263
:1065900024D0FFE70A98006840F60041C4F20001E9
:1065A00088421BD0FFE70A98006840F20041C4F21D
:1065B0000101884212D0FFE70A98006844F2000106
:1065C000C4F20101884209D0FFE70A98006841F649
:1065D0000001C4F20001884212D1FFE70A98006866
:1065E000806800F0070008900898062807D0FFE7A9
:1065F0000A980168086840F001000860FFE706E0BB
:106600000A980168086840F001000860FFE7002070
:106610008DF82F00FFE79DF82F000CB080BD000023
:1066200080B582B00190019800680021C4F2010198
:10663000884207D1FFE740F62C10C2F20000406804
:106640008047D9E001980068B0F1804F07D1FFE79B
:1066500040F63410C2F2000040688047CBE0019859
:10666000006840F20041C4F20001884207D1FFE710
:1066700040F63C10C2F2000040688047BAE0019842
:10668000006840F60001C4F20001884207D1FFE72C
:1066900040F64410C2F2000040688047A9E001982B
:1066A000006840F60041C4F20001884207D1FFE7CC
:1066B00040F64C10C2F200004068804798E0019814
:1066C000006841F20001C4F20001884207D1FFE7EF
:1066D00040F65410C2F200004068804787E00198FD
:1066E000006841F20041C4F20001884207D1FFE78F
:1066F00040F65C10C2F200004068804776E00198E6
:10670000006840F20041C4F20101884207D1FFE76E
:1067100040F66410C2F200004068804765E00198CE
:10672000006844F20001C4F20101884207D1FFE78A
:1067300040F66C10C2F200004068804754E00198B7
:10674000006844F20041C4F20101884207D1FFE72A
:1067500040F60410C2F200004068804743E0019810
:10676000006844F60001C4F20101884207D1FFE746
:1067700040F60C10C2F200004068804732E00198F9
:10678000006841F60001C4F20001884207D1FFE72A
:1067900040F61410C2F200004068804721E00198E2
:1067A000006841F60041C4F20001884207D1FFE7CA
:1067B00040F61C10C2F200004068804710E00198CB
:1067C000006842F20001C4F20001884207D1FFE7ED
:1067D00040F62410C2F2000040688047FFE7FFE760
:1067E000FFE7FFE7FFE7FFE7FFE7FFE7FFE7FFE779
:1067F000FFE7FFE7FFE7FFE702B080BD81B0009051
:1068000001B0704780B586B004900391ADF80A20BE
:10681000049890F8420020284DD1FFE7039820B15A
:10682000FFE7BDF80A0020B9FFE701208DF8170047
:1068300045E0049901200863049900204863049806
:106840000399BDF80A2003F0A9FF8DF809009DF80F
:10685000090058BBFFE70498006B012821D1FFE72E
:10686000FFE70020019004980068006801900498F8
:106870000068406801900198FFE7FFE7FFE7049890
:10688000006850E8030F40F010000090FFE7009907
:106890000498026842E803100028F0D1FFE7FFE700
:1068A00003E001208DF80900FFE7FFE79DF80900EC
:1068B0008DF8170003E002208DF81700FFE79DF820
:1068C000170006B080BD000080B58EB00D90ADF809
:1068D00032100D98006841F20001C4F201018842B3
:1068E00021D1FFE7BDF8321040F67410C2F200006B
:1068F0000A90A0F80811D0F80C21BDF832108430AD
:106900000B9090470A9A0B990D98B2F80421FFF763
:1069100079FF44F6D030C2F200000168086820F028
:1069200008000860C0E00D98006844F20041C4F21D
:106930000001884218D1FFE7BDF8321040F68420EC
:10694000C2F200000890A0F80811D0F80C21BDF8A0
:106950003210843009909047089A09990D98B2F83E
:106960000421FFF74FFF9EE00D98006844F60001F8
:10697000C4F20001884226D1FFE7BDF8321040F68C
:106980009430C2F200000690A0F80811D0F80C2153
:10699000BDF832108430079090470798BDF8321048
:1069A000F9F75AFC069A07990D98B2F80421FFF7F7
:1069B00029FF44F69040C2F200000168086820F008
:1069C000080008606EE00D98006844F60041C4F2CB
:1069D0000001884218D1FFE7BDF8321040F6A4400C
:1069E000C2F200000490A0F80811D0F80C21BDF804
:1069F0003210843005909047049A05990D98B2F8AA
:106A00000421FFF7FFFE4CE00D98006845F20001FD
:106A1000C4F20001884218D1FFE7BDF8321040F6F9
:106A2000B450C2F200000290A0F80811D0F80C2176
:106A3000BDF83210843003909047029A03990D9864
:106A4000B2F80421FFF7DEFE2AE00D98006841F25B
:106A50000041C4F20101884221D1FFE7BDF83210A4
:106A600040F6C460C2F200000090A0F80811D0F80F
:106A70000C21BDF83210843001909047009A0199A2
:106A80000D98B2F80421FFF7BDFE44F6F040C2F2C3
:106A900000000168086820F008000860FFE7FFE7D1
:106AA000FFE7FFE7FFE7FFE70EB080BD80B584B0EA
:106AB000039000200290039800684069C0B2C009AA
:106AC0000290039890F84100212823D1FFE7029813
:106AD00000B3FFE7FFE7FFE70398006850E8050F02
:106AE00020F080000190FFE701990398026842E8D6
:106AF00005100028F0D1FFE7FFE70398806B28B16D
:106B0000FFE70398806BFBF73BF8FFE7039803F080
:106B1000F1FBFFE7039800684069C0F38010029022
:106B2000039890F84200222823D1FFE7029800B38F
:106B3000FFE7FFE7FFE70398006850E8050F20F044
:106B400040000090FFE700990398026842E80510B2
:106B50000028F0D1FFE7FFE70398C06B28B1FFE7FB
:106B60000398C06BFBF70CF8FFE7039803F064FB96
:106B7000FFE7002004B080BD81B0009001B07047F5
:106B800080B592B01190119800680068109011982B
:106B90000068C0680F901198006840690E9000204E
:106BA0000D900C90109800F00F000D900D9888B982
:106BB000FFE79DF84000800600280AD5FFE79DF812
:106BC0003C008006002804D5FFE7119803F084FC00
:106BD000EAE1FFE70D98002800F0C280FFE79DF88A
:106BE0003800C00738B9FFE7BDF83C0010F4907FCB
:106BF00000F0B680FFE79DF84000C00758B1FFE7FE
:106C00009DF83D00C00730B1FFE71199486C40F096
:106C100001004864FFE79DF84000400700280BD5BD
:106C2000FFE79DF83800C00730B1FFE71199486CC5
:106C300040F002004864FFE79DF84000800700280C
:106C40000BD5FFE79DF83800C00730B1FFE7119979
:106C5000486C40F004004864FFE79DF840000007DE
:106C6000002811D5FFE79DF83C008006002805D4D8
:106C7000FFE79DF83800C00730B1FFE71199486C75
:106C800040F008004864FFE71198406C002866D087
:106C9000FFE79DF84000800600280AD5FFE79DF831
:106CA0003C008006002804D5FFE7119803F014FC8F
:106CB000FFE7119800684069C0F380100C901198AC
:106CC000406C0007002804D4FFE70C9800283ED051
:106CD000FFE7119803F0B0FA119800684069400688
:106CE00000282FD5FFE7FFE7FFE71198006850E87D
:106CF000050F20F040000B90FFE70B9911980268F8
:106D000042E805100028F0D1FFE7FFE71198C06BBB
:106D100098B1FFE71198C16B49F6E170C0F6000029
:106D200008651198C06BFAF7A1FF28B1FFE7119829
:106D3000C06B016D8847FFE703E01198FFF71CFF68
:106D4000FFE703E01198FFF717FFFFE706E0119850
:106D5000FFF712FF119900204864FFE7FFE723E1E6
:106D60001198006B012840F0FF80FFE79DF840007C
:106D7000C006002840F1F880FFE79DF83C00C006FF
:106D8000002840F1F180FFE7FFE700200A9011980A
:106D9000006800680A901198006840680A900A9894
:106DA000FFE71198006840694006002840F18280A2
:106DB000FFE71198C06B00684068ADF82600BDF889
:106DC0002600002875D0FFE7BDF826001199898DAF
:106DD00088426EDAFFE7BDF826001199C885119840
:106DE000C06BC069B0F5807F58D0FFE7FFE7FFE7D1
:106DF0001198006850E8030F20F480700890FFE7B6
:106E000008991198026842E803100028F0D1FFE7C2
:106E1000FFE7FFE7FFE71198006850E8050F20F053
:106E200001000790FFE707991198026842E80510F2
:106E30000028F0D1FFE7FFE7FFE7FFE711980068C0
:106E400050E8050F20F040000690FFE706991198E2
:106E5000026842E805100028F0D1FFE7FFE711992A
:106E6000202081F84200119900200863FFE7FFE726
:106E70001198006850E8030F20F010000590FFE71C
:106E800005991198026842E803100028F0D1FFE745
:106E9000FFE71198C06BFAF773FEFFE71199022024
:106EA00048631198818DC28D891A89B2FFF70CFD54
:106EB000FFE779E01199888DC98D401AADF812006D
:106EC0001198C08D00284ED0FFE7BDF812000028B1
:106ED00049D0FFE7FFE7FFE71198006850E8030F8C
:106EE00020F490700390FFE703991198026842E83C
:106EF00003100028F0D1FFE7FFE7FFE7FFE7119855
:106F0000006850E8050F20F001000290FFE70299A9
:106F10001198026842E805100028F0D1FFE7FFE76A
:106F20001199202081F84200119900200863FFE7A1
:106F3000FFE71198006850E8030F20F0100001905F
:106F4000FFE701991198026842E803100028F0D188
:106F5000FFE7FFE71199022048631198BDF812106E
:106F6000FFF7B2FCFFE71FE09DF840000006002895
:106F70000AD5FFE79DF83C000006002804D5FFE78E
:106F8000119803F091FC0FE09DF8400040060028A6
:106F90000AD5FFE79DF83C004006002804D5FFE72E
:106FA000119803F093F9FFE712B080BD80B582B06D
:106FB0000090009820B9FFE701208DF8070040E01D
:106FC0000098806908B1FFE700E0FFE7009890F8BB
:106FD000410040B9FFE70099002081F84000009887
:106FE00000F034F8FFE70099242081F84100009870
:106FF0000168C86820F40050C860009803F030FBB6
:1070000000980168086920F49040086100980168C0
:10701000486920F02A00486100980168C86840F477
:107020000050C860009900204864009A202182F82E
:107030004110009A82F84210009948638DF80700C9
:10704000FFE79DF8070002B080BD000080B59EB04C
:107050001D9000201C901B901A90199018901D985C
:10706000006841F20001C4F20101884240F0C4808E
:10707000FFE7FFE70020179043F64400C4F2020048
:10708000016841F010010160006800F010001790E5
:107090001798FFE7FFE70020169043F63000C4F290
:1070A0000200016841F002010160006800F0020086
:1070B00016901698FFE7FFE70020159043F6300082
:1070C000C4F20200016841F001010160006800F0B3
:1070D000010015901598FFE78020189002200B9072
:1070E000199000200F901A9003200E901B900720FB
:1070F0000C901C9040F20040C4F2020018A90D91BF
:10710000FBF7C4F8DDF82CC00C980D990E9A0F9B74
:107110004FF4007ECDF860E0CDF864C01A931B9266
:107120001C900020C4F20200FBF7B0F80E9A0F99F1
:1071300044F6D030C2F20000109046F28843C4F208
:10714000020303604FF0006343608160C1604FF44D
:107150008063036141618161C1614FF44033036227
:10716000042343628262C1620163FAF731FF18B1FE
:10717000FFE7F9F779FDFFE7FFE71D9844F6D03107
:10718000C2F20001C1631D988863FFE744F63040F6
:10719000C2F200000A9046F2B841C4F20201016056
:1071A0004FF000614160402181600021C1604FF4D7
:1071B0008062026141618161C1614FF4803202628B
:1071C0004162FAF705FF18B1FFE7F9F74DFDFFE758
:1071D000FFE71D9844F63041C2F2000181631D981B
:1071E0008863FFE72520099005210022FCF736F887
:1071F0000998FCF729F81CE11D98006844F6000185
:10720000C4F2000188426AD1FFE7FFE70020149032
:1072100043F64000C4F20200016841F4802101609D
:10722000006800F4802014901498FFE7FFE7002026
:10723000139043F63000C4F20200016841F00401EB
:107240000160006800F0040013901398FFE74FF40A
:107250004060189002201990002007901A90032097
:107260001B9007201C9040F60000C4F2020018A9F1
:10727000FBF70CF8079944F69040C2F20000089022
:1072800046F22802C4F2020202604FF0006242603D
:107290008160C1604FF48062026141618161C161BE
:1072A0004FF4403202624162FAF792FE18B1FFE7F2
:1072B000F9F7DAFCFFE7FFE71D9844F69041C2F2C8
:1072C0000001C1631D988863FFE727200690052110
:1072D0000022FBF7C3FF0698FBF7B6FFA8E01D9856
:1072E000006841F20041C4F20101884240F09F80F1
:1072F000FFE7FFE70020129043F64400C4F20200CB
:10730000016841F020010160006800F02000129047
:107310001298FFE7FFE70020119043F63000C4F217
:107320000200016841F040010160006800F0400087
:1073300011901198FFE74FF48440189002201990A3
:10734000002004901A90032003901B9008201C90AA
:1073500041F60000C4F2020018A9FAF797FF039A59
:10736000049944F6F040C2F20000059046F228432A
:10737000C4F2020303604FF0206343608160C16088
:107380004FF480630361416181614FF48073C36195
:107390004FF400330362042343628262C1620163DB
:1073A000FAF716FE18B1FFE7F9F75EFCFFE7FFE713
:1073B0001D9844F6F041C2F20001C1631D98886334
:1073C000FFE744F65050C2F20000029046F2A0419E
:1073D000C4F2020101604FF02061416040218160F0
:1073E0000021C1604FF48062026141618161C1612D
:1073F0004FF4803202624162FAF7EAFD18B1FFE70A
:10740000F9F732FCFFE7FFE71D9844F65051C2F24E
:10741000000181631D988863FFE7472001900521E3
:107420000022FBF71BFF0198FBF70EFFFFE7FFE7CA
:10743000FFE71EB080BD000081B0009001B0704732
:1074400081B0009001B0704780B586B00490039180
:10745000ADF80A20049890F8410020285DD1FFE79C
:10746000039820B1FFE7BDF80A0020B9FFE701202B
:107470008DF8170055E0039804990862BDF80A00DA
:1074800004998884BDF80A000499C88404990020EE
:107490004864049A212182F8411004998A6B4AF2C7
:1074A000A511C0F60001D16304998A6B4AF221212B
:1074B000C0F60001116404998A6B4AF20101C0F61A
:1074C0000001D1640499896B086503A801900498B0
:1074D0000268806B019909680432BDF80A30FAF736
:1074E0002FFE049801686FF040000860FFE7FFE797
:1074F0000498006850E8050F40F080000090FFE716
:1075000000990498026842E805100028F0D1FFE7CE
:10751000FFE700208DF8170003E002208DF8170028
:10752000FFE79DF8170006B080BD000081B0009015
:1075300001B0704781B0009001B07047FFE7FEE7EF
:1075400082B0009000980068406900F480610120DA
:10755000B0EB912F1ED1FFE7009801686FF48060B7
:107560004861009900200863009A202182F83D10AC
:10757000009981F83E000099086C40F0040008640E
:10758000FFE70099002081F83C00FFE701208DF81B
:10759000070003E000208DF80700FFE79DF80700D3
:1075A00002B0704780B586B0DDF824C0DDF820C099
:1075B0000490ADF80E10ADF80C20ADF80A30049828
:1075C0000168086840F480600860049801680868F1
:1075D00040F4807008600498089B09996A4611601D
:1075E0004FF00111002200F0C3F980B1FFE70498C9
:1075F00000680068C005002805D5FFE704994FF42E
:1076000000700864FFE703208DF81700B7E0BDF8AD
:107610000E0000F0FE000499096808610498089AB9
:10762000099B0221C0F2010100F026FA20B1FFE718
:1076300001208DF81700A2E0FFE7002001900498D8
:107640000068406901900498006880690190019881
:10765000FFE704980899099A00F026FB80B1FFE73C
:107660000498006C042807D1FFE7049801680868B3
:1076700040F400700860FFE701208DF817007EE0FD
:10768000BDF80A00012806D1FFE79DF80C00049917
:107690000968086121E09DF80D00049909680861F6
:1076A00004980899099A00F0FFFA80B1FFE704985E
:1076B000006C042807D1FFE704980168086840F4CB
:1076C00000700860FFE701208DF8170057E09DF873
:1076D0000C00049909680861FFE704980899099A61
:1076E00000F0E2FA80B1FFE70498006C042807D1AB
:1076F000FFE704980168086840F400700860FFE73D
:1077000001208DF817003AE004980168086840F4F9
:10771000807008600498089B09996A4611604FF0D0
:107720000111002200F024F980B1FFE704980068FD
:107730000068C005002805D5FFE704994FF40070E4
:107740000864FFE703208DF8170018E09DF80E008D
:1077500040F001000499096808610498089A099B9F
:107760000221C0F2010100F087F920B1FFE70120FA
:107770008DF8170003E000208DF81700FFE79DF853
:10778000170006B080BD000080B586B0DDF824C0CB
:10779000DDF820C00490ADF80E10ADF80C20ADF867
:1077A0000A3004980168086840F480700860049802
:1077B000089B09996A4611604FF00111002200F000
:1077C000D7F880B1FFE7049800680068C00500287A
:1077D00005D5FFE704994FF400700864FFE7032024
:1077E0008DF8170069E0BDF80E0000F0FE00049966
:1077F000096808610498089A099B0221C0F20101F6
:1078000000F03AF920B1FFE701208DF8170054E0AD
:10781000FFE70020019004980068406901900498F7
:107820000068806901900198FFE704980899099A17
:1078300000F03AFA80B1FFE70498006C042807D101
:10784000FFE704980168086840F400700860FFE7EB
:1078500001208DF8170030E0BDF80A00012806D19C
:10786000FFE79DF80C0004990968086121E09DF884
:107870000D0004990968086104980899099A00F0B4
:1078800013FA80B1FFE70498006C042807D1FFE7E2
:1078900004980168086840F400700860FFE7012060
:1078A0008DF8170009E09DF80C000499096808613B
:1078B000FFE700208DF81700FFE79DF8170006B0DE
:1078C00080BD000080B584B0029001910092FFE776
:1078D00002980068406900F004010020B0EB910FAD
:1078E0003ED1FFE70298FFF72BFE20B1FFE7012012
:1078F0008DF80F0038E00198013080B3FFE7FAF708
:10790000CDFE0099401A0199884203D8FFE70198FB
:1079100020BBFFE702980068406900F004010020E6
:10792000B0EB910F19D1FFE7029900200863029A8A
:10793000202182F83D10029981F83E000299086CDE
:1079400040F020000864FFE70299002081F83C0025
:10795000FFE701208DF80F0006E0FFE7FFE7B7E73C
:1079600000208DF80F00FFE79DF80F0004B080BDE8
:1079700080B588B0DDF828C0069005918DF81320F9
:107980000393FFE79DF8160001280CD1FFE7069846
:1079900000684069BDF814100840401AB0FA80F041
:1079A000400902900BE0069800688069BDF8141049
:1079B0000840401AB0FA80F040090290FFE70298B0
:1079C0009DF8131088424FD1FFE70398013000283B
:1079D00049D0FFE7FAF762FE0A99401A03998842F4
:1079E00003D8FFE70398E8BBFFE79DF816000128DE
:1079F0000CD1FFE7069800684069BDF814100840F4
:107A0000401AB0FA80F0400901900BE00698006837
:107A10008069BDF814100840401AB0FA80F040099F
:107A20000190FFE701989DF81310884219D1FFE7F4
:107A3000069900200863069A202182F83D100699D5
:107A400081F83E000699086C40F020000864FFE7CA
:107A50000699002081F83C00FFE701208DF81F0007
:107A600006E0FFE7FFE78DE700208DF81F00FFE746
:107A70009DF81F0008B080BD80B588B006900591C4
:107A800004920393FFE79DF8160001280CD1FFE74D
:107A9000069800684069BDF814100840401AB0FA12
:107AA00080F0400902900BE0069800688069BDF8FC
:107AB00014100840401AB0FA80F040090290FFE725
:107AC000029800287AD1FFE706980068406900F420
:107AD00080610120B0EB912F24D1FFE70698016867
:107AE000086840F400700860069801686FF48060D0
:107AF0004861069900200863069A202182F83D100B
:107B0000069981F83E000699086C40F0040008646C
:107B1000FFE70699002081F83C00FFE701208DF87F
:107B20001F004FE004980130002846D0FFE7FAF725
:107B3000B5FD0399401A0499884203D8FFE70498D9
:107B4000D0BBFFE79DF8160001280CD1FFE706988F
:107B500000684069BDF814100840401AB0FA80F07F
:107B6000400901900BE0069800688069BDF8141088
:107B70000840401AB0FA80F040090190FFE70198F0
:107B8000C8B9FFE7069900200863069A202182F809
:107B90003D10069981F83E000699086C40F02000DF
:107BA0000864FFE70699002081F83C00FFE7012008
:107BB0008DF81F0006E0FFE7FFE764E700208DF87F
:107BC0001F00FFE79DF81F0008B080BD80B584B09E
:107BD000029001910092FFE702980068406900F06E
:107BE00040010020B0EB911F56D1FFE702980068DA
:107BF000406900F010010120B0EB111F1CD1FFE71C
:107C0000029801686FF01000486102990020086333
:107C1000029A202182F83D10029981F83E000299D3
:107C2000086C0864FFE70299002081F83C00FFE738
:107C300001208DF80F0033E0FAF730FD0099401A6B
:107C40000199884203D8FFE7019820BBFFE702981B
:107C50000068406900F040010020B0EB911F19D18D
:107C6000FFE7029900200863029A202182F83D1064
:107C7000029981F83E000299086C40F020000864E7
:107C8000FFE70299002081F83C00FFE701208DF812
:107C90000F0005E0FFE79FE700208DF80F00FFE7EA
:107CA0009DF80F0004B080BD80B584B002900191B2
:107CB0000092FFE7029800684069C1B20020B0EB73
:107CC000D11F3DD1FFE70298FFF73AFC20B1FFE753
:107CD00001208DF80F0037E00198013078B3FFE7FD
:107CE000FAF7DCFC0099401A0199884203D8FFE7B3
:107CF000019818BBFFE7029800684069C1B20020F4
:107D0000B0EBD11F19D1FFE7029900200863029A56
:107D1000202182F83D10029981F83E000299086CFA
:107D200040F020000864FFE70299002081F83C0041
:107D3000FFE701208DF80F0006E0FFE7FFE7B9E756
:107D400000208DF80F00FFE79DF80F0004B080BD04
:107D500082B0019000910198006845F20041C4F2A0
:107D60000001884209D1FFE7019840F28C21C2F25C
:107D7000000108600098086125E00198006845F658
:107D80000001C4F20001884209D1FFE7019840F2E6
:107D9000A021C2F2000108600098086112E0019879
:107DA000006845F60041C4F20001884209D1FFE7AE
:107DB000019840F2B421C2F2000108600098086105
:107DC000FFE7FFE7FFE702B070470000B0B588B0FB
:107DD0008C4686460F980E990D990C9CCDF818E0AC
:107DE000ADF816C0ADF81420ADF81230ADF8101093
:107DF0008DF80F000698006845F20041C4F20001BA
:107E0000884243D1FFE7BDF8160040F28C21C2F250
:107E100000018880BDF81400C880BDF812000881F8
:107E20000C98C8609DF80F00C0B9FFE70698BDF830
:107E30001610BDF81420BDF81230DDF830C0BDF8C2
:107E400010400E9DEE46CEF80850CEF80440CEF815
:107E500000C0FAF77BFD8DF81F00B3E00698BDF86F
:107E60001610BDF81420BDF81230DDF830C0BDF892
:107E700010400E9DEE46CEF80850CEF80440CEF8E5
:107E800000C0FAF787FF8DF81F009BE00698006896
:107E900045F60001C4F20001884243D1FFE7BDF876
:107EA000160040F2A021C2F200018880BDF8140043
:107EB000C880BDF8120008810C98C8609DF80F00BA
:107EC000C0B9FFE70698BDF81610BDF81420BDF83C
:107ED0001230DDF830C0BDF810400E9DEE46CEF8F1
:107EE0000850CEF80440CEF800C0FAF72FFD8DF808
:107EF0001F0067E00698BDF81610BDF81420BDF805
:107F00001230DDF830C0BDF810400E9DEE46CEF8C0
:107F10000850CEF80440CEF800C0FAF73BFF8DF8C9
:107F20001F004FE00698006845F60041C4F20001CA
:107F3000884243D1FFE7BDF8160040F2B421C2F2F7
:107F400000018880BDF81400C880BDF812000881C7
:107F50000C98C8609DF80F00C0B9FFE70698BDF8FF
:107F60001610BDF81420BDF81230DDF830C0BDF891
:107F700010400E9DEE46CEF80850CEF80440CEF8E4
:107F800000C0FAF7E3FC8DF81F001BE00698BDF86F
:107F90001610BDF81420BDF81230DDF830C0BDF861
:107FA00010400E9DEE46CEF80850CEF80440CEF8B4
:107FB00000C0FAF7EFFE8DF81F0003E000208DF8F7
:107FC0001F00FFE79DF81F0008B0B0BD83B002900E
:107FD00001918DF8032000208DF802008DF8020039
:107FE000FFE79DF802009DF80310884229DAFFE7B9
:107FF0000298000F092809D8FFE70298000F3030D7
:1080000001999DF8022001F8120009E00299372039
:1080100000EB117001999DF8022001F81200FFE7B2
:1080200002980001029001989DF8021000EB4101B6
:1080300000204870FFE79DF8020001308DF8020033
:10804000CFE703B07047000080B582B044F600204F
:10805000C2F20000019046F20041C4F2000101604A
:108060000321416000218160C1604FF4C0220261A0
:108070004FF4A00242610176012242768276C176F7
:1080800001774177F9F7D2FA18B1FFE7F8F7ECFD7D
:10809000FFE702B080BD000080B582B044F6282022
:1080A000C2F20000019046F60001C4F20001016036
:1080B0000321416000218160C1604FF48022026190
:1080C0004FF4E00242610176012242768276C17667
:1080D00001774177F9F7AAFA18B1FFE7F8F7C4FD7D
:1080E000FFE702B080BD000080B58EB0FFE7002042
:1080F0000D9043F63000C4F20200016841F4001113
:108100000160006800F400100D900D98FFE7FFE794
:1081100000200C9043F63000C4F20200016841F4E4
:1081200080010160006800F480000C900C98FFE76B
:108130000C2001900521059100220A92FBF78EF890
:108140000198FBF781F80A9A0D2002901146FBF77F
:1081500085F80298FBF778F80A9A0F2003901146E9
:10816000FBF77CF80398FBF76FF805990A9A39201A
:108170000490FBF773F80498FBF766F805990A9AE0
:108180003A200690FBF76AF80698FBF75DF80A9A22
:108190003B2007901146FBF761F80798FBF754F86E
:1081A0000A9A442008901146FBF758F80898FBF704
:1081B0004BF80A9A452009901146FBF74FF80998A9
:1081C000FBF742F80A9A46200B901146FBF746F857
:1081D0000B98FBF739F80EB080BD000080B59CB05D
:1081E00000201B901A90199018901790FFE700201C
:1081F000169043F63000C4F20200016841F002011B
:108200000160006800F0020016901698FFE7FFE793
:108210000020159043F63000C4F20200016841F0DE
:1082200040010160006800F0400015901598FFE7DC
:10823000FFE70020149043F63000C4F2020001680A
:1082400041F001010160006800F0010014901498F1
:10825000FFE7FFE70020139043F63000C4F202006E
:10826000016841F008010160006800F00800139007
:108270001398FFE7FFE70020129043F63000C4F2A6
:108280000200016841F004010160006800F0040090
:1082900012901298FFE7FFE70020119043F630009C
:1082A000C4F20200016841F080010160006800F042
:1082B000800011901198FFE7FFE70020109043F62F
:1082C0003000C4F20200016841F020010160006842
:1082D00000F0200010901098FFE7FFE700200F90BB
:1082E00043F63000C4F20200016841F01001016061
:1082F000006800F010000F900F98FFE741F60000B3
:10830000C4F2020002904021019101220C92FAF77E
:10831000ADF90C9A0020C4F20200049010210391E0
:10832000FAF7A4F90C9A40F20040C4F20200069059
:108330001146FAF79BF9019A02980C991792189135
:1083400019911A9117A90791F9F7A0FF02980799B7
:108350000C9A09230A9317934FF404130593189367
:108360001992F9F793FF039B049807990C9A1793B6
:1083700018921992022208921A92F9F787FF059A29
:1083800007990C98302317931892199040F6000023
:10839000C4F20200F9F77AFF06980799089A0C9B35
:1083A0001793189319931A92F9F770FF08990620FA
:1083B000099000220D92FAF751FF0998FAF744FF4D
:1083C0000A980C990D9AFAF749FF0A98FAF73CFFB8
:1083D0000C990D9A0A200B90FAF740FF0B98FAF7C8
:1083E00033FF0C990D9A17200E90FAF737FF0E986D
:1083F000FAF72AFF1CB080BD80B582B044F6B050B9
:10840000C2F20000019045F60041C4F20001016093
:1084100041F68021C0F20601416000218160C16007
:108420004FF48042026141618161C1610162FAF7EA
:108430003BF918B1FFE7F8F717FCFFE702B080BD82
:1084400080B582B045F2E820C2F20000019043F20C
:108450000001C4F2010101604FF48271416000210A
:108460008160C16002220261012242614FF4007208
:1084700082613822C2610162416281620A21C16265
:10848000FCF7B4FD18B1FFE7F8F7EEFBFFE702B029
:1084900080BD000080B588B0002100910791069151
:1084A0000591049103910291019145F28830C2F245
:1084B000000044F20042C4F20102026041608160A7
:1084C00041F28732C26001618161FDF725FB18B17D
:1084D000FFE7F8F7C9FBFFE745F28830C2F200007A
:1084E000FDF762FF18B1FFE7F8F7BEFBFFE760207A
:1084F0000190002202920392059245F28830C2F266
:10850000000001A9FDF7AEFE18B1FFE7F8F7ACFBDC
:10851000FFE745F28830C2F20000FDF73DFE08B0EB
:1085200080BD000080B598B000210191179116918F
:108530001591149113911291119110910F910E9127
:108540000D910C910B910A91099108910791069157
:1085500005910491039145F24030C2F2000002906F
:108560000022C4F201020260A7224260816041F24F
:108570008732C260016141618161FDF7CDFA18B1B6
:10858000FFE7F8F771FBFFE74FF48050149045F2D6
:108590004030C2F2000014A9FDF72AFC18B1FFE731
:1085A000F8F762FBFFE745F24030C2F20000FDF74A
:1085B000FBFE18B1FFE7F8F757FBFFE7002012902A
:1085C000139045F24030C2F2000012A9FDF712FAF2
:1085D00018B1FFE7F8F748FBFFE760200B90002099
:1085E0000C900D900E900F901090119045F240302D
:1085F000C2F200000BA90822FDF734FE18B1FFE714
:10860000F8F732FBFFE700200390049005900690F6
:1086100007904FF4005108910A9045F24030C2F2A1
:10862000000003A9FDF78CF918B1FFE7F8F71CFB70
:10863000FFE745F24030C2F20000FDF7ADFD18B093
:1086400080BD000080B588B000210191079106919E
:10865000059104910391029145F2D030C2F20000DD
:1086600040F20042C4F20002026053224260816084
:1086700040F2E732C26001618161FDF74DFA18B145
:10868000FFE7F8F7F1FAFFE74FF48050049045F266
:10869000D030C2F2000004A9FDF7AAFB18B1FFE731
:1086A000F8F7E2FAFFE700200290039045F2D0309D
:1086B000C2F2000002A9FDF79DF918B1FFE7F8F733
:1086C000D3FAFFE708B080BD80B588B000210191E2
:1086D00007910691059104910391029145F218408A
:1086E000C2F2000040F60002C4F20002026053220F
:1086F0004260816040F2E732C26001618161FDF752
:108700000BFA18B1FFE7F8F7AFFAFFE74FF4805024
:10871000049045F21840C2F2000004A9FDF768FB7E
:1087200018B1FFE7F8F7A0FAFFE7002002900390E6
:1087300045F21840C2F2000002A9FDF75BF918B13A
:10874000FFE7F8F791FAFFE708B080BD80B588B081
:1087500000210191079106910591049103910291E5
:1087600045F26040C2F2000040F60042C4F200024E
:10877000026053224260816040F2E732C2600161D0
:108780008161FDF7C9F918B1FFE7F8F76DFAFFE766
:108790004FF48050049045F26040C2F2000004A9FA
:1087A000FDF726FB18B1FFE7F8F75EFAFFE70020B8
:1087B0000290039045F26040C2F2000002A9FDF76A
:1087C00019F918B1FFE7F8F74FFAFFE708B080BDD5
:1087D00080B582B045F2A840C2F20000019041F29B
:1087E0000001C4F2010101604FF4E1314160002158
:1087F0008160C16001610C2242618161C161FEF74B
:10880000D5FB18B1FFE7F8F72FFAFFE702B080BDFC
:1088100080B582B045F2F040C2F20000019044F60B
:108820000001C4F20001016048F2A061C0F2010140
:1088300041604FF4805181600021C1604FF480623B
:1088400002610C2242618161C161FEF7AFFB18B188
:10885000FFE7F8F709FAFFE702B080BD80B582B004
:1088600045F23850C2F20000019041F20041C4F2DA
:10887000010101604FF46121416000218160C1600C
:1088800001610C2242618161C161FEF78FFB18B169
:10889000FFE7F8F7E9F9FFE702B080BD80B544F2E1
:1088A0002470C2F2000040F21801C2F2000100225E
:1088B00003F04CF918B1FFE7F8F7D6F9FFE744F2F7
:1088C0002470C2F2000040F2C801C2F2000103F0BD
:1088D00041FE18B1FFE7F8F7C7F9FFE744F224704B
:1088E000C2F2000040F26411C2F2000102F0A0FBEB
:1088F00018B1FFE7F8F7B8F9FFE744F22470C2F2C5
:10890000000003F0B1FF18B1FFE7F8F7ADF9FFE79A
:1089100080BD0000FFE7FEE7FFE7FEE788B00790B5
:1089200006910592079800F0070004900498C0F1A2
:108930000700052803D3FFE70420019004E0049812
:10894000C0F107000190FFE70198039004980430FC
:10895000062803D8FFE70020009003E004980338BE
:108960000090FFE70098029006980399012202FA0E
:1089700001F101390840029B984005999A40013A5B
:108980001140084308B0704780B544F60460C2F255
:108990000000FAF76FFF80BD80B586B005900491A6
:1089A000059800680390039802900398006C01906A
:1089B0000298049900EB4110D0F8080B0090019840
:1089C00043F20B01C4F6547188420FD3FFE79DF8C0
:1089D00001000006002809D5FFE70298049900EB82
:1089E00041114FF40040C1F8080BFFE70598FBF771
:1089F0005FFD019843F20B01C4F6547188420DD318
:108A0000FFE705988079012808D1FFE705990868F4
:108A100001F29C42012104F03FFDFFE7002006B077
:108A200080BD000080B588B0079006910798006867
:108A30000490049803900498006C0290039806999F
:108A400000EB4110D0F8080B0190079880790128BD
:108A500040F08180FFE79DF804000007002818D54A
:108A6000FFE7029843F20B01C4F6547188420FD31A
:108A7000FFE79DF805000006002809D5FFE70398E9
:108A8000069900EB41114FF40040C1F8080BFFE7D5
:108A900060E09DF804008006002808D5FFE70398F1
:108AA000069900EB41112020C1F8080B51E09DF818
:108AB000040010F0280F4AD1FFE7029843F20B019F
:108AC000C4F6547188420FD3FFE79DF805000006F5
:108AD000002809D5FFE70398069900EB41114FF4F0
:108AE0000040C1F8080B31E00798069901EBC1017D
:108AF00000EB810000F5157005900598006A039958
:108B0000069A01EB4211D1F8101B6FF3DF41401AB6
:108B100005994861069898B9FFE70598006940B93A
:108B2000FFE70799086801F29C42012104F0B4FCB8
:108B300005E00599C8684A691044C860FFE7FFE787
:108B400007989DF81810FAF729FCFFE700E0FFE707
:108B5000FFE7FFE747E0029843F20A11C4F65471B9
:108B6000884224D1FFE79DF805000006002809D5BA
:108B7000FFE70398069900EB41114FF40040C1F85C
:108B8000080B13E09DF804008006002808D5FFE7D5
:108B90000398069900EB41112020C1F8080BFFE76C
:108BA00007989DF81810FAF7F9FBFFE71AE0069806
:108BB00090B9FFE70798069901EBC10100EB81002E
:108BC000D0F8640240B9FFE70799086801F29C42B7
:108BD000002104F061FCFFE707989DF81810FAF7F0
:108BE000DDFBFFE7FFE7002008B080BD80B58CB05B
:108BF0000A9009910A9800680890089807900A98C6
:108C0000099901EBC10100EB810014300690069830
:108C100001694069884204D9FFE701208DF82F00DF
:108C200079E0069908694969401A059005980699FE
:108C30008968884204D9FFE7069880680590FFE7B5
:108C40000598033080080490FFE70798099900EB26
:108C50004110D0F8180981B2049A00209142029084
:108C60000FD3FFE706980269416900209142029004
:108C700007D2FFE706980069002818BF012002907C
:108C8000FFE70298C00770B3FFE7069908694969D2
:108C9000401A0590059806998968884204D9FFE72B
:108CA000069880680590FFE70598033080080490D7
:108CB00008980699C9689DF82420BDF81430DDF89D
:108CC00028C09CF806C0EE46CEF800C005F05AFA5F
:108CD000059A0699C8681044C860059A06994869BB
:108CE00010444861B1E706990869496988420ED87D
:108CF000FFE7099800F00F01012088400390039AD4
:108D00000799D1F834089043C1F83408FFE70020F0
:108D10008DF82F00FFE79DF82F000CB080BD0000FC
:108D20007047000080B582B001900198806B009080
:108D300000980168486820F0030048600099486D79
:108D400040F0100048650099012081F8510000981A
:108D5000FCF748F902B080BD80B582B0019001985F
:108D6000806B00900098FCF79BFA02B080BD000079
:108D700080B582B001900198806B00900098FCF75C
:108D8000CBFD02B080BD000080B584B00390039895
:108D9000806B0290F9F782FC0190039800680068EC
:108DA00000F48070B0F5807F39D0FFE70298016849
:108DB000486820F0200048600298806868B9FFE7A2
:108DC00002984068B0F5827F07D1FFE702980168FA
:108DD000486820F00300486006E00298016848688F
:108DE00020F001004860FFE70298019A642100F03A
:108DF00061F820B1FFE7029920204865FFE702995A
:108E00000020C8870299012081F851000298406D26
:108E100020B1FFE70298FCF7E5F804E0FFE70298CD
:108E2000FCF73AFAFFE704B080BD000080B584B0DB
:108E300003900398806B0290F9F730FC019003983F
:108E40000068006800F48070B0F5807F2BD0FFE7E9
:108E500002980168486820F0200048600298019A52
:108E6000642100F099F830B1FFE70299486D40F0B5
:108E700020004865FFE702980168486820F0030079
:108E8000486002990020C8860299C887029901208B
:108E900081F851000298406D20B1FFE70298FCF77D
:108EA000A1F804E0FFE70298FCF7DAFCFFE704B062
:108EB00080BD000080B586B00490039102920498B2
:108EC0004068B0F5827F13D1FFE704988068B0F561
:108ED000004F06D0FFE704988068B0F5806F07D197
:108EE000FFE704980168086820F040000860FFE789
:108EF00004984068B0F5827F31D1FFE7049880681C
:108F0000B0F5806F15D0FFE70498039B02996A467D
:108F100011608021002200F075F948B1FFE7049943
:108F2000486D40F02000486503208DF817002FE0C1
:108F300014E00498039B02996A4611600121002203
:108F400000F060F948B1FFE70499486D40F0200057
:108F5000486503208DF817001AE0FFE714E0049835
:108F6000039B02996A4611600121002200F04AF930
:108F700048B1FFE70499486D40F0200048650320A0
:108F80008DF8170004E0FFE700208DF81700FFE7D9
:108F90009DF8170006B080BD80B586B0049003919F
:108FA00002920498039B02996A46116002210122F1
:108FB00000F028F948B1FFE70499486D40F020001F
:108FC000486503208DF8170048E040F2C400C2F263
:108FD000000000684AF6AB21CAF6AA21A0FB0110E6
:108FE00000094FF2A171C1F2C601A0FB0110000CF3
:108FF0004FF47A714843019004984068B0F5827F3D
:1090000015D1FFE70498039B02996A4611608021FD
:10901000002200F0F7F848B1FFE70499486D40F0EE
:109020002000486503208DF8170017E012E0FFE7E5
:10903000019808B9FFE70CE0019801380190FFE7BB
:10904000049800688068C1B20020B0EBD11FEFD156
:10905000FFE7FFE700208DF81700FFE79DF81700F6
:1090600006B080BD82B0019000910198006843F283
:109070000001C4F2010188420AD1FFE7019840F2E1
:10908000C051C2F2000108600098C1F8100127E049
:109090000198006843F60001C4F2000188420AD139
:1090A000FFE7019840F2D461C2F200010860009825
:1090B000C1F8100113E00198006843F60041C4F2C2
:1090C000000188420AD1FFE7019840F2E871C2F23C
:1090D000000108600098C1F81001FFE7FFE7FFE713
:1090E00002B0704780B586B084460898CDF810C0AD
:1090F0000391ADF80A20ADF80830ADF806000498E9
:10910000006843F20001C4F2010188421FD1FFE769
:10911000039840F2C052C2F200025060BDF80A004B
:109120001081BDF80800A2F80A01BDF80600A2F8F7
:109130000C0104986B464FF47A71196002F10A0130
:109140008A320123FCF7B0F88DF8170055E0049837
:10915000006843F60001C4F20001884220D1FFE715
:10916000039840F2D462C2F200025060BDF80A00D7
:109170001081BDF80800A2F80A01BDF80600A2F8A7
:109180000C010498BDF80810BDF8063019448BB2E4
:1091900002F10A018A32FCF759FA8DF817002CE027
:1091A0000498006843F60041C4F20001884220D1CF
:1091B000FFE7039840F2E872C2F200025060BDF887
:1091C0000A001081BDF80800A2F80A01BDF80600E7
:1091D000A2F80C010498BDF80810BDF80630194437
:1091E0008BB202F10A018A32FCF730FA8DF81700CF
:1091F00003E000208DF81700FFE79DF8170006B088
:1092000080BD000080B58AB0DDF830C008900791BD
:109210008DF81B20059305980190F9F73FFA024657
:1092200001980C99891A08440390F9F737FA0290CB
:10923000039840F2C401C2F200010968C1F3CB31C6
:1092400048430490FFE70898006880680799084041
:10925000401AB0FA80F040099DF81B1088425ED099
:10926000FFE705980130002858D0FFE7F9F716FA14
:109270000299401A0399884204D2FFE70398002814
:1092800042D1FFE708980168486820F0E000486094
:1092900008984068B0F5827F13D1FFE7089880688E
:1092A000B0F5004F06D0FFE708988068B0F5806FF2
:1092B00007D1FFE708980168086820F040000860BF
:1092C000FFE70898806AB0F5005F0FD1FFE7FFE77E
:1092D00008980168086820F4005008600898016840
:1092E000086840F400500860FFE7FFE70899012094
:1092F00081F85100FFE70899002081F85000FFE74E
:1093000003208DF827000EE0049818B9FFE700202D
:109310000390FFE7049801380490FFE793E70020EB
:109320008DF82700FFE79DF827000AB080BD0000F8
:109330007047000084B00390039800900098007874
:10934000ADF8080000980130009000980078ADF862
:109350000600BDF80610BDF8080040EA0120ADF88F
:109360000A00BDF80A0004B07047000080B582B062
:10937000009000980138B0F1807F03D3FFE701200F
:10938000019019E0009801384EF21401CEF200016C
:1093900008604FF0FF300F2110F086F94EF21801EF
:1093A000CEF20001002008604EF21002CEF2000260
:1093B000072111600190FFE7019802B080BD000015
:1093C00080B5F9F7B9FE80BD80B594B008A830210A
:1093D000F6F742FF00200790069005900490039056
:1093E000FFE70020029043F64000C4F2020001684B
:1093F00041F080510160006800F0805002900298B6
:10940000FFE7FFE70020019047F20000C4F20000F0
:10941000016841F480410160006800F480400190DF
:109420000198FFE7012008904FF480300990022056
:109430000E904FF480010F9106211091A8211191F7
:1094400012900720139008A8FBF76CFA18B1FFE7F9
:10945000F7F70AFCFFE70F2003900220049000209A
:1094600005904FF4A05006904FF48050079003A849
:109470000521FBF787F818B1FFE7F7F7F5FBFFE7E2
:1094800014B080BD4EF68851CEF20001086840F459
:10949000700008607047000080B545F21840C2F2C5
:1094A0000000FCF76BFD80BD80B545F26040C2F264
:1094B0000000FCF763FD80BD83B00290019102982B
:1094C0000068009002980021C4F20101884225D072
:1094D000FFE70298B0F1804F20D0FFE7029840F2FA
:1094E0000041C4F20001884218D0FFE7029840F61C
:1094F0000001C4F20001884210D0FFE7029840F654
:109500000041C4F20001884208D0FFE7029840F20F
:109510000041C4F2010188420AD1FFE7009820F01F
:109520007000009001984168009808430090FFE7A0
:1095300002980021C4F20101884255D0FFE7029849
:10954000B0F1804F50D0FFE7029840F20041C4F2E2
:109550000001884248D0FFE7029840F60001C4F2BB
:109560000001884240D0FFE7029840F60041C4F273
:109570000001884238D0FFE7029840F20041C4F26F
:109580000101884230D0FFE7029844F20001C4F2A2
:109590000101884228D0FFE7029844F20041C4F25A
:1095A0000101884220D0FFE7029844F60001C4F28E
:1095B0000101884218D0FFE7029841F60001C4F289
:1095C0000001884210D0FFE7029841F60041C4F242
:1095D0000001884208D0FFE7029842F20001C4F27D
:1095E000000188420AD1FFE7009820F44070009003
:1095F0000198C168009808430090FFE7009820F0A8
:109600008000019949690843009000980299086018
:10961000019880680299C86201980068029988627E
:1096200002980021C4F20101884208D0FFE70298A5
:1096300040F20041C4F20101884205D1FFE70198E0
:10964000006902990863FFE70299012048610298C6
:109650000069C00730B1FFE70299086920F00100F6
:109660000861FFE703B0704780B584B044F600207E
:10967000C2F20000019040F2CA12C2F20002A02120
:1096800008230393F7F7E6F8039B019840F2DA12F8
:10969000C2F200024FF40071F7F7DCF8039B019867
:1096A00040F2D212C2F2000240F2FF110291F7F72B
:1096B000D1F80299039B44F62820C2F2000040F240
:1096C0001822C2F20002F7F7C5F842F25440C2F283
:1096D000000000780A280DD1FFE744F62820C2F2E6
:1096E000000040F23022C2F2000277210823F7F78F
:1096F000B1F81BE042F25440C2F200000078142896
:1097000013D1FFE744F62820C2F2000040F23822CD
:10971000C2F2000278210823F7F79CF842F2544184
:10972000C2F2000100200870FFE7FFE742F2544157
:10973000C2F2000108780130087004B080BD00005A
:1097400084B0039002910192029800F01F01012061
:1097500088400090009A0399086A90430862019833
:10976000029901F01F0100FA01F20399086A1043FF
:10977000086204B07047000085B004900391029223
:109780000193049880680090009820F47F40009036
:1097900003980299019A41EA022101430098084383
:1097A000009000980499886005B0704783B00290DB
:1097B0000191029880680090009820F0700000905D
:1097C00001980099084340F0070000900098029922
:1097D000886003B07047000082B00190009101984A
:1097E00000680021C4F20101884209D1FFE7019815
:1097F00040F62C11C2F20001086000984860F3E0C6
:1098000001980068B0F1804F09D1FFE7019840F658
:109810003411C2F20001086000984860E3E001984A
:10982000006840F20041C4F20001884209D1FFE71C
:10983000019840F63C11C2F20001086000984860AF
:10984000D0E00198006840F60001C4F200018842AF
:1098500009D1FFE7019840F64411C2F20001086007
:1098600000984860BDE00198006840F60041C4F2ED
:109870000001884209D1FFE7019840F64C11C2F27D
:109880000001086000984860AAE00198006841F271
:109890000001C4F20001884209D1FFE7019840F6B7
:1098A0005411C2F2000108600098486097E00198E6
:1098B000006841F20041C4F20001884209D1FFE78B
:1098C000019840F65C11C2F20001086000984860FF
:1098D00084E00198006840F20041C4F2010188422E
:1098E00009D1FFE7019840F66411C2F20001086057
:1098F0000098486071E00198006844F20001C4F2E9
:109900000101884209D1FFE7019840F66C11C2F2CB
:1099100000010860009848605EE00198006844F229
:109920000041C4F20101884209D1FFE7019840F6E5
:109930000411C2F200010860009848604BE00198F1
:10994000006844F60001C4F20101884209D1FFE732
:10995000019840F60C11C2F20001086000984860BE
:1099600038E00198006841F60001C4F20001884225
:1099700009D1FFE7019840F61411C2F20001086016
:109980000098486025E00198006841F60041C4F263
:109990000001884209D1FFE7019840F61C11C2F28C
:1099A000000108600098486012E00198006842F2E7
:1099B0000001C4F20001884209D1FFE7019840F696
:1099C0002411C2F20001086000984860FFE7FFE739
:1099D000FFE7FFE7FFE7FFE7FFE7FFE7FFE7FFE757
:1099E000FFE7FFE7FFE7FFE702B0704785B00490AD
:1099F00003910498006A01900499086A20F001001C
:109A00000862049840680090049880690290029867
:109A100020F070000290029820F00300029003985A
:109A20000168029808430290019820F0020001901A
:109A30000398816801980843019004980021C4F2BA
:109A40000101884208D0FFE7049840F20041C4F2C7
:109A5000010188420ED1FFE7019820F00800019033
:109A60000398C168019808430190019820F0040010
:109A70000190FFE704980021C4F20101884208D058
:109A8000FFE7049840F20041C4F20101884213D17B
:109A9000FFE7009820F480700090009820F4007098
:109AA00000900398416900980843009003988169E9
:109AB000009808430090FFE70098049948600298D6
:109AC000049988610398406804994863019804994F
:109AD000086205B07047000085B0049003910498B7
:109AE000006A01900499086A20F010000862049846
:109AF00040680090049880690290029820F4E04049
:109B00000290029820F44070029003980168029835
:109B100040EA01200290019820F020000190039873
:109B20008168019840EA0110019004980021C4F274
:109B30000101884208D0FFE7049840F20041C4F2D6
:109B4000010188420FD1FFE7019820F080000190C9
:109B50000398C168019840EA01100190019820F033
:109B600040000190FFE704980021C4F201018842FF
:109B700008D0FFE7049840F20041C4F20101884296
:109B800015D1FFE7009820F480600090009820F441
:109B90000060009003984169009840EA81000090BD
:109BA00003988169009840EA81000090FFE70098DF
:109BB0000499486002980499886103984068049960
:109BC000886301980499086205B0704785B00490D5
:109BD00003910498006A01900499086A20F4807047
:109BE00008620498406800900498C0690290029846
:109BF00020F070000290029820F003000290039879
:109C00000168029808430290019820F400700190C6
:109C100003988168019840EA01200190049800218E
:109C2000C4F20101884208D0FFE7049840F20041E5
:109C3000C4F2010188420FD1FFE7019820F40060CF
:109C400001900398C168019840EA012001900198B1
:109C500020F480600190FFE704980021C4F2010124
:109C6000884208D0FFE7049840F20041C4F20101A5
:109C7000884215D1FFE7009820F4805000900098AA
:109C800020F40050009003984169009840EA0110C8
:109C9000009003988169009840EA01100090FFE766
:109CA00000980499486002980499C8610398406834
:109CB0000499C86301980499086205B070470000D0
:109CC00085B0049003910498006A01900499086A91
:109CD00020F4805008620498406800900498C0699D
:109CE0000290029820F4E0400290029820F4407024
:109CF000029003980168029840EA012002900198BE
:109D000020F40050019003988168019840EA0130E6
:109D1000019004980021C4F20101884208D0FFE7B5
:109D2000049840F20041C4F2010188420BD1FFE7E0
:109D3000009820F48040009003984169009840EA20
:109D400081100090FFE700980499486002980499F8
:109D5000C8610398406804990864019804990862EE
:109D600005B0704785B00490039102920498006A90
:109D700000900499086A20F0010008620498806944
:109D80000190019820F0F00001900299019840EABA
:109D900001100190009820F00A00009003990098AB
:109DA000084300900198049988610098049908621A
:109DB00005B0704785B00490039102920498006A40
:109DC00000900499086A20F01000086204988069E5
:109DD0000190019820F4704001900299019840EAA6
:109DE00001300190009820F0A000009003990098A5
:109DF00040EA011000900198049988610098049944
:109E0000086205B07047000080B540F67410C2F2D9
:109E10000000011D45F2A840C2F200000A2200F035
:109E200011FC80BD80B582B0A820F6F7BFFE44F6D5
:109E3000F041C2F200010020C86144F60020C2F2E5
:109E400000004FF60931C0F60001F6F7B3FC44F606
:109E50002820C2F200004FF6B531C0F60001F6F737
:109E6000A9FC45F2E820C2F200004EF6C151C0F64E
:109E70000001FFF7F7F844F6B050C2F200004EF6CA
:109E80006171C0F60001FDF763FF45F2F040C2F2D8
:109E900000004EF69151C0F60001122200F046FA81
:109EA00045F23850C2F200004EF64551C0F60001AE
:109EB0001E2200F03BFA45F21840C2F2000000906A
:109EC0004FF29931C0F60001FFF786FC45F2604081
:109ED000C2F2000001904EF6D971C0F60001FFF702
:109EE0007BFC42F2A840C2F200009FED060A0AF095
:109EF000F3FE0098FBF700FF0198FBF7FDFE02B0B0
:109F000080BD00BF0000000080B586B042F2A840CE
:109F1000C2F20000029041F2843108440EF09CF934
:109F2000029800F6287003908DED050AD0F85804C9
:109F300008F056FA03988DED040A07F0BFFD0228D9
:109F40003AD1FFE742F2A840C2F200004FF49C5120
:109F5000405808F0B9F98DED010A9DED050A9DED17
:109F6000041A30EE410A05F0AFFEB0EE401A9DED46
:109F7000010A20EE010A9FED181A80EE010A9FEDFA
:109F8000171A20EE010A10EE100AF6F7B9FA41ECA2
:109F9000100B51EC100B9FED0E0B53EC102BF6F742
:109FA00094FA48B9FFE742F2A841C2F2000142F236
:109FB000F3120120885408E042F2A841C2F20001E5
:109FC00042F2F31200208854FFE706B080BD00BFC4
:109FD0009A9999999999B93F00003443DB0F494008
:109FE00080B582B001900198806B009000990020AC
:109FF000C8850099C8840098FCF7BEFD02B080BDFA
:10A0000080B584B00390002002900398806B01908B
:10A01000019800684069C0B2C0090290019890F8A8
:10A02000410021280AD1FFE7029838B1FFE70199E2
:10A030000020C884019800F05DF9FFE701980068EE
:10A040004069C0F380100290019890F842002228E5
:10A050000AD1FFE7029838B1FFE701990020C885CF
:10A06000019800F0E9F8FFE70199486C40F0100012
:10A0700048640198FCF780FD04B080BD80B586B0CF
:10A0800005900598806B0490059800680068C005ED
:10A0900000285AD4FFE704990020C885FFE7FFE7AE
:10A0A0000498006850E8030F20F480700390FFE7E5
:10A0B00003990498026842E803100028F0D1FFE7F2
:10A0C000FFE7FFE7FFE70498006850E8050F20F07E
:10A0D00001000290FFE702990498026842E8051027
:10A0E0000028F0D1FFE7FFE7FFE7FFE704980068EB
:10A0F00050E8050F20F040000190FFE70199049817
:10A10000026842E805100028F0D1FFE7FFE7049954
:10A11000202081F842000498006B012814D1FFE749
:10A12000FFE7FFE70498006850E8030F20F01000F5
:10A130000090FFE700990498026842E803100028A5
:10A14000F0D1FFE7FFE7FFE7FFE70499002048634E
:10A150000498006B012805D1FFE70498818DFCF776
:10A16000B3FB03E00498FDF767F9FFE706B080BD95
:10A1700080B582B001900198806B00900099012019
:10A1800048630098006B012806D1FFE70098818D95
:10A190004908FCF799FB03E00098FDF751F9FFE748
:10A1A00002B080BD80B584B003900398806B0290AC
:10A1B000039800680068C00500282AD4FFE70299C8
:10A1C0000020C884FFE7FFE70298006850E8050F09
:10A1D00020F080000190FFE701990298026842E8B0
:10A1E00005100028F0D1FFE7FFE7FFE7FFE702983F
:10A1F000006850E8030F40F040000090FFE700992E
:10A200000298026842E803100028F0D1FFE7FFE758
:10A2100003E00298FDF78AF9FFE704B080BD000073
:10A2200080B582B001900198806B00900098FDF796
:10A2300081F902B080BD000084B00390FFE7FFE722
:10A240000398006850E8030F20F490700290FFE735
:10A2500002990398026842E803100028F0D1FFE752
:10A26000FFE7FFE7FFE70398006850E8050F20F0DD
:10A2700001000190FFE701990398026842E8051088
:10A280000028F0D1FFE7FFE70398006B012814D105
:10A29000FFE7FFE7FFE70398006850E8030F20F0AF
:10A2A00010000090FFE700990398026842E803104D
:10A2B0000028F0D1FFE7FFE7FFE70399202081F8AE
:10A2C000420003990020086304B0704780B582B053
:10A2D000019001980168C86820F04000C8600199A9
:10A2E000202081F841000198FDF720F9002002B0FC
:10A2F00080BD000082B00190FFE7FFE70198006891
:10A3000050E8030F20F0C0000090FFE7009901988B
:10A31000026842E803100028F0D1FFE7FFE7019947
:10A32000202081F8410002B07047000080B584B061
:10A3300003900291ADF806200398006841F20001F5
:10A34000C4F2010188421DD1FFE7039840F6741161
:10A35000C2F2000108600298C1F80C01BDF80600C5
:10A36000A1F804010398B1F804218431FCF74AFAFA
:10A3700044F6D030C2F200000168086820F00800FE
:10A380000860A7E00398006844F20041C4F20001AD
:10A39000884214D1FFE7039840F68421C2F20001FD
:10A3A00008600298C1F80C01BDF80600A1F804018C
:10A3B0000398B1F804218431FCF724FA89E003986A
:10A3C000006844F60001C4F2000188421DD1FFE795
:10A3D000039840F69431C2F2000108600298C1F877
:10A3E0000C01BDF80600A1F804010398B1F804219E
:10A3F0008431FCF707FA44F69040C2F2000001688D
:10A40000086820F00800086062E00398006844F6DD
:10A410000041C4F20001884214D1FFE7039840F6DE
:10A42000A441C2F2000108600298C1F80C01BDF815
:10A430000600A1F804010398B1F804218431FCF767
:10A44000E1F944E00398006845F20001C4F200011C
:10A45000884214D1FFE7039840F6B451C2F20001DC
:10A4600008600298C1F80C01BDF80600A1F80401CB
:10A470000398B1F804218431FCF7C4F926E003986D
:10A48000006841F20041C4F2010188421DD1FFE79A
:10A49000039840F6C461C2F2000108600298C1F856
:10A4A0000C01BDF80600A1F804010398B1F80421DD
:10A4B0008431FCF7A7F944F6F040C2F200000168CD
:10A4C000086820F008000860FFE7FFE7FFE7FFE704
:10A4D000FFE7FFE704B080BD80B586B00490049824
:10A4E00090F84200222840F0A480FFE7049880689A
:10A4F000B0F5805F15D1FFE70498006988B9FFE7E0
:10A50000002003900498806A0290049800684068D4
:10A510006FF35F20029908800499886A023088628C
:10A5200025E00498806A03900020029004988068D7
:10A53000B0F5805F08D0FFE70498806850B9FFE766
:10A540000498006930B9FFE70498006840680399EF
:10A55000087007E004980068406800F07F000399E5
:10A560000870FFE70499886A01308862FFE7049960
:10A57000C88D0138C8850004002856D1FFE704982B
:10A580000168C86820F02000C86004980168C868A5
:10A5900020F48070C86004980168486920F00100C8
:10A5A00048610499202081F8420004990020486302
:10A5B0000498006B012830D1FFE70499002008635C
:10A5C000FFE7FFE70498006850E8030F20F0100051
:10A5D0000190FFE701990498026842E803100028FF
:10A5E000F0D1FFE7FFE7049800680068C006002884
:10A5F0000ED5FFE7FFE70020009004980068006890
:10A60000009004980068406800900098FFE7FFE71A
:10A610000498818DFCF758F903E00498FCF70CFFCF
:10A62000FFE700208DF8170007E000208DF81700E5
:10A6300003E002208DF81700FFE79DF8170006B031
:10A6400080BD000080B584B003900291ADF8062073
:10A6500003980299BDF80620FCF7F6FE04B080BD11
:10A6600080B586B0059005980068006920F44050D8
:10A67000059A1168D26810430861059988680B69CA
:10A680004A69C96918431043084304900598006853
:10A69000C06849F20C618843049908430599096828
:10A6A000C86005980068406920F44070059A1168F8
:10A6B0009269104348610598006841F20001C4F2B4
:10A6C0000101884209D0FFE70598006841F2004186
:10A6D000C4F20101884204D1FFE7FAF79DF8039024
:10A6E00003E0FAF787F80390FFE70598C069B0F533
:10A6F000004F29D1FFE703981921A0FB0101059A1A
:10A700001368029353685A00DB0FF5F75BFD02995B
:10A71000864648F21F53C5F2EB13AEFB03204209F5
:10A7200010014FF0640C02FB1CEC322202EBCC0255
:10A73000A2FB0332F82303EA521300EB4300C2F3F7
:10A7400042121044886026E003981921A0FB010101
:10A75000059A1368019353689A009B0FF5F732FD31
:10A760000199844648F21F52C5F2EB12ACFB02304D
:10A770004309642003FB10CC322000EB0C10A0FB3B
:10A780000202F02000EA521000EB0310C2F3431261
:10A7900010448860FFE706B080BD000080B588B037
:10A7A00007900691ADF81620069807998862BDF8C3
:10A7B000160007998885079900204864079A222186
:10A7C00082F842100799CA6B4AF27D01C0F6000177
:10A7D000D1630799CA6B4AF27111C0F60001116486
:10A7E0000799CA6B4AF20101C0F60001D1640799CA
:10A7F000C96B086506A8049007980168C06B04310E
:10A80000049A1268BDF81630F7F79AFCFFE70020AB
:10A8100003900798006800680390079800684068F4
:10A8200003900398FFE707980069A0B1FFE7FFE7EF
:10A83000FFE70798006850E8030F40F4807002902B
:10A84000FFE702990798026842E803100028F0D158
:10A85000FFE7FFE7FFE7FFE7FFE70798006850E83B
:10A86000050F40F001000190FFE701990798026889
:10A8700042E805100028F0D1FFE7FFE7FFE7FFE718
:10A880000798006850E8050F40F040000090FFE78F
:10A8900000990798026842E805100028F0D1FFE708
:10A8A000FFE7002008B080BD83B00190019890F8C8
:10A8B000410021283AD1FFE701988068B0F5805F18
:10A8C00013D1FFE70198006978B9FFE70198006AA2
:10A8D0000090009800886FF35F2001990968486034
:10A8E0000199086A0230086208E0019A106A411C66
:10A8F00011620078019909684860FFE70199C88CE6
:10A900000138C884000468B9FFE701980168C86885
:10A9100020F08000C86001980168C86840F04000DD
:10A92000C860FFE700208DF80B0003E002208DF8DF
:10A930000B00FFE79DF80B0003B0704780B545F2B0
:10A94000A840C2F20000FCF71BF980BD80B545F2BB
:10A95000F040C2F20000FCF713F980BD80B545F26B
:10A960003850C2F20000FCF70BF980BD80B586B00C
:10A9700004908DF80F100498D0F8C8020190049844
:10A98000D0F8D41200EB8100D0F8C00220B9FFE764
:10A9900003208DF817005FE00498D0F8D41200EB84
:10A9A0008100D0F8C002029004989DF80F1001F0C9
:10A9B0000F0101EB810100EB8100806940B3FFE7EB
:10A9C00004989DF80F1001F00F0101EB810200EBDC
:10A9D00082008269019801EBC10100EB8100C1692D
:10A9E000B2FBF1F000FB112090B9FFE704989DF84D
:10A9F0000F1001F00F0101EB810100EB810000233A
:10AA0000836104989DF80F101A4601F04FFD1FE076
:10AA100002990020C1F814020498D0F8D41200EB77
:10AA20008100D0F8C402006988B1FFE70498D0F82B
:10AA3000D41200EB8100D0F8C40203690299D1F866
:10AA4000080201F504719DF80F209847FFE7FFE722
:10AA500000208DF81700FFE79DF8170006B080BDB5
:10AA600080B584B002908DF807100298D0F8D41207
:10AA700000EB8100D0F8C00200900298D0F8D41208
:10AA800000EB8100D0F8C00220B9FFE703208DF869
:10AA90000F0019E002989DF8071001F091FA009953
:10AAA000C1F80C020298D0F8D41200EB8100D0F863
:10AAB000C402C2680099D1F8040201F503719047FD
:10AAC00000208DF80F00FFE79DF80F0004B080BD57
:10AAD00080B586B005908DF81310059840F21501E9
:10AAE000C2F200010091097801F084F800990598FC
:10AAF000097801F00F0101EB810100EB81010020D9
:10AB000003908884059840F21601C2F20001019179
:10AB1000097801F06FF8019A03980599127802F00C
:10AB20000F0202EB820201EB8201A1F86401059899
:10AB300040F21401C2F200010291097801F05AF8C2
:10AB4000029A03980599137803F00F0303EB83032C
:10AB500001EB830188840599127802F00F0202EB61
:10AB6000820201EB8201C8840598D0F8D41200EB70
:10AB70008100D0F8C002F0B1FFE70598D0F8D412F8
:10AB800000EB8100D0F8C402406880470598D0F8F7
:10AB9000D41200EB8100D0F8C00202F023F905982E
:10ABA000D0F8D41200EB81010020C1F8C002059951
:10ABB000C1F8BC02FFE7002006B080BD80B584B0BC
:10ABC00002900298D0F8D41200EB8100D0F8C002B5
:10ABD0000190019820B9FFE703208DF80F0025E0D0
:10ABE0000298D0F8D41200EB8100D0F8C402C8B1AA
:10ABF000FFE7019890F80002FF2813D0FFE70298C2
:10AC0000D0F8D41200EB8100D0F8C4028368019917
:10AC100091F8000291F8012298470199FF2081F8EC
:10AC20000002FFE700208DF80F00FFE79DF80F00FE
:10AC300004B080BD81B0009000990A20088040F2E5
:10AC40004410C2F2000001B07047000080B586B029
:10AC5000059040F20010C2F200000190822100F045
:10AC600051FE014601980491012100F04BFE01467E
:10AC700001980391812100F045FE0290049820B1D3
:10AC8000FFE7049910208871FFE7039820B1FFE7E0
:10AC9000039940208880FFE7029820B1FFE70299DE
:10ACA00040208880FFE705994320088040F200108B
:10ACB000C2F2000006B080BD80B586B0059040F2BB
:10ACC0000010C2F200000190822100F01BFE01463C
:10ACD00001980491012100F015FE014601980391AD
:10ACE000812100F00FFE0290049820B1FFE7049943
:10ACF00010208871FFE7039828B1FFE703994FF40C
:10AD000000708880FFE7029828B1FFE702994FF4AE
:10AD100000708880FFE705994320088040F200100A
:10AD2000C2F2000006B080BD80B586B0059040F24A
:10AD30000010C2F200000190822100F0E3FD014604
:10AD400001980491012100F0DDFD01460198039175
:10AD5000812100F0D7FD0290049820B1FFE704990B
:10AD600010208871FFE7039820B1FFE70399402086
:10AD70008880FFE7029820B1FFE702994020888091
:10AD8000FFE705994320088040F20010C2F200005E
:10AD900006B080BD80B590B00E908DF837104FF49E
:10ADA000077002F023F80C900C9860B9FFE70E983A
:10ADB000D0F8D41200EB81010020C1F8C0020220BB
:10ADC0008DF83F00F0E00C984FF40771F5F744FA66
:10ADD0000C980E99D1F8D42201EB8201C1F8C0027F
:10ADE0000E99D1F8D40201EB8000D0F8C002C1F86E
:10ADF000BC020E98007C002840D1FFE70E9840F27C
:10AE00001501C2F2000107910978022208924FF45D
:10AE10000073099301F0C0F90799089A099B0E98ED
:10AE2000097801F00F0101EB810100EB81010120A4
:10AE30000B9088840E9840F21601C2F200010A912C
:10AE4000097801F0A9F90A9A0B980E99127802F084
:10AE50000F0202EB820201EB8201A1F864010E985D
:10AE600040F21401C2F20001097801F00F0101EB78
:10AE7000810100EB81011020C8843EE00E9840F271
:10AE80001501C2F2000102910978022203924023C7
:10AE9000049301F081F90299039A049B0E980978B2
:10AEA00001F00F0101EB810100EB8101012006900F
:10AEB00088840E9840F21601C2F2000105910978CB
:10AEC00001F06AF9059A06980E99127802F00F02BD
:10AED00002EB820201EB8201A1F864010E9840F2BC
:10AEE0001401C2F20001097801F00F0101EB8101A8
:10AEF00000EB81011020C884FFE70E9840F2140196
:10AF0000C2F20001009109780322082301F044F9FC
:10AF100000990E98097801F00F0101EB810100EB17
:10AF20008101012088840C9900200190C1F804025D
:10AF30000E98D0F8D41200EB8100D0F8C40200685B
:10AF4000804701980C99C1F814020C99C1F81802B5
:10AF50000C98D0F8040220B9FFE702208DF83F00DA
:10AF600022E00E98007C70B9FFE70E9840F21601BF
:10AF7000C2F2000109780C9AD2F804224FF400734F
:10AF800001F030F90CE00E9840F21601C2F2000117
:10AF900009780C9AD2F80422402301F023F9FFE744
:10AFA00000208DF83F00FFE79DF83F0010B080BD06
:10AFB00080B584B002900298D0F8D41200EB8100E2
:10AFC000D0F8C00201900298D0F8D41200EB8100B2
:10AFD000D0F8C00220B9FFE703208DF80F0022E06F
:10AFE0000298007C70B9FFE7029840F21601C2F2A5
:10AFF00000010978019AD2F804224FF4007301F09D
:10B00000F1F80CE0029840F21601C2F20001097852
:10B01000019AD2F80422402301F0E4F8FFE700206F
:10B020008DF80F00FFE79DF80F0004B080BD000011
:10B0300083B001900091009820B9FFE703208DF8BC
:10B040000B000BE000980199D1F8D42201EB8201AA
:10B05000C1F8C40200208DF80B00FFE79DF80B003B
:10B0600003B0704784B0029001910298D0F8D412D6
:10B0700000EB8100D0F8C0020090009820B9FFE7F3
:10B0800003208DF80F0007E001980099C1F8040231
:10B0900000208DF80F00FFE79DF80F0004B0704707
:10B0A00085B00390029101920398D0F8D41200EB7E
:10B0B0008100D0F8C0020090009820B9FFE703207B
:10B0C0008DF813000BE002980099C1F8080201986E
:10B0D0000099C1F8100200208DF81300FFE79DF8D9
:10B0E000130005B07047000080B58AB00890079142
:10B0F0000898D0F8D41200EB8100D0F8C002069076
:10B1000000208DF81500ADF812008DF8110006989A
:10B1100020B9FFE703208DF82700C7E007980078E3
:10B1200000F060000146039100285ED0FFE703981D
:10B13000202840F0AE80FFE70798C088002846D05E
:10B14000FFE7079800780006002823D5FFE7089856
:10B15000D0F8D41200EB8100D0F8C4028368079ABB
:10B1600050780699D28898470798C088082803D352
:10B17000FFE70720029003E00798C0880290FFE7EE
:10B180000298ADF8160008980699BDF8162000F050
:10B1900037F91BE007984078069981F80002079874
:10B1A000C0883F2804D8FFE70798C088019002E0D4
:10B1B00040200190FFE70198069981F80102089864
:10B1C000069991F8012200F0EDF8FFE70CE00898ED
:10B1D000D0F8D41200EB8100D0F8C402836807993C
:10B1E000487800229847FFE75BE0079840780146DF
:10B1F00000910B2844D80099DFE801F00641424253
:10B200004242424242421C32089890F89C02032873
:10B2100007D1FFE708980DF11201022200F0F0F8C3
:10B2200007E00898079900F0AFF803208DF81100A7
:10B23000FFE72DE0089890F89C02032807D1FFE76C
:10B2400008980DF11501012200F0DAF807E00898DE
:10B25000079900F099F803208DF81100FFE717E037
:10B26000089890F89C02032808D0FFE708980799EF
:10B2700000F08AF803208DF81100FFE708E007E0EE
:10B280000898079900F080F803208DF81100FFE777
:10B2900007E00898079900F077F803208DF811006F
:10B2A000FFE79DF811008DF82700FFE79DF82700C4
:10B2B0000AB080BD80B582B001908DF803100020E7
:10B2C0008DF802000198D0F8B8124A689DF8031072
:10B2D000904720B1FFE703208DF80200FFE79DF8BB
:10B2E000020002B080BD000080B582B001900091E4
:10B2F000019890F89C02013802280ED8FFE70098C8
:10B300004088012808D1FFE701990020C1F8A40274
:10B31000019800F08FF8FFE704E00198009900F031
:10B3200033F8FFE702B080BD82B001908DF80310C2
:10B33000002002B07047000082B001908DF8031029
:10B34000002002B07047000080B584B003900291E5
:10B3500001920398029A019B0021009100F042FFA4
:10B36000009804B080BD000080B584B003900291C5
:10B3700001920398029A019B0021009101F096F836
:10B38000009804B080BD000080B582B001900091AB
:10B390000198802101F03CF80198002101F038F873
:10B3A00002B080BD80B584B00390029101920399F0
:10B3B0000320C1F8940201980399C1F8580101983B
:10B3C0000399C1F85C010398029A019B0021009146
:10B3D00000F008FF009804B080BD000080B582B086
:10B3E000019001990520C1F894020198002300936F
:10B3F00019461A4600F0F6FE009802B080BD000023
:10B4000080B584B003900291019203990220C1F8A3
:10B41000940201980399886101980399C86103987F
:10B42000029A019B0021009101F040F8009804B0BD
:10B4300080BD000080B582B0019001990420C1F860
:10B44000940201980023009319461A4601F02EF841
:10B45000009802B080BD000080B582B08DF8070072
:10B4600000919DF8070060B9FFE7009A4BF2725017
:10B47000C0F6010040F6D871C2F2000100F0DEFA19
:10B480000BE0009A4BF27250C0F6010040F6D87102
:10B49000C2F2000100F0D2FAFFE740F6D870C2F223
:10B4A000000002B080BD000082B08DF8070000915E
:10B4B00000991220088040F25010C2F2000002B041
:10B4C0007047000080B582B08DF8070000919DF8AC
:10B4D000070060B9FFE7009A4BF26450C0F6010024
:10B4E00040F6D871C2F2000100F0A8FA0BE0009A11
:10B4F0004BF26450C0F6010040F6D871C2F2000170
:10B5000000F09CFAFFE740F6D870C2F2000002B0EB
:10B5100080BD000082B08DF80700009100990420E2
:10B52000088040F27810C2F2000002B070470000BC
:10B5300080B584B08DF80F000291029A4BF27D50D5
:10B54000C0F6010040F6D871C2F20001019100F08E
:10B5500075FA019804B080BD80B582B08DF80700FF
:10B5600000919DF8070060B9FFE7009A4BF29050F8
:10B57000C0F6010040F6D871C2F2000100F05EFA98
:10B580000BE0009A4BF29050C0F6010040F6D871E3
:10B59000C2F2000100F052FAFFE740F6D870C2F2A2
:10B5A000000002B080BD000080B582B08DF80700B9
:10B5B000009100991A200880F5F75AFB40F27C10A0
:10B5C000C2F2000002B080BD80B584B00390029149
:10B5D0000298C088012805D0FFE703980299FFF779
:10B5E000D3FE21E0039890F89C12481E0191022896
:10B5F00004D3FFE7019803280AD00FE00399002045
:10B600008860039800F108010122FFF7F9FE0AE0C3
:10B610000398011D0122FFF7F3FE04E0039802994D
:10B62000FFF7B2FEFFE7FFE704B080BD80B588B04A
:10B63000079006910020ADF8160004908DF80F00D9
:10B640000698C078013801460291062800F21E8152
:10B650000299DFE811F0070011002E001B011B0109
:10B66000E80000010798D0F8B4120A68007C0DF1D8
:10B6700016019047049013E10798007C60B9FFE73A
:10B680000798D0F8B802816A0DF116008847049037
:10B690000499022048700BE00798D0F8B802C16AFC
:10B6A0000DF1160088470490049902204870FFE7C6
:10B6B000F6E00698807801460191052800F2A880FE
:10B6C0000199DFE801F0031E39546F8A0798D0F81A
:10B6D000B402406850B1FFE70798D0F8B4124A6846
:10B6E000007C0DF116019047049009E00798069937
:10B6F000FFF74AFE9DF80F0001308DF80F00FFE7BD
:10B7000090E00798D0F8B402806850B1FFE707983E
:10B71000D0F8B4128A68007C0DF1160190470490AD
:10B7200009E007980699FFF72FFE9DF80F000130FA
:10B730008DF80F00FFE775E00798D0F8B402C068F5
:10B7400050B1FFE70798D0F8B412CA68007C0DF139
:10B7500016019047049009E007980699FFF714FE38
:10B760009DF80F0001308DF80F00FFE75AE00798B1
:10B77000D0F8B402006950B1FFE70798D0F8B412CE
:10B780000A69007C0DF116019047049009E00798C2
:10B790000699FFF7F9FD9DF80F0001308DF80F00B5
:10B7A000FFE73FE00798D0F8B402406950B1FFE7E7
:10B7B0000798D0F8B4124A69007C0DF11601904741
:10B7C000049009E007980699FFF7DEFD9DF80F0049
:10B7D00001308DF80F00FFE724E00798D0F8B4029D
:10B7E000806950B1FFE70798D0F8B4128A69007CED
:10B7F0000DF116019047049009E007980699FFF7AC
:10B80000C3FD9DF80F0001308DF80F00FFE709E040
:10B8100007980699FFF7B8FD9DF80F0001308DF8E5
:10B820000F00FFE73CE00798007C48B9FFE7079866
:10B83000D0F8B802416B0DF116008847049009E07A
:10B8400007980699FFF7A0FD9DF80F0001308DF8CD
:10B850000F00FFE724E00798007C60B9FFE7079836
:10B86000D0F8B802016B0DF11600884704900499D6
:10B870000720487009E007980699FFF785FD9DF8B5
:10B880000F0001308DF80F00FFE709E007980699D7
:10B89000FFF77AFD9DF80F0001308DF80F00FFE7EC
:10B8A0009DF80F0008B1FFE72AE00698C08818B39A
:10B8B000FFE7BDF81600C8B1FFE7BDF8160006990E
:10B8C000C988884204DAFFE7BDF81600009003E05B
:10B8D0000698C0880090FFE70098ADF8160007981A
:10B8E0000499BDF81620FFF78BFD04E00798069930
:10B8F000FFF74AFDFFE703E00798FFF79BFDFFE72F
:10B9000008B080BD80B586B005908DF813100598FD
:10B9100003900598029000200190029948880978C8
:10B92000884227DDFFE702980078ADF80200FFE7C4
:10B93000BDF802000299498888421ADAFFE70398A5
:10B940000DF1020100F034F80390039840780528C7
:10B950000ED1FFE703980190019880789DF81310AD
:10B96000884201D1FFE704E000200190FFE7FFE7F4
:10B97000DEE7FFE7019806B080BD000083B00290CB
:10B9800000208DF8070002980090FFE700980078EB
:10B9900048B1FFE79DF8070001308DF807000098D7
:10B9A00001300090F2E79DF8070003B070470000F7
:10B9B00083B002900191029800900098027801995A
:10B9C000088810440880029800990978084400907B
:10B9D000009803B07047000080B582B001900091DC
:10B9E000019890F89C02013802281FD8FFE70098C0
:10B9F000C088022805D0FFE701980099FFF7C4FC32
:10BA000019E001990120C8600198D0F8A40230B172
:10BA1000FFE70199C86840F00200C860FFE701989D
:10BA200000F10C010222FFF7EBFC04E00198009901
:10BA3000FFF7AAFCFFE702B080BD000080B586B02A
:10BA400005900491039200208DF80B00059808B929
:10BA5000FFE74FE0059801900198FFF78FFF01463F
:10BA6000022000EB4100B0F5007F04D9FFE74FF45E
:10BA70000070009008E00198FFF780FF0146022067
:10BA800000EB41000090FFE70098039908800398BD
:10BA9000007804999DF80B2088549DF80B00013024
:10BAA0008DF80B0004999DF80B20032088549DF815
:10BAB0000B0001308DF80B00FFE701980078C8B14A
:10BAC000FFE70198007804999DF80B2088540198AD
:10BAD000013001909DF80B0001308DF80B000499A6
:10BAE0009DF80B20002088549DF80B0001308DF844
:10BAF0000B00E2E706B080BD82B08DF807000020A1
:10BB00008DF806009DF8070001460091032814D81F
:10BB10000099DFE801F002060A0E00208DF8060009
:10BB20000FE003208DF806000BE001208DF80600E1
:10BB300007E003208DF8060003E003208DF80600DF
:10BB4000FFE79DF8060002B07047000080B584B0A2
:10BB5000029001918DF80320029820B9FFE703209D
:10BB60008DF80F0023E002990020C1F8B802029975
:10BB7000C1F8C4020299C1F8D002019828B1FFE7C8
:10BB800001980299C1F8B402FFE70299012081F8F7
:10BB90009C029DF8030002990870029800F01EFABA
:10BBA0008DF802009DF802008DF80F00FFE79DF868
:10BBB0000F0004B080BD000080B582B001908DF808
:10BBC000031000208DF802008DF801000198D0F8D4
:10BBD000C8029DF80310F7F783FC8DF802009DF86A
:10BBE0000200FFF789FF8DF801009DF8010002B007
:10BBF00080BD000080B582B001908DF80310002058
:10BC00008DF802008DF801000198D0F8C8029DF867
:10BC10000310F7F711FC8DF802009DF80200FFF702
:10BC20006BFF8DF801009DF8010002B080BD00009F
:10BC300080B588B006908DF8171004929DF8170013
:10BC4000002874D1FFE70698143003900698D0F8C6
:10BC5000940202285DD1FFE703998868C968884289
:10BC600012D9FFE703998868CA68801A8860069825
:10BC70000499039A9268FFF777FB06980023194608
:10BC80001A4600F0AFFA43E003988168C068884222
:10BC90001ED1FFE703994868C968884218D3FFE7B7
:10BCA000039840680699D1F89812884210D2FFE7AD
:10BCB0000698002201921146FFF756FB019B069859
:10BCC000C0F89832069819461A4600F08BFA1EE022
:10BCD000069890F89C02032811D1FFE70698D0F847
:10BCE000B802C06850B1FFE706990020C1F8D4023D
:10BCF0000698D0F8B812C9688847FFE7FFE70698AA
:10BD0000802100F085FB0698FFF768FBFFE7FFE75F
:10BD1000FFE7069890F8A00240B1FFE7069800F010
:10BD200053FC0699002081F8A002FFE740E0069846
:10BD30009DF8171041F08001FFF7F6FA8DF80A0020
:10BD40009DF80A00FF2832D0FFE79DF80A0070BB7B
:10BD5000FFE7069890F89C02032827D1FFE7069892
:10BD60009DF80A1000EB8100D0F8B8024069E0B1FC
:10BD7000FFE79DF80A000699C1F8D40206989DF8DD
:10BD80000A1000EB8101D1F8B8124A699DF817102A
:10BD900090478DF80B009DF80B0028B1FFE79DF848
:10BDA0000B008DF81F0007E0FFE7FFE7FFE7FFE765
:10BDB00000208DF81F00FFE79DF81F0008B080BD30
:10BDC00080B58AB008908DF81F10069200208DF87B
:10BDD00013009DF81F00002840F08280FFE70898BC
:10BDE00000F5AA7005900898D0F89402032876D13F
:10BDF000FFE705998868C96888421DD9FFE705995A
:10BE00008868CA68801A886008980290069803902B
:10BE100005998868C968884204D2FFE70598806858
:10BE2000019003E00598C0680190FFE7039902982C
:10BE3000019AFFF789FA51E0089890F8AA0200F0F9
:10BE40001F000146009140B1FFE70098012808D08B
:10BE5000FFE7009802280CD013E000208DF81200B4
:10BE600013E0089890F8AE12FFF766FA8DF812000A
:10BE70000BE0089890F8AE12FFF756FA8DF8120012
:10BE800003E000208DF81200FFE79DF8120008BBC8
:10BE9000FFE7089890F89C0203281AD1FFE708985A
:10BEA0009DF8121000EB8100D0F8B802006978B15B
:10BEB000FFE79DF812000899C1F8D40208989DF890
:10BEC000121000EB8101D1F8B81209698847FFE729
:10BED000FFE7FFE70898FFF7ADFAFFE7FFE740E06D
:10BEE00008989DF81F1001F07F01FFF71DFA8DF8EB
:10BEF00012009DF81200FF2832D0FFE79DF81200D3
:10BF000070BBFFE7089890F89C0203281ED1FFE75A
:10BF100008989DF8121000EB8100D0F8B8028069F3
:10BF200098B1FFE79DF812000899C1F8D40208986B
:10BF30009DF8121000EB8101D1F8B8128A699DF8C2
:10BF40001F1090478DF81300FFE7FFE79DF81300DF
:10BF500028B1FFE79DF813008DF8270005E0FFE703
:10BF6000FFE700208DF82700FFE79DF827000AB0C3
:10BF700080BD000081B00090002001B0704700003B
:10BF800080B582B0019000208DF803000199012056
:10BF900081F89C020198D0F8B80268B1FFE70198D7
:10BFA000D0F8B8124A680179904720B1FFE7032022
:10BFB0008DF80300FFE7FFE79DF8030002B080BDA6
:10BFC00080B582B001908DF803100198D0F8C802B6
:10BFD0009DF80310F7F7E8FA02B080BD80B584B091
:10BFE000039003980078A8BBFFE7039944F6046028
:10BFF000C2F200000290C0F8E0140399C1F8C80230
:10C000004FF0A0410160042101710222C2710021A0
:10C01000817142728172C17201738173C173F8F7C9
:10C0200061F818B1FFE7F4F71FFEFFE744F604607C
:10C03000C2F20000019080210091F7F737F90198D2
:10C0400000214022F7F73EF9009A01980121F7F705
:10C0500039F9FFE7002004B080BD000084B00290F1
:10C060008DF807100298D0F8C80200909DF80700DC
:10C07000000600280DD5FFE700989DF8071001F095
:10C080007F0101EBC10100EB8100807D8DF80F0085
:10C090000DE000989DF8071001F07F0101EBC10150
:10C0A00000EB810090F856028DF80F00FFE79DF835
:10C0B0000F0004B07047000080B584B002908DF886
:10C0C00007100298D0F8D41200EB8100D0F8B80223
:10C0D00020B9FFE703208DF80F0020E0029890F8C8
:10C0E0009C02032817D1FFE70298D0F8D41200EB86
:10C0F0008100D0F8B802006A60B1FFE70298D0F87A
:10C10000D41200EB8101D1F8B8120A6A9DF8071029
:10C110009047FFE7FFE700208DF80F00FFE79DF84D
:10C120000F0004B080BD000080B584B002908DF88F
:10C1300007100298D0F8D41200EB8100D0F8B802B2
:10C1400020B9FFE703208DF80F0020E0029890F857
:10C150009C02032817D1FFE70298D0F8D41200EB15
:10C160008100D0F8B802406A60B1FFE70298D0F8C9
:10C17000D41200EB8101D1F8B8124A6A9DF8071079
:10C180009047FFE7FFE700208DF80F00FFE79DF8DD
:10C190000F0004B080BD000080B584B003908DF81E
:10C1A0000B108DF80A20ADF8083000208DF807003C
:10C1B0008DF806000398D0F8C8029DF80B10BDF862
:10C1C00008209DF80A30F7F701FA8DF807009DF86E
:10C1D0000700FFF791FC8DF806009DF8060004B0FB
:10C1E00080BD000080B586B005908DF813100392D5
:10C1F000029300208DF807008DF806000598D0F80E
:10C20000C8029DF81310039A029BF7F757FA8DF8AE
:10C2100007009DF80700FFF76FFC8DF806009DF8FA
:10C22000060006B080BD000080B586B005900020F5
:10C230008DF81300059A012182F89C120599C1F826
:10C240009402059948600599C1F8A402059981F8FE
:10C25000A0020598D0F8B802A0B1FFE70598D0F881
:10C26000B802406868B1FFE70598D0F8B8124A688C
:10C270000179904720B1FFE703208DF81300FFE715
:10C28000FFE7FFE705980022019240230393114640
:10C29000FFF782FF019A039B059901200290A1F804
:10C2A00064010598C0F8603105988021FFF774FF9C
:10C2B00002990398059A9184059908629DF81300E4
:10C2C00006B080BD81B00090009890F89C020428D0
:10C2D00007D1FFE7009890F89D02009981F89C0231
:10C2E000FFE7002001B0704780B582B0019001984F
:10C2F00090F89C02032813D1FFE70198D0F8B80208
:10C3000068B1FFE70198D0F8B802C06930B1FFE723
:10C310000198D0F8B812C9698847FFE7FFE7FFE73F
:10C32000002002B080BD000082B001908DF80310A3
:10C330009DF8030001990874002002B070470000C6
:10C3400080B582B001908DF8031000208DF80200B6
:10C350008DF801000198D0F8C8029DF80310F8F795
:10C3600079F88DF802009DF80200FFF7C5FB8DF803
:10C3700001009DF8010002B080BD000080B584B0CE
:10C3800003900291039800F2AA20029900F0B0F8FD
:10C3900003990120C1F894020399B1F8B002C1F8E1
:10C3A0009802039890F8AA0200F01F00014600913D
:10C3B00040B1FFE7009801280CD0FFE70098022861
:10C3C00010D017E0039800F2AA2100F055FA8DF87A
:10C3D000070019E0039800F2AA2100F089FC8DF80B
:10C3E000070011E0039800F2AA2100F0ABFA8DF8E3
:10C3F000070009E0039890F8AA1201F0800100F00C
:10C4000007F88DF80700FFE79DF8070004B080BD2E
:10C4100080B582B001908DF8031000208DF80200E5
:10C420008DF801000198D0F8C8029DF80310F7F7C5
:10C430007BF98DF802009DF80200FFF75DFB8DF897
:10C4400001009DF8010002B080BD000080B582B0FF
:10C45000019000208DF803008DF802000198D0F8BB
:10C46000C802F8F731F88DF803009DF80300FFF7D4
:10C4700043FB8DF802009DF8020002B080BD000071
:10C4800081B00090009890F89C02042807D0FFE744
:10C49000009890F89C02009981F89D02FFE70099AE
:10C4A000042081F89C02002001B0704780B586B05E
:10C4B00005908DF813100392029300208DF8070069
:10C4C0008DF806000598D0F8C8029DF81310039A5D
:10C4D000029BF7F799F98DF807009DF80700FFF721
:10C4E0000BFB8DF806009DF8060006B080BD00002D
:10C4F00080B584B003900291029801900198007871
:10C50000039908700198013001900198007803990F
:10C5100048700198013001900198FCF70BFF0399D6
:10C5200048800198013001900198013001900198F4
:10C53000FCF700FF03998880019801300190019871
:10C54000013001900198FCF7F5FE0399C88004B012
:10C5500080BD000080B584B0029001910020ADF84C
:10C560000200019820B9FFE703208DF80F0026E0B4
:10C5700001980299C1F8B8020298D0F8D41200EBE1
:10C580008100D0F8B802C06A78B1FFE70298D0F80D
:10C59000D41200EB8100D0F8B802C16A0DF102009C
:10C5A00088470299C1F8D002FFE70299D1F8D80272
:10C5B0000130C1F8D80200208DF80F00FFE79DF888
:10C5C0000F0004B080BD000081B00090002001B0D9
:10C5D0007047000080B584B0039002910298808873
:10C5E000B8BBFFE70298C08898BBFFE70298408875
:10C5F0007F282ED8FFE70298807800F07F008DF822
:10C600000700039890F89C02032805D1FFE70398E0
:10C610000299FEF7B9FE1BE09DF80700039981F827
:10C620009E0203989DF80710FFF78AFE0398FEF715
:10C6300001FF9DF8070028B1FFE70399022081F868
:10C640009C0204E00399012081F89C02FFE7FFE7C8
:10C6500004E003980299FEF797FEFFE704B080BD5F
:10C6600080B582B001908DF8031000208DF8020093
:10C670000198D0F8B80250B1FFE70198D0F8B8128D
:10C680000A689DF8031090478DF80200FFE79DF8B7
:10C69000020002B080BD000080B586B00490039116
:10C6A00000208DF80B000398817840F6D470C2F218
:10C6B000000001700078022808D3FFE7049803996E
:10C6C000FEF762FE03208DF81700A0E0049890F8B2
:10C6D0009C0201460191022804D0FFE7019803283B
:10C6E0002FD07FE040F6D470C2F20000007818B37B
:10C6F000FFE740F6D471C2F200010878049A506056
:10C7000004980978FFF7ACFF8DF80B009DF80B003B
:10C7100048B1FFE704980399FEF736FE049902201A
:10C7200081F89C0207E00498FEF784FE0499032038
:10C7300081F89C02FFE703E00498FEF77BFEFFE729
:10C7400060E040F6D470C2F20000007898B9FFE7CC
:10C750000499022081F89C0240F6D471C2F20001D3
:10C760000878049A506004980978FEF7A3FD0498AD
:10C77000FEF760FE35E040F6D470C2F200000078AB
:10C7800004994968884227D0FFE704980179FEF7A9
:10C7900091FD40F6D471C2F200010878049A50600D
:10C7A00004980978FFF75CFF8DF80B009DF80B00EB
:10C7B00068B1FFE704980399FEF7E6FD0498017954
:10C7C000FEF778FD0499022081F89C0203E00498AA
:10C7D000FEF730FEFFE703E00498FEF72BFEFFE7CD
:10C7E000FFE70FE004980399FEF7CEFD049840F6AA
:10C7F000D471C2F200010978FEF75CFD03208DF8C8
:10C800000B00FFE79DF80B008DF81700FFE79DF880
:10C81000170006B080BD000080B582B00190009185
:10C8200000984088012808D1FFE701990120C1F84C
:10C83000A4020198FEF7FEFD13E00098408802284C
:10C8400009D1FFE700984079019981F8A002019889
:10C85000FEF7F0FD04E001980099FEF795FDFFE773
:10C86000FFE702B080BD000080B582B00190019862
:10C87000FFF7ECFD02B080BD80B586B00590049155
:10C8800000208DF80F000498007800F06000014649
:10C890000291A8B1FFE70298202804D0FFE7029890
:10C8A000402846D1FFE70598D0F8D41200EB81016B
:10C8B000D1F8B8128A68049990478DF80F003DE0CE
:10C8C000049840780146019109282CD80199DFE8A5
:10C8D00001F01B252A202A0A052A160F059804991B
:10C8E000FEF7A4FE24E005980499FFF773FE1FE00D
:10C8F00005980499FFF7D0FE8DF80F0018E0059811
:10C900000499FEF761FE13E005980499FFF764F8B7
:10C910000EE005980499FFF77FFF09E00598049958
:10C92000FEF7E2FC04E005980499FEF72DFDFFE711
:10C9300004E005980499FEF727FDFFE79DF80F0036
:10C9400006B080BD80B58CB00B900A9100208DF8A8
:10C9500021000A9880888DF823000A98007800F05A
:10C96000600001460791B8B3FFE70798202805D07B
:10C97000FFE70798402840F0B281FFE70B989DF849
:10C980002310FEF7D1FC8DF822009DF82200FF282D
:10C9900021D0FFE79DF82200E8B9FFE79DF82200CB
:10C9A0000B99C1F8D4020B989DF8221000EB81007E
:10C9B000D0F8B802806868B1FFE70B989DF82210A4
:10C9C00000EB8101D1F8B8128A680A9990478DF876
:10C9D0002100FFE7FFE787E10A98407801460691CA
:10C9E000002800F0BD80FFE7069801284CD0FFE743
:10C9F0000698032840F06D81FFE70B9890F89C02A1
:10CA000001460591022804D0FFE70598032819D0B4
:10CA100034E09DF8230078B1FFE79DF823008028DB
:10CA20000AD0FFE70B989DF82310FFF7F1FC0B9855
:10CA30008021FFF7EDFC04E00B980A99FEF7A4FCB7
:10CA4000FFE720E00A984088A0B9FFE79DF823009F
:10CA500078B1FFE79DF8230080280AD0FFE70A9805
:10CA6000C08830B9FFE70B989DF82310FFF7D0FC82
:10CA7000FFE7FFE70B98FEF7DDFC04E00B980A994F
:10CA8000FEF782FCFFE729E10B9890F89C02014633
:10CA90000491022804D0FFE70498032819D059E034
:10CAA0009DF8230078B1FFE79DF8230080280AD085
:10CAB000FFE70B989DF82310FFF7AAFC0B98802145
:10CAC000FFF7A6FC04E00B980A99FEF75DFCFFE770
:10CAD00045E00A984088E0BBFFE79DF82300400648
:10CAE00030B1FFE70B989DF82310FFF765F8FFE7DB
:10CAF0000B98FEF79FFC0B989DF82310FEF714FC93
:10CB00008DF822009DF82200FF2821D0FFE79DF834
:10CB10002200E8B9FFE79DF822000B99C1F8D40282
:10CB20000B989DF8221000EB8100D0F8B8028068C5
:10CB300068B1FFE70B989DF8221000EB8101D1F856
:10CB4000B8128A680A9990478DF82100FFE7FFE73D
:10CB5000FFE704E00B980A99FEF716FCFFE7BDE03B
:10CB60000B9890F89C0201460391022804D0FFE73D
:10CB70000398032838D0A6E09DF8230050B1FFE7C2
:10CB80009DF82300802805D0FFE70B980A99FEF74F
:10CB9000FBFB9DE09DF82300000600280CD5FFE775
:10CBA0000B989DF8231001F07F0101EB810100EB50
:10CBB0008100143002900CE00B989DF8231001F0D6
:10CBC0007F0101EB810100EB810000F5AA7002906A
:10CBD000FFE7029809900999002008600B980999CD
:10CBE0000222FEF70DFC73E09DF8230000060028EA
:10CBF00012D5FFE70B989DF8231001F00F0101EB10
:10CC0000810100EB8100808C28B9FFE70B980A991D
:10CC1000FEF7BAFB5CE012E00B989DF8231001F0E0
:10CC20000F0101EB810100EB8100B0F8640128B92C
:10CC3000FFE70B980A99FEF7A7FB49E0FFE79DF88D
:10CC40002300000600280CD5FFE70B989DF8231061
:10CC500001F07F0101EB810100EB810014300190B4
:10CC60000CE00B989DF8231001F07F0101EB81018E
:10CC700000EB810000F5AA700190FFE70198099090
:10CC80009DF8230028B1FFE79DF82300802804D1F8
:10CC9000FFE70999002008600FE00B989DF823102A
:10CCA000FFF7DCF920B1FFE709990120086003E0F4
:10CCB000099900200860FFE7FFE70B980999022215
:10CCC000FEF79EFB04E00B980A99FEF75DFBFFE779
:10CCD00004E00B980A99FEF757FBFFE704E00B9876
:10CCE0000A99FEF751FBFFE79DF821000CB080BDCB
:10CCF00080B584B00390029100208DF8070002985F
:10CD0000007800F060000146009140B1FFE7009814
:10CD1000202804D0FFE7009840285AD1FFE7039865
:10CD200090F89C02013802284DD8FFE7029800795C
:10CD3000012842D8FFE7039802990979FEF7FCFA27
:10CD40008DF806009DF80600FF2825D0FFE79DF826
:10CD5000060008BBFFE703989DF8061000EB810072
:10CD6000D0F8B802806890B1FFE79DF806000399FB
:10CD7000C1F8D40203989DF8061000EB8101D1F8A8
:10CD8000B8128A68029990478DF8070003E00320E3
:10CD90008DF80700FFE703E003208DF80700FFE7A9
:10CDA0000298C08840B9FFE79DF8070020B9FFE767
:10CDB0000398FEF73FFBFFE704E003980299FEF7B4
:10CDC000E3FAFFE704E003980299FEF7DDFAFFE7D4
:10CDD00004E003980299FEF7D7FAFFE79DF80700F1
:10CDE00004B080BD81B0009001B0704781B0009068
:10CDF00041F2D810C2F2000001B0704784B0039035
:10CE0000029103980190029800780090029840786F
:10CE1000012830D1FFE70298007800F00F010120CF
:10CE200000FA01F20199D1F81C081043C1F81C085E
:10CE30000198009900EB4110D0F800090004002887
:10CE400018D4FFE7029988686FF3DF20097940EA78
:10CE50008140009A40EA8250019901EB4211D1F8D9
:10CE60000029104348F20002C1F200021043C1F849
:10CE70000009FFE72EE00298007800F00F01012082
:10CE800000FA01F20199D1F81C0840EA0240C1F809
:10CE90001C080198009900EB4110D0F8000B000429
:10CEA000002816D4FFE7029988686FF3DF2009791C
:10CEB00040EA81400199009A01EB4211D1F8002B20
:10CEC000104348F20002C1F200021043C1F8000B07
:10CED000FFE7FFE7002004B07047000082B0019038
:10CEE000019800900099D1F8000940F2FF72904338
:10CEF000C1F800090099D1F8040840F48070C1F825
:10CF00000408002002B0704780B58AB0DDF830C058
:10CF1000CDF814C00493039202919DF814108DF87B
:10CF200024100299039A049B08930792069101909A
:10CF30009DF81D00012823D1FFE70199886B20F49B
:10CF4000803088630199C8684FF6BF72CFF6BD7212
:10CF50001040C8600199C86820F44010C8609DF86E
:10CF60002400012806D1FFE70199C86840F4801029
:10CF7000C860FFE7019800F033F88DF803001AE06D
:10CF80000199C86840F04000C860019800F028F896
:10CF90008DF803009DF8210030B9FFE70199886BF7
:10CFA00040F48030886305E00199886B20F480307C
:10CFB0008863FFE7FFE79DF81A0001280BD1FFE720
:10CFC0000199886840F0060088600199886840F0FF
:10CFD00020008860FFE79DF803000AB080BD0000D4
:10CFE00083B0019000200090FFE70098013000908E
:10CFF0000098B0F1706F04D9FFE703208DF80B00A3
:10D0000026E0FFE701980069C00F0028EDD0FFE798
:10D01000002000900199086940F001000861FFE7D5
:10D020000098013000900098B0F1706F04D9FFE7CC
:10D0300003208DF80B000BE0FFE70198006900F07A
:10D0400001000128ECD0FFE700208DF80B00FFE77E
:10D050009DF80B0003B0704784B0039002910398D1
:10D06000019002980078009002984078012845D1FC
:10D07000FFE70198009900EB4110D0F80009C00FBC
:10D08000A8B1FFE70198009900EB4111D1F8000920
:10D0900040F00060C1F800090198009900EB4111CF
:10D0A000D1F8000940F08040C1F80009FFE702987C
:10D0B000007800F00F01012000FA01F3019AD2F884
:10D0C0003C189943C2F83C180299097801F00F0105
:10D0D00000FA01F20199D1F81C089043C1F81C082C
:10D0E0000198009900EB4111D1F8000947F60002C0
:10D0F000CEF633421040C1F8000946E0019800998D
:10D1000000EB4110D0F8000BC00FA8B1FFE7019869
:10D11000009900EB4111D1F8000B40F00060C1F81C
:10D12000000B0198009900EB4111D1F8000B40F081
:10D130008040C1F8000BFFE70298007800F00F0173
:10D14000012000FA01F3019AD2F83C1821EA0341C8
:10D15000C2F83C180299097801F00F0100FA01F2B7
:10D160000199D1F81C0820EA0240C1F81C08019876
:10D17000009900EB4111D1F8000B47F60002CEF602
:10D18000F3721040C1F8000BFFE7002004B07047B5
:10D1900082B00190019800900099D1F8000E20F023
:10D1A0000300C1F8000E0099D1F8040820F0020035
:10D1B000C1F80408002002B07047000082B001905E
:10D1C000019800900099D1F8000E20F00300C1F8FA
:10D1D000000E0099D1F8040840F00200C1F80408DC
:10D1E000002002B07047000080B58CB0DDF838C078
:10D1F000CDF81CC00693059204919DF81C108DF883
:10D200002C100499059A069B0A93099208910390A1
:10D2100000208DF80B00039901910090FFE7009822
:10D220000E280CD8FFE70398009900EB810100203D
:10D23000C1F80401FFE7009801300090EFE79DF886
:10D240002A00B8B9FFE70199D1F8040840F00200BC
:10D25000C1F804080399886B40F4001088630399AF
:10D26000886B20F4002088630399886B20F4802069
:10D2700088630AE00399886B20F40010886303999F
:10D28000886B40F400208863FFE701990020C1F813
:10D29000000E9DF8250001280FD1FFE79DF823001F
:10D2A00028B9FFE70398002100F07CFE04E0039812
:10D2B000012100F077FEFFE704E00398032100F06E
:10D2C00071FEFFE70398102100F0A8FC20B1FFE7F2
:10D2D00001208DF80B00FFE7039800F065FC20B1FA
:10D2E000FFE701208DF80B00FFE701990020C1F84E
:10D2F00010080199C1F814080199C1F81C080090A0
:10D30000FFE700989DF8201088423BD2FFE7019884
:10D31000009900EB4110D0F80009C00FB0B1FFE751
:10D32000009848B9FFE70198009900EB41114FF0D0
:10D330000060C1F8000908E00198009900EB411174
:10D340004FF09040C1F80009FFE707E0019800990D
:10D3500000EB41110020C1F80009FFE70198009996
:10D3600000EB41110020C1F810090198009900EB71
:10D3700041114FF67F30C1F80809FFE700980130EE
:10D380000090BEE700200090FFE700989DF8201075
:10D3900088423BD2FFE70198009900EB4110D0F89A
:10D3A000000BC00FB0B1FFE7009848B9FFE7019844
:10D3B000009900EB41114FF00060C1F8000B08E04C
:10D3C0000198009900EB41114FF09040C1F8000B1B
:10D3D000FFE707E00198009900EB41110020C1F838
:10D3E000000BFFE70198009900EB41110020C1F804
:10D3F000100B0198009900EB41114FF67F30C1F8F6
:10D40000080BFFE7009801300090BEE70199D1F8C2
:10D41000100820F48070C1F810080399002088617A
:10D4200003996FF0804048619DF8220030B9FFE712
:10D430000399886940F010008861FFE703998869C3
:10D4400043F60002C8F23C02104388619DF82600B2
:10D4500030B1FFE70399886940F008008861FFE771
:10D460009DF82A00012808D1FFE703998869042262
:10D47000C4F2000210438861FFE79DF80B000CB076
:10D4800080BD000081B000900099886820F0010004
:10D490008860002001B0704786B004908DF80F10AE
:10D4A0000292049801900498006C0090009843F256
:10D4B0000B01C4F6547188420BD3FFE70198D0F8F2
:10D4C000000BC00F20B1FFE700208DF817002EE001
:10D4D000FFE701990020C1F8100B0199D1F8100B5A
:10D4E00040F40020C1F8100B0199D1F8100B40F066
:10D4F0001800C1F8100B0199D1F8100B40F0C04092
:10D50000C1F8100B9DF80F0001280CD1FFE702981D
:10D510000199C1F8140B0199D1F8000B40F080205B
:10D52000C1F8000BFFE700208DF81700FFE79DF81A
:10D53000170006B07047000084B003900291039872
:10D54000019002980078009002984078012820D13C
:10D55000FFE70198009900EB4111D1F8000920F490
:10D560000010C1F8000902980079032805D0FFE7F0
:10D570000298007902280BD1FFE70198009900EB8F
:10D580004111D1F8000940F08050C1F80009FFE7CF
:10D590001FE00198009900EB4111D1F8000B20F435
:10D5A0000010C1F8000B02980079032805D0FFE7AE
:10D5B0000298007902280BD1FFE70198009900EB4F
:10D5C0004111D1F8000B40F08050C1F8000BFFE78B
:10D5D000FFE7002004B0704784B0039002910398E5
:10D5E000019002980078009002984078012822D19A
:10D5F000FFE70198009900EB4110D0F80009C00F37
:10D6000070B9FFE7009858B1FFE70198009900EB67
:10D610004111D1F8000920F08040C1F80009FFE76E
:10D620000198009900EB4111D1F8000940F4001075
:10D63000C1F8000921E00198009900EB4110D0F8F1
:10D64000000BC00F70B9FFE7009858B1FFE70198D1
:10D65000009900EB4111D1F8000B20F08040C1F897
:10D66000000BFFE70198009900EB4111D1F8000B86
:10D6700040F40010C1F8000BFFE7002004B0704731
:10D6800080B588B0079006918DF817200798049010
:10D6900006980078039006984078012840F024818D
:10D6A000FFE706980069F8B9FFE70498039900EBD3
:10D6B0004111D1F810096FF3DC40C1F8100904984A
:10D6C000039900EB4111D1F8100940F40020C1F892
:10D6D00010090498039900EB4111D1F810096FF378
:10D6E0001200C1F8100971E00498039900EB411190
:10D6F000D1F810096FF31200C1F8100904980399CA
:10D7000000EB4111D1F810096FF3DC40C1F81009AA
:10D710000398A8B9FFE7069881680069884204D990
:10D72000FFE7069988680861FFE70498039900EB12
:10D730004111D1F8100940F40020C1F8100937E078
:10D7400006988168006908440138B0FBF1F0ADF833
:10D750000A00BDF80A100020C1F6F87000EAC142C4
:10D760000498039900EB4111D1F810091043C1F856
:10D77000100906980079012819D1FFE70498039948
:10D7800000EB4111D1F8100920F0C040C1F8100998
:10D79000BDF80A0000F003020498039900EB411160
:10D7A000D1F8100940EA4270C1F81009FFE7FFE71D
:10D7B000069802696FF3DF420498039900EB411168
:10D7C000D1F810091043C1F81009FFE79DF81700C0
:10D7D00001283BD1FFE70698C06948B1FFE70698EA
:10D7E000C0690499039A01EB4211C1F81409FFE7DB
:10D7F0000698007901281ED1FFE70498D0F80808A0
:10D80000C00500280BD4FFE70498039900EB4111F1
:10D81000D1F8000940F00050C1F800090AE004986E
:10D82000039900EB4111D1F8000940F08050C1F894
:10D830000009FFE7FFE70498039900EB4111D1F8D5
:10D84000000940F00440C1F800094CE00498039935
:10D8500000EB4111D1F8000940F00440C1F8000983
:10D8600006980079012813D0FFE70698006970B187
:10D87000FFE70698007800F00F01012000FA01F29E
:10D880000499D1F834081043C1F83408FFE729E0BF
:10D890000498D0F80808C00500280BD4FFE70498C6
:10D8A000039900EB4111D1F8000940F00050C1F894
:10D8B00000090AE00498039900EB4111D1F800092E
:10D8C00040F08050C1F80009FFE70798069BD9682F
:10D8D0001A781B8A9DF817C0EE46CEF800C000F0FB
:10D8E00051FCFFE7FFE7C4E00498039900EB411106
:10D8F000D1F8100B6FF31200C1F8100B04980399C4
:10D9000000EB4111D1F8100B6FF3DC40C1F8100BA4
:10D91000039818BBFFE70698006920B1FFE7069956
:10D9200088680861FFE70699886808620698026AB5
:10D930006FF3DF420498039900EB4111D1F8100B0B
:10D940001043C1F8100B0498039900EB4111D1F872
:10D95000100B40F40020C1F8100B49E00698006954
:10D96000C0B9FFE7069882686FF3DF420498039915
:10D9700000EB4111D1F8100B1043C1F8100B0498C3
:10D98000039900EB4111D1F8100B40F40020C1F8CD
:10D99000100B2CE006988168006908440138B0FB40
:10D9A000F1F0ADF80A0006998868BDF80A205043E6
:10D9B0000862BDF80A100020C1F6F87000EAC14202
:10D9C0000498039900EB4111D1F8100B1043C1F8F2
:10D9D000100B0698026A6FF3DF420498039900EB7C
:10D9E0004111D1F8100B1043C1F8100BFFE7FFE70E
:10D9F0009DF8170001280ED1FFE70698C06848B1CE
:10DA0000FFE70698C0680499039A01EB4211C1F838
:10DA1000140BFFE7FFE70698007901281ED1FFE706
:10DA20000498D0F80808C00500280BD4FFE7049834
:10DA3000039900EB4111D1F8000B40F00050C1F800
:10DA4000000B0AE00498039900EB4111D1F8000B98
:10DA500040F08050C1F8000BFFE7FFE704980399FE
:10DA600000EB4111D1F8000B40F00440C1F8000B6D
:10DA7000FFE7002008B080BD85B00490039100202E
:10DA800002908DF8070004980090039840780128D0
:10DA90003ED1FFE700980399097800EB4110D0F8D8
:10DAA0000009C00F98B3FFE700980399097800EBCD
:10DAB0004111D1F8000940F00060C1F80009009858
:10DAC0000399097800EB4111D1F8000940F080403A
:10DAD000C1F80009FFE7029801300290029842F273
:10DAE0001171884204D3FFE701208DF807000DE093
:10DAF000FFE700980399097800EB4110D0F800097E
:10DB000000F00040B0F1004FE5D0FFE7FFE73DE057
:10DB100000980399097800EB4110D0F8000BC00F72
:10DB200098B3FFE700980399097800EB4111D1F809
:10DB3000000B40F00060C1F8000B009803990978D1
:10DB400000EB4111D1F8000B40F08040C1F8000B10
:10DB5000FFE7029801300290029842F21171884268
:10DB600004D3FFE701208DF807000DE0FFE70098E0
:10DB70000399097800EB4110D0F8000B00F0004049
:10DB8000B0F1004FE5D0FFE7FFE7FFE79DF80700A2
:10DB900005B0704781B000900099886840F001009E
:10DBA0008860002001B0704783B001900020009091
:10DBB000FFE70098013000900098B0F1706F04D931
:10DBC000FFE703208DF80B0024E0FFE701980069D0
:10DBD000C00F0028EDD0FFE7002000900199102031
:10DBE0000861FFE70098013000900098B0F1706F75
:10DBF00004D9FFE703208DF80B000BE0FFE7019845
:10DC0000006900F010001028ECD0FFE700208DF82C
:10DC10000B00FFE79DF80B0003B0704784B0029043
:10DC2000019100200090FFE70098013000900098DB
:10DC3000B0F1706F04D9FFE703208DF80F0026E0E4
:10DC4000FFE702980069C00F0028EDD0FFE7002031
:10DC5000009001988001203002990861FFE7009848
:10DC6000013000900098B0F1706F04D9FFE70320F5
:10DC70008DF80F000BE0FFE70298006900F020002C
:10DC80002028ECD0FFE700208DF80F00FFE79DF87B
:10DC90000F0004B07047000084B003900398029016
:10DCA0000298D0F8080800F006000090009820B90B
:10DCB000FFE700208DF8070010E00098022804D04C
:10DCC000FFE70098062804D1FFE702208DF807003F
:10DCD00003E00F208DF80700FFE7FFE79DF807003E
:10DCE00004B0704781B000900098406900F00100D6
:10DCF00001B0704783B00290029801900198D0F86B
:10DD0000180800900198D0F81C180098084000905E
:10DD1000BDF8000003B0704783B0029002980190F4
:10DD20000198D0F8180800900198D0F81C180098B5
:10DD300008400090BDF8020003B0704786B005901F
:10DD40008DF81310059803900398D0F810080190EF
:10DD50000398D0F83408009000989DF8131001F053
:10DD60000F01C84000F00101019840EAC110019084
:10DD700003989DF8131000EB4110D0F808090199A1
:10DD800008400290029806B07047000084B00390EB
:10DD90008DF80B100398019001989DF80B1000EB83
:10DDA0004110D0F8080B00900198D0F81418009892
:10DDB00008400090009804B07047000082B00190C5
:10DDC000019840690090019881690098084000908E
:10DDD000009802B07047000089B008900791ADF834
:10DDE0001A200898059007980490BDF81A0080083A
:10DDF0000190BDF81A0000F00300ADF80200002009
:10DE00000290FFE702980199884217D2FFE7059830
:10DE10004FF48051405804990860049801300490F0
:10DE20000498013004900498013004900498013063
:10DE30000490FFE7029801300290E3E7BDF802008A
:10DE400008B3FFE70020029005984FF48051405836
:10DE50000390FFE703989DF80810C900C840049993
:10DE60000870029801300290049801300490BDF8C7
:10DE700002000138ADF80200FFE7BDF802000028FB
:10DE8000E8D1FFE7FFE7049809B0704780B586B096
:10DE900004908DF80F10002002900499C86820F0BB
:10DEA000C040C8609DF80F00012823D1FFE7049906
:10DEB000C86840F00050C860FFE70A20F4F7A2F9F4
:10DEC00002980A300290FFE70498FFF70BFF014623
:10DED00000200129019007D0FFE702990020C829FE
:10DEE00038BF01200190FFE70198C0070028E4D166
:10DEF000FFE72AE09DF80F0010BBFFE70499C86810
:10DF000040F08040C860FFE70A20F4F77BF90298F0
:10DF10000A300290FFE70498FFF7E4FE0146002074
:10DF2000009039B1FFE702990020C82938BF0120CD
:10DF30000090FFE70098C0070028E5D1FFE703E065
:10DF400001208DF817000CE0FFE70298C82804D1E3
:10DF5000FFE701208DF8170003E000208DF817007F
:10DF6000FFE79DF8170006B080BD000083B0029067
:10DF70008DF80710029800900099D1F8000820F45D
:10DF8000FE60C1F800089DF8070000F07F020099CC
:10DF9000D1F8000840EA0210C1F80008002003B0E0
:10DFA0007047000083B002908DF80710029800902F
:10DFB0009DF807200099D1F800081043C1F8000827
:10DFC000002003B07047000084B0039002918DF8E8
:10DFD00007209DF80700022840F0B880FFE702986C
:10DFE0004AF6C041C0F2D80188420BD3FFE702983D
:10DFF0004EF2BF11C0F2E401884203D8FFE70F20C0
:10E000000090A2E002984EF2C011C0F2E4018842F2
:10E010000BD3FFE7029842F2FF31C0F2F4018842CD
:10E0200003D8FFE70E2000908EE0029842F20041F4
:10E03000C0F2F40188420BD3FFE7029847F27F3128
:10E04000C0F20611884203D8FFE70D2000907AE065
:10E05000029847F28031C0F2061188420BD3FFE7E5
:10E06000029844F69F11C0F21A11884203D8FFE7C4
:10E070000C20009066E0029844F6A011C0F21A113C
:10E0800088420BD3FFE7029842F6FF41C0F23111FC
:10E09000884203D8FFE70B20009052E0029842F636
:10E0A0000051C0F2311188420BD3FFE702984AF2C7
:10E0B0003F41C0F24C11884203D8FFE70A2000908C
:10E0C0003EE002984AF24041C0F24C1188420BD324
:10E0D000FFE7029843F2FF51C0F26E11884203D865
:10E0E000FFE7092000902AE0029843F20061C0F2A5
:10E0F0006E1188420BD3FFE702984AF61F31C0F237
:10E10000A611884203D8FFE70820009016E0029885
:10E110004AF62031C0F2A61188420BD3FFE70298DD
:10E1200044F2FF71C0F2E811884203D8FFE70720EC
:10E13000009002E006200090FFE7FFE7FFE7FFE71F
:10E14000FFE7FFE7FFE7FFE7FFE70AE09DF80700CB
:10E1500018B9FFE70920009002E009200090FFE7CE
:10E16000FFE70399C86820F47050C860009800F079
:10E170000F020399C86840EA8220C860002004B0FA
:10E180007047000080B588B084460A98CDF81CC05E
:10E1900006918DF81720ADF814308DF8130007980C
:10E1A0000390069802909DF8130048BBFFE7BDF866
:10E1B000140003308008019000200090FFE70098D1
:10E1C000019988421BD2FFE70298006803999DF8E5
:10E1D000172001EB02314FF4805288500298013031
:10E1E0000290029801300290029801300290029849
:10E1F00001300290FFE7009801300090DFE7FFE771
:10E20000002008B080BD0000FFE7FEE780B50BF0FE
:10E210008BFA80BD80B50BF0DFFA80BD80B50BF0C6
:10E22000A9FA80BD80B50BF0B1FA80BD80B50BF0C6
:10E23000F9FA0BF01DFB0BF023FB80BD80B584B019
:10E24000039041F20400CEF20000006802900298B0
:10E2500003990968401A00EE100AB8EE400A40F22D
:10E260006C20C2F2000090ED001AB8EE411A80EE68
:10E27000010A8DED010A02980399086001F09CFDE6
:10E280009DED010A04B080BD83B002908DED010ABE
:10E29000CDED000A029890ED000A9DED011AB4EE52
:10E2A000410AF1EE10FA04DAFFE7019802990860DA
:10E2B0000FE0029890ED000A9DED001AB4EE410ABD
:10E2C000F1EE10FA04DDFFE7009802990860FFE71D
:10E2D000FFE703B07047000082B00190ADF8021074
:10E2E000ADF800200198B0F90000BDF90210884295
:10E2F00005DAFFE7BDF80200019908800DE00198FA
:10E30000B0F90000BDF90010884205DDFFE7BDF857
:10E31000000001990880FFE7FFE702B070470000A6
:10E3200085B004908DF80F10049844F60021C2F2D5
:10E33000000188425BD1FFE79DF80F0001380146DC
:10E3400001910A2852D80199DFE801F0060C131A4E
:10E3500021272E353C42490040F2DA10C2F200007B
:10E36000029043E040F2DA10C2F200000230029064
:10E370003CE040F2DA10C2F200000430029035E0D6
:10E3800040F2DA10C2F20000063002902EE040F2B5
:10E39000D210C2F20000029028E040F2D210C2F285
:10E3A00000000230029021E040F2D210C2F20000E0
:10E3B000043002901AE040F2D210C2F2000006309F
:10E3C000029013E040F2E210C2F2000002900DE071
:10E3D00040F2E210C2F200000230029006E040F289
:10E3E000E210C2F2000004300290FFE763E00498FC
:10E3F00044F62821C2F2000188425BD1FFE79DF874
:10E400000F000138014600910A2852D80099DFE830
:10E4100001F0060C131A21272E353C42490040F228
:10E420002020C2F20000029043E040F22020C2F21D
:10E430000000023002903CE040F22020C2F20000D6
:10E440000430029035E040F22020C2F20000063095
:10E4500002902EE040F21820C2F20000029028E064
:10E4600040F21820C2F200000230029021E040F297
:10E470001820C2F20000043002901AE040F2182086
:10E48000C2F200000630029013E040F22820C2F2EF
:10E49000000002900DE040F22820C2F2000002309D
:10E4A000029006E040F22820C2F200000430029000
:10E4B000FFE7FFE7FFE7029805B0704780B582B03D
:10E4C00000F028F840F6FC00C2F2000090ED000ACF
:10E4D000B8EE401A818800EE101AB8EEC00A9FED1F
:10E4E0000B2A20EE020A30EE011AC08800EE100A54
:10E4F000B8EEC00A9FED062A20EE020A30EE010AAD
:10E500008DED010A9DED010A02B080BD6F12833AC4
:10E51000BD37863510B584B001F04EFC40F2842042
:10E52000C2F20000016844F20870C2F20000006804
:10E53000401A40F27821C2F200010860086840F2F7
:10E540006C2EC2F2000EDEF80020B0FBF2F242F2B6
:10E550002840C2F2000000230193436002600A6871
:10E56000D0F800C04168DEF800E0ACFB0EC401FB4F
:10E570000E41B2EB0C0C63EB010242F23041C2F2ED
:10E5800000010291C1F800C04A60006840F6FC0238
:10E59000C2F20002039210600868496840F27022DB
:10E5A000C2F2000200921268F1F70CFEDDF800C022
:10E5B000019B039A01460298918001684068928805
:10E5C000DCF800C002FB0CF28A1A60F1000042F293
:10E5D0003841C2F200010A6048600868496840F2A8
:10E5E0007422C2F200021268F1F7ECFD0399C880B0
:10E5F00004B010BD87B08DED060ACDED050A8DED96
:10E60000041A039002919DED060A9DED052A30EE55
:10E61000420A9DED041A31EE421A80EE010A8DED98
:10E62000010A9DED010A02990398091A01EE101AD8
:10E63000B8EEC12A01EE100AB8EEC11A20EE020AA5
:10E6400030EE010ABDEEC00A8DED000A009807B059
:10E650007047000080B58AB009908DF823108DF8BE
:10E6600022208DF8213045F2CE51C2F200010691F0
:10E670000420088045F2CC51C2F200010820088035
:10E680009DF82300099908739DF8220009994873A1
:10E690009DF82100099988730999002008749DF854
:10E6A00021000CF0F2F809994861099840699DF839
:10E6B0002110F1F7D1FD069800889DF821104843FC
:10E6C0000CF0E3F80699099A906109988069098825
:10E6D0009DF821205143F1F7BFFD069800889DF871
:10E6E000211048430CF0D1F80699099AD061099895
:10E6F000C06909889DF821205143F1F7ADFD0698C6
:10E7000000889DF8231048430CF0BFF80699099A39
:10E7100010620998006A09889DF823205143F1F797
:10E720009BFD9DF821000CF0B0F80999486209980A
:10E73000406A9DF82110F1F78FFD069800889DF83A
:10E74000231048430CF0A1F80699099A1060099823
:10E75000006809889DF823205143F1F77DFD069854
:10E7600000889DF8211048430CF08FF80699099A0B
:10E7700050600998406809889DF821205143F1F7BD
:10E780006BFD069800889DF8221048430CF07DF838
:10E790000699099A90600998806809889DF8222056
:10E7A0005143F1F759FD069800889DF8231048431E
:10E7B0000CF06BF80699099AC2F8E8000998D0F8AD
:10E7C000E80009889DF823205143F1F745FD099A97
:10E7D00002F13000117BD2F8E830012207920BF0F1
:10E7E000B4F8069800889DF8231048430CF04DF8C3
:10E7F0000699099AC2F8EC000998D0F8EC0009884B
:10E800009DF823205143F1F727FD079A099B03F157
:10E810003800197BD3F8EC300BF097F89DF8220004
:10E8200010B3FFE745F2CE50C2F200000590008819
:10E830009DF8221048430CF028F80599099AC2F86F
:10E84000F0000998D0F8F00009889DF82220514383
:10E85000F1F702FD099A02F14000517BD2F8F03045
:10E8600001220BF072F8FFE745F2CE50C2F2000031
:10E87000049000889DF8211048430CF006F8049994
:10E88000099AC2F8F4000998D0F8F40009889DF8B4
:10E8900021205143F1F7E0FC099A02F14800917BF5
:10E8A000D2F8F43001220BF050F8049800889DF85B
:10E8B0002310484348430BF0E8FF0499099AC2F833
:10E8C000F8000998D0F8F80009889DF823205143F2
:10E8D0005143F1F7C1FC099901F150000A7BD1F8CD
:10E8E000F83011460BF031F8049800889DF8231099
:10E8F000484348430BF0C9FF0499099AC2F8FC0049
:10E900000998D0F8FC0009889DF823205143514311
:10E91000F1F7A2FC099901F158000A7BD1F8FC300B
:10E9200011460BF012F8049800889DF82310484314
:10E9300048430BF0AAFF01460498099AC2F8001157
:10E9400000889DF82310484348430BF09EFF04992C
:10E95000099AC2F804010998D0F8000109889DF8C5
:10E96000232051435143F1F777FC04990998D0F8DB
:10E97000040109889DF8232051435143F1F76CFCB1
:10E98000099901F160000A7BD1F8003111460AF0C3
:10E99000DCFF099901F168000A7BD1F804311146C6
:10E9A0000AF0D3FF9DF8220040B3FFE745F2CE50B6
:10E9B000C2F20000039000889DF8231048439DF8A0
:10E9C000221048430BF061FF0399099AC2F808012D
:10E9D0000998D0F8080109889DF8232051439DF833
:10E9E00022205143F1F738FC099B03F17000197B99
:10E9F0005A7BD3F808310AF0A8FFFFE745F2CE5062
:10EA0000C2F20000019000889DF8211048439DF853
:10EA1000231048430BF039FF01460198099AC2F8C8
:10EA20000C1100889DF8231048439DF8211048439D
:10EA30000BF02BFF0199099AC2F810010998D0F840
:10EA40000C0109889DF8212051439DF82320514352
:10EA5000F1F702FC01990998D0F8100109889DF896
:10EA6000232051439DF821205143F1F7F5FB099BE9
:10EA700003F178001A7B997BD3F80C310AF065FF1B
:10EA8000099B03F18000197B9A7BD3F810310AF0BF
:10EA90005CFF019800889DF82310484348430BF021
:10EAA000F4FE0199099AC2F814010998D0F81401EA
:10EAB00009889DF8232051435143F1F7CDFB099973
:10EAC00001F188000A7BD1F8143111460AF03DFFAC
:10EAD000019800889DF82110484348430BF0D5FE6B
:10EAE0000199099AC2F818010998D0F81801098803
:10EAF0009DF8212051435143F1F7AEFB099901F1F3
:10EB000090008A7BD1F8183111460AF01EFF019857
:10EB100000889DF8231048439DF8211048430BF0CE
:10EB2000B4FE0199099AC2F81C010998D0F81C0199
:10EB300009889DF8232051439DF821205143F1F786
:10EB40008BFB099B03F19800197B9A7BD3F81C314E
:10EB50000AF0FBFE019800880999097B4843484365
:10EB60000BF093FE01460198099AC2F82011008823
:10EB70000999097B484348430BF087FE01460198F9
:10EB8000099AC2F8241100880999097B484348432F
:10EB90000BF07BFE01460198099AC2F82811008803
:10EBA0000999097B48430BF070FE01460198099AC8
:10EBB000C2F82C1100880999097B48430BF065FEC7
:10EBC0000999C1F83001099901F1A0000A7BD1F837
:10EBD000203111460AF0B9FE099901F1A8000A7B1B
:10EBE000D1F8243111460AF0B0FE099901F1B000C4
:10EBF0000A7BD1F8283111460AF0A7FE099A02F1E2
:10EC0000B800117BD2F82C31012202920AF09DFE4D
:10EC1000029A099B03F1C000197BD3F830310AF046
:10EC200094FE0999002081F82800099981F82900AB
:10EC3000099981F82A00099981F82B00099981F82E
:10EC40002C000AB080BD000080B582B00190019810
:10EC500090F82A00002872D1FFE7019901F17800AD
:10EC600080310BF0E3F8019981F8C8000199B1F8FF
:10EC70007800A1F8A8000199B1F85A00A1F8AA00FB
:10EC8000019A02F1780002F15801A8320AF0DCFF83
:10EC9000019981F8C8000199B1F8A800A1F8B00065
:10ECA0000199B1F88200A1F8B200019A02F1A8001E
:10ECB00002F18001B0320AF0C7FF019981F8C80063
:10ECC0000199B1F89000A1F8A0000199B1F8920063
:10ECD000A1F8A200019A02F1B00002F19001A03265
:10ECE0000AF0D6FD019981F8C800019901F1A00050
:10ECF000B0310AF02FFE019981F8C8000199B1F8EE
:10ED00005800A1F8A8000199B1F88200A1F8AA0062
:10ED1000019A02F1580002F18001A8320AF094FF32
:10ED2000019981F8C800019A02F1A80002F1B0012E
:10ED300098320AF089FF019981F8C800FFE702B014
:10ED400080BD000080B584B00390ADF80A1042F297
:10ED5000A840C2F200000190012105F0FDFB0198DE
:10ED6000039900F6345002F0D5FD03980078A928E5
:10ED70000CD1FFE703984078532807D1FFE742F210
:10ED8000A840C2F2000005F0F3FBFFE704B080BD2D
:10ED900080B584B00390ADF80A1042F2A840C2F2E8
:10EDA00000000190002105F0D7FB0198039900F6BF
:10EDB000B45002F071F9019805F0DAFB04B080BD9F
:10EDC00083B002900191ADF8022003B070470000BB
:10EDD00080B584B00390039800F0CCF80398D0F885
:10EDE000CC0028B1FFE70398D0F8CC108847FFE7A4
:10EDF000039800F017FF0398D0F8D00028B1FFE780
:10EE00000398D0F8D0108847FFE7039800F03CFE45
:10EE10000398D0F8D40028B1FFE70398D0F8D410B5
:10EE20008847FFE70398007C20B9FFE70398C07B81
:10EE3000F0B9FFE70398FFF707FF0398D0F8D80071
:10EE400028B1FFE70398D0F8D8108847FFE7039868
:10EE500000F0C4FD0398D0F8DC0028B1FFE7039868
:10EE6000D0F8DC108847FFE7039800F0A9F91BE011
:10EE7000039BD3F8E800D3F8EC1045F2CE52C2F26F
:10EE80000002019212881B7B5A43F1F7CCF9019AD8
:10EE9000039BD3F8F800D3F8FC1012881B7B5A436D
:10EEA0005A43F1F7C0F9FFE70398D0F8E00028B122
:10EEB000FFE70398D0F8E0108847FFE700208DF8BF
:10EEC0000B00FFE79DF80B000399097B88422CDAC1
:10EED000FFE70398D0F8F8209DF80B10037B11FB97
:10EEE000031302EB830292ED000A006A00EB81003B
:10EEF00090ED001AB4EE410AF1EE10FA0EDAFFE7D7
:10EF0000039B186A9DF80B2050F82200D3F8F810E4
:10EF10001B7B12FB032241F82200FFE7FFE79DF86D
:10EF20000B0001308DF80B00CCE7039B1868D3F879
:10EF3000E81045F2CE52C2F2000212881B7B5A43FF
:10EF4000F1F771F90398D0F8E40028B1FFE70398CE
:10EF5000D0F8E4108847FFE70398006804B080BD4C
:10EF600083B002900191ADF80220ADF8003003B0FB
:10EF70007047000080B582B001900198C07B20B13D
:10EF8000FFE7019800F038FF16E0019BD3F8F4008A
:10EF9000596845F2CE52C2F20002009212889B7B61
:10EFA0005A43F1F740F90099019A50680988927B19
:10EFB0005143F1F751F9FFE7019BD3F8F00099684D
:10EFC00045F2CE52C2F2000212885B7B5A43F1F73F
:10EFD0002AF902B080BD000080B582B045F28050B1
:10EFE000C2F200000168013101600068B0F5FA6FFB
:10EFF00007D9FFE745F2D051C2F2000101200870A5
:10F00000FFE742F2A840C2F2000005F0FBFD45F226
:10F01000D050C2F200000078C00748B3FFE742F2C8
:10F02000A840C2F20000019000F5055008F07CFFF6
:10F03000019805F099FDFAF717FBFAF7E5FE42F2A1
:10F040004040C2F2000001680131016000680A28F6
:10F050000DD1FFE742F2A840C2F2000005F044FCE7
:10F0600042F24041C2F2000100200860FFE7FFE7E2
:10F0700002B080BD80B58AB08DED090ACDED080AD9
:10F080008DED071ACDED061A8DED052A0490049931
:10F090000120087009980499C1F8B00108980499F2
:10F0A000C1F8B40107980499C1F8B80104994CF665
:10F0B0007740C3F22B20C1F8CC010499002081F8DD
:10F0C00038010499C1F84401C1F840010499C1F81C
:10F0D0004C01C1F848019DED060AB7EE001AB4EEE6
:10F0E000410AF1EE10FA04DDFFE74FF07E50069082
:10F0F000FFE706980499C1F8D00105980499C1F872
:10F100009001049804300621002201920323FFF7A6
:10F11000A1FA049901F5E07001F5E473012202926D
:10F1200011460AF012FC01990298049AD2F8EC30C8
:10F130004FF07E521A60049AD2F8EC205160049A83
:10F14000D2F8EC209160049AD2F8EC20D160049AB5
:10F1500040F25911C0F60101C2F8D010049A40F6ED
:10F160001501C0F60101C2F8D410049A4FF6F571EA
:10F17000C0F60001C2F8D810049A40F2A111C0F6FE
:10F180000101C2F8DC10049981F82E00049981F87D
:10F190002F000498D0F804014AF6BC21C0F6010102
:10F1A00090220392F1F73FF8039A0498D0F8FC00FC
:10F1B00040F23401C2F20001F1F735F80AB080BD27
:10F1C00080B582B00190019890F82C00B0BBFFE7A9
:10F1D0000199B1F89800A1F8A8000199B1F87A0056
:10F1E000A1F8AA000199B1F8A800A1F8B00001990E
:10F1F000B1F85A00A1F8B200019A02F1980002F1A8
:10F200007801A8320AF020FD019981F8C800019A1E
:10F2100002F1A80002F15801B0320AF015FD01997F
:10F2200081F8C800019A02F1580002F1B001503291
:10F230000AF09EFD019981F8C800FFE702B080BD89
:10F2400084B0039002910398019002980090019875
:10F25000407800990870019800780099487004B0CF
:10F260007047000080B58EB00D908DF833100B9272
:10F270000A939DF83300C0080590002006909DF881
:10F2800033008007002818D5FFE7012007900B986E
:10F29000C0F34F3000900B98C0009DF8331001F080
:10F2A000030140EA410001900A98C0F34F300290F8
:10F2B0000A98C0000630039011E0002007900090EB
:10F2C0000B9949019DF8332002F0020241EA021134
:10F2D000019102900A98400110300390FFE79DF8D9
:10F2E0003300C0F3800004900E20099001200890A4
:10F2F0000D986946F1F7C0FD18B1FFE7F1F7B4FCCE
:10F30000FFE70EB080BD000080B584B00290ADF87C
:10F3100006100020ADF80400029828B1FFE7BDF800
:10F320000600022804DCFFE700208DF80F002EE025
:10F330000298BDF80610023940F29612C2F200029D
:10F34000128889B200F020FEADF804009DF8041088
:10F35000029ABDF80600104410F8022C00209142D9
:10F3600000900ED1FFE79DF80500029ABDF8061047
:10F37000114411F8011C401AB0FA80F040090090C5
:10F38000FFE7009800F001008DF80F00FFE79DF8FF
:10F390000F0004B080BD000080B542F2A840C2F268
:10F3A000000000F6287009F033FC80BD80B590B0F5
:10F3B00009A9069181ED060AC1ED050A81ED041A3D
:10F3C000C1ED031A81ED022AC1ED012A81ED003A57
:10F3D00008900898007870B9FFE70898B2EE040A20
:10F3E000DFEDD50A9FEDD51AF7EE001A9FEDD42A6E
:10F3F000FFF740FEFFE706980999089AC2F8BC118A
:10F4000090ED060A089991ED581A30EE410A81ED07
:10F410005B0A90ED050A089991ED591A30EE410A00
:10F4200081ED5C0A90ED040A089991ED5A1A30EECC
:10F43000410A81ED5D0A089991ED5B0AB6EE001A6A
:10F4400020EE010A90ED002A20EE020A42F2484125
:10F45000C2F20001059181ED000A089991ED5C0A64
:10F4600020EE010A90ED002A20EE020A42F24C4101
:10F47000C2F20001049181ED000A089991ED5D0A44
:10F4800020EE010A90ED001A20EE010A42F25040EF
:10F49000C2F20000039080ED000A0898D0F8040141
:10F4A0004AF6BC21C0F601019022F0F7BCFE039A97
:10F4B0000499059890ED000AB1EE400A089BD3F834
:10F4C000043183ED010A91ED000AB1EE400A089B78
:10F4D000D3F8043183ED020A92ED000AB1EE400A3E
:10F4E000089BD3F8043183ED030A0368DDF820C0DC
:10F4F000DCF804C1CCF818301368DDF820C0DCF863
:10F5000004C1CCF8203091ED000AB1EE400A089B0E
:10F51000D3F8043183ED090A0B68DDF820C0DCF86C
:10F5200004C1CCF8303092ED000AB1EE400A089BDD
:10F53000D3F8043183ED0D0A0368DDF820C0DCF850
:10F5400004C1CCF83C301268089BD3F804319A64AB
:10F550000968089AD2F80421D16490ED000AB1EE4E
:10F56000400A0898D0F8040180ED140A0899D1F8EF
:10F570004801D1F84C11084368B9FFE70C98089985
:10F58000C1F878010B980899C1F87C010A9808998C
:10F59000C1F88001FFE70699089890ED5E0A90EDAA
:10F5A000641A90ED6F3A20EE010A33EE012A80EEE4
:10F5B000020A91ED031A21EE031A81EE021A30EECF
:10F5C000010A80ED5E0A089890ED5F0A90ED641ADA
:10F5D00090ED6F3A20EE010A33EE012A80EE020A26
:10F5E00091ED021A21EE031A81EE021A30EE010AA1
:10F5F00080ED5F0A089890ED600A90ED641A90ED36
:10F600006F3A20EE010A33EE012A80EE020A91EDF4
:10F61000011A21EE031A81EE021A30EE010A80ED82
:10F62000600A089890ED5E1A90ED5F2A90ED600AEE
:10F6300022EE022A21EE011A31EE021A20EE000A11
:10F6400030EE010A01F01CFA42F24440C2F200001E
:10F6500080ED000A00208DF81F00FFE79DF81F00D5
:10F6600002281BDCFFE708989DF81F1000EB8102C1
:10F6700092ED5E0A42F24442C2F2000292ED001A9A
:10F6800020EE010A806800EB810080ED000AFFE7B0
:10F690009DF81F0001308DF81F00DFE7089890EDFE
:10F6A0005B1A90ED5C2A90ED5D0A22EE022A21EEB3
:10F6B000011A31EE021A20EE000A30EE010A01F0C2
:10F6C000DFF9B0EE401AB7EE000A80EE011A089892
:10F6D00080ED651A42F24440C2F2000090ED001A3B
:10F6E00080EE010A089880ED660A089890ED650A98
:10F6F0009FEDB31AB4EE410AF1EE10FA22DAFFE7F9
:10F70000089890ED660A9FEDAF1AB4EE410AF1EE4B
:10F7100010FA17DDFFE7089890ED660A9FEDAA1A28
:10F72000B4EE410AF1EE10FA0CDAFFE70899012075
:10F7300081F839010BE000BF6F12833A8096184BB5
:10F74000000000000899002081F83901FFE70898BF
:10F7500090ED6C0A90ED6F1A20EE010AD0F81801B6
:10F7600080ED000A089890ED6C0A90ED6F1A20EE7B
:10F77000010AD0F8180180ED070A089890ED6C0A8C
:10F7800090ED6F1A20EE010AD0F8180180ED0E0AF4
:10F79000089890ED6C0A90ED6F1A20EE010AD0F8EF
:10F7A000180180ED150A089890ED6D0A90ED6F1A1A
:10F7B00020EE010AD0F8180180ED1C0A089890ED9F
:10F7C0006D0A90ED6F1A20EE010AD0F8180180ED55
:10F7D000230A0898D0F81C11D0F8B80108600898DE
:10F7E000D0F81C11D0F8B80108610898D0F81C11A5
:10F7F000D0F8B801086208980430FFF7E9FA0899D0
:10F8000048680068C1F85001089948684068C1F824
:10F810005401089948688068C1F8580108994868F7
:10F82000C068C1F85C01089948680069C1F86001C6
:10F83000089948684069C1F8640145F2E450C2F291
:10F84000000000680899C1F86801089890ED541A02
:10F8500090ED552A90ED563A90ED570A22EE033A74
:10F8600021EE000A30EE030A30EE000A22EE022AF0
:10F8700021EE011A31EE021A31EE011ABFEE002A12
:10F880008DED012A71EE020A0AF01CFD9DED012AA0
:10F890009FED4E1A8DED021A20EE010A089880EDB8
:10F8A0006A0A089890ED541A90ED550A90ED564A60
:10F8B00090ED573A24EE034A21EE000A30EE040A96
:10F8C00030EE000A23EE033A21EE011A31EE031A5C
:10F8D00031EE011A71EE020A0AF0F4FC9DED021AF3
:10F8E00020EE010A089880ED690A089890ED540A04
:10F8F00090ED551A90ED563A90ED572A20EE030AF6
:10F9000021EE021A30EE410A30EE000A0AF044FC01
:10F910009DED021A20EE010A089880ED680A089809
:10F9200090ED6A0A90ED761A30EE410A9FED281AA2
:10F93000B4EE410AF1EE10FA07DDFFE70899B1F8DD
:10F94000D4010138A1F8D40116E0089890ED6A0AB4
:10F9500090ED761A30EE410A9FED1E1AB4EE410A80
:10F96000F1EE10FA07DAFFE70899B1F8D401013097
:10F97000A1F8D401FFE7FFE70898B0F9D41100EE31
:10F98000101AB8EEC00A90ED6A1A9FED132A20EE05
:10F99000020A30EE010A80ED6B0A0899D1F8A8013D
:10F9A000C1F8D8010899D1F84821D1F84C010132A9
:10F9B00040F10000C1F84821C1F84C0110B080BDF1
:10F9C0009A99993ECDCC1441CDCC2441E12E65428B
:10F9D00000003443000034C30000B44380B582B05B
:10F9E0000190019890F82B0000284BD1FFE7019976
:10F9F000B1F87800A1F8B800019901200090A1F8B1
:10FA0000BA00019A02F1780002F13801B8320AF026
:10FA10001BF901460098019A82F8C810019AB2F8C1
:10FA20004810A2F8C0100199A1F8C200019A02F191
:10FA3000480002F1B801C0320AF09AF90146009874
:10FA4000019A82F8C810019AB2F89810A2F8B8107A
:10FA50000199A1F8BA00019A02F1980002F1C001DF
:10FA6000B8320AF0F1F8019981F8C800019A02F160
:10FA7000380002F1B801303209F00AFF019981F82B
:10FA8000C800FFE702B080BD80B582B00190019848
:10FA900090F82900A8BBFFE7019901F160006831E7
:10FAA0000AF0C4F9019981F8C800019A02F16000D6
:10FAB00002F1500158320AF0C7F8019981F8C800E4
:10FAC0000199B1F85800A1F8A8000199B1F86A00AD
:10FAD000A1F8AA00019A02F1580002F16801A832C7
:10FAE0000AF0B2F8019981F8C800019A02F1A80061
:10FAF00002F18801583209F0CBFE019981F8C80063
:10FB0000FFE702B080BD000080B582B0019001988F
:10FB100000680090A12818D0FFE7009840F241113A
:10FB2000884237D0FFE7009840F20121884225D073
:10FB3000FFE7009840F20221884212D0FFE70098C8
:10FB400040F20521884226D031E0019800F11C01E5
:10FB500042F2A840C2F2000000F5656002F04EFCDF
:10FB600025E0019800F11C0142F2A840C2F2000019
:10FB700041F6A452104407F083FA18E0019800F10E
:10FB80001C0142F2A840C2F2000000F5FB5007F051
:10FB900077FA0CE00BE0019800F11C0142F2A8405A
:10FBA000C2F2000000F5B05007F0B6FFFFE702B068
:10FBB00080BD000080B582B001900198006800907F
:10FBC00088280CD0FFE7009840F2052188420DD02C
:10FBD000FFE7009840F20621884214D020E042F26C
:10FBE000A840C2F2000004F043FE19E0019800F1C1
:10FBF0001C0142F2A840C2F2000041F284321044DB
:10FC000007F08AFF0CE0019800F11C0142F2A840C5
:10FC1000C2F2000041F6E832104406F0EDFFFFE7C3
:10FC200002B080BD80B582B00190019890F82800A4
:10FC3000002846D1FFE70198407B012834DBFFE72D
:10FC40000199087BA1F8B800019901200090A1F862
:10FC5000BA00019A02F1600002F13001B83209F0F5
:10FC6000F3FF01460098019A82F8C810019A117BAF
:10FC7000A2F8C0100199A1F8C200019A02F1700027
:10FC800002F14001C03209F0DFFF019981F8C8009C
:10FC9000019A02F1B80002F1C001383209F0F8FD12
:10FCA000019981F8C8000BE0019A02F1600002F1AD
:10FCB0003001383209F0C8FF019981F8C800FFE728
:10FCC000FFE702B080BD000081B08DED000A9DED20
:10FCD000000AB0EEC00A01B07047000082B08DED9E
:10FCE000010A9DED010AB5EE400AF1EE10FA05DDBC
:10FCF000FFE79DED010A8DED000A06E09DED010A8A
:10FD0000B1EE400A8DED000AFFE79DED000A02B05A
:10FD10007047000083B08DED020A41F20400CEF27C
:10FD200000000068019002980090FFE741F2040093
:10FD3000CEF2000000680199401A00EE100AB8EEF9
:10FD4000400A9DED001A40F26C20C2F2000090EDD6
:10FD5000002AB8EE422A21EE021AB4EE410AF1EE70
:10FD600010FA01DAFFE7E1E703B0704780B582B02F
:10FD70008DED000A9DED000AFFF7B0FF9FED0D1A13
:10FD8000B4EE410AF1EE10FA04DCFFE74FF07E50CA
:10FD900001900AE09DED000A0AF09AF89DED001A24
:10FDA00080EE010A8DED010AFFE79DED010A02B028
:10FDB00080BD00BF0000803481B041F20400CEF26B
:10FDC000000000680090009840F28021C2F200011B
:10FDD0000968884208D2FFE740F28421C2F200019C
:10FDE000086801300860FFE7009840F28021C2F205
:10FDF0000001086001B0704780B584B0039003999A
:10FE0000002001900874039BD3F8F400596845F270
:10FE1000CE52C2F20002009212889B7B5A43F0F746
:10FE200002FA0099039A50680988927B5143F0F7CF
:10FE300013FA0099039AD2F818010988927B51436A
:10FE40005143F0F709FA0099039AD2F80C01098896
:10FE5000137B927B59435143F0F7FEF901988DF8DB
:10FE60000B00FFE79DF80B000399897B884243DA7A
:10FE7000FFE70398D0F8F4009DF80B1000EB810029
:10FE800090ED000AB5EE400AF1EE10FA2DD0FFE732
:10FE9000039AD2F8F4109DF80B0051F82000127C60
:10FEA00041F822009DF80B00039A516A127C885495
:10FEB000DDF80CC0DCF818009DF80BE050F82E00BF
:10FEC000DCF80C119CF80C209CF81030DCF814C005
:10FED0001CF80EC012FB03C201EB820141F8040CB6
:10FEE0000399087C01300874FFE7FFE79DF80B00D9
:10FEF00001308DF80B00B5E700208DF80A00FFE710
:10FF00009DF80A000399097C884216DAFFE7039BF3
:10FF1000D869596A9DF80A20895C50F82100D3F805
:10FF200018111B7C12FB032241F82200FFE79DF809
:10FF30000A0001308DF80A00E2E70399087CA1F875
:10FF400078000399087BA1F87A000399087BA1F84F
:10FF500080000399087CA1F882000399087CA1F82D
:10FF600090000399087CA1F892000399087BA1F8FE
:10FF700098000399087CA1F89A000399087CA1F8DD
:10FF8000480004B080BD000084B00290ADF80610B7
:10FF9000ADF80420029828B9FFE74FF6FF70ADF8DE
:10FFA0000E0023E0FFE7BDF80600411EADF8061085
:10FFB000B8B1FFE70298411C029100788DF8030068
:10FFC000BDF804109DF803004840C2B24AF64C3018
:10FFD000C0F6010030F8120080EA1120ADF80400EC
:10FFE000E1E7BDF80400ADF80E00FFE7BDF80E0034
:10FFF00004B0704780B586B005900598D0F8EC0045
:020000040801F1
:1000000090ED000A30EE000A42F25840C2F20000C1
:10001000019080ED000A0598D0F8EC0090ED010AFF
:1000200030EE000A42F25C40C2F20000029080ED25
:10003000000A0598D0F8EC0090ED020A30EE000AB4
:1000400042F26040C2F20000039080ED000A059881
:10005000D0F8EC0090ED030A30EE000A42F2644062
:10006000C2F20000049080ED000A059BD3F80C0159
:1000700045F2CE51C2F2000109881A7B9B7B59439D
:100080005143F0F7E9F8019B029A0399049891ED26
:10009000000AB1EE400ADDF814C0DCF80CC18CEDAA
:1000A000000AD0F800C0DDF814E0DEF80CE1CEF86C
:1000B00004C093ED000AB1EE400ADDF814C0DCF88C
:1000C0000CC18CED020AD2F800C0DDF814E0DEF8B5
:1000D0000CE1CEF80CC0D2F800C0DDF814E0DEF878
:1000E0000CE1CEF818C0D3F800C0DDF814E0DEF85B
:1000F0000CE1CEF81CC0D0F800C0DDF814E0DEF84A
:100100000CE1CEF820C0D1F800C0DDF814E0DEF834
:100110000CE1CEF824C01B68DDF814C0DCF80CC17B
:10012000CCF8303092ED000AB1EE400A059AD2F8D0
:100130000C2182ED0D0A91ED000AB1EE400A0599FD
:10014000D1F80C1181ED0E0A00680599D1F80C1157
:10015000C86306B080BD000080B582B001900198F0
:10016000D0F8F81040F23400C2F200009022F0F70C
:100170005AF80198D0F81C1140F21030C2F2000079
:1001800048220092F0F74FF8009A0198D0F80C112D
:1001900040F2C820C2F20000F0F745F802B080BD7E
:1001A00080B586B00590059901F17800803109F09D
:1001B0003DFE059981F8C8000599B1F87800A1F8CD
:1001C000A8000599B1F85A00A1F8AA00059A02F111
:1001D000780002F15801A83209F036FD059981F83E
:1001E000C8000599B1F8A800A1F8B0000599B1F8C8
:1001F0008200A1F8B200059A02F1A80002F1800184
:10020000B03209F021FD059981F8C8000599B1F8CF
:100210009000A1F8A0000599B1F89200A1F8A20001
:10022000059A02F1B00002F19001A03209F030FB12
:10023000059981F8C800059901F1A000B03109F0D5
:1002400089FB059981F8C8000598D0F8EC00006892
:1002500042F26843C2F2000318600598D0F8EC003F
:10026000406842F26C42C2F2000210600598D0F879
:10027000EC00806842F27041C2F20001086005980B
:10028000D0F8EC00D0F80CC042F27440C2F200008A
:10029000C0F800C0DDF814E0BEF878C0AEF8B8C011
:1002A000DDF814E04FF0010CAEF8BAC092ED000A90
:1002B00090ED002A93ED001A91ED003A21EE031A19
:1002C00020EE020A30EE410A30EE000ADDF814C0DA
:1002D000DCF82CC18CED000A93ED000A92ED002AA7
:1002E00091ED001A90ED003A21EE031A20EE020A79
:1002F00030EE010A30EE000ADDF814C0DCF82CC143
:100300008CED010A93ED000A92ED001A21EE011A1C
:1003100020EE000A30EE410A91ED001A21EE011A9A
:1003200030EE411A90ED000A20EE000A30EE010A8C
:100330000598D0F82C0180ED020A00208DF81300FA
:10034000FFE79DF8130002281EDCFFE70598D0F8B0
:100350002C019DF8131000EB810090ED000AB0EE27
:10036000C00A09F08DFE9DF8131040F2C030C2F2B1
:10037000000000EB810080ED610AFFE79DF81300AB
:1003800001308DF81300DCE70599B1F84800A1F8B9
:10039000C000059901200190A1F8C200059A02F160
:1003A000480002F1B801C03209F0E2FC01460198B0
:1003B000059A82F8C810059AB2F8C010A2F8A810E1
:1003C0000599A1F8AA00059A02F1B00002F1C00156
:1003D000A83209F039FC01460198059A82F8C81044
:1003E0000599A1F8B8000599B1F8C000A1F8BA00C4
:1003F000059901F1C000B83109F018FD059981F89F
:10040000C800059901F1B800A83140F2C032C2F22B
:100410000002029202F5E07209F016FC0146029811
:10042000059A82F8C81090ED720A90ED731AB6EE34
:10043000002A21EE021AB4EE410AF1EE10FA08DAAF
:10044000FFE740F2C031C2F20001012081F838011B
:10045000FFE740F2C030C2F2000090ED720A90ED6A
:10046000731AB4EE410AF1EE10FA64DDFFE740F2D0
:10047000C030C2F2000090F8380100285BD0FFE7DE
:1004800040F2C030C2F2000090F8390180B1FFE7BD
:1004900040F2C031C2F20001D1F84021D1F844014C
:1004A000013240F10000C1F84021C1F8440109E0E7
:1004B00040F2C031C2F200010020C1F84401C1F88D
:1004C0004001FFE740F2C030C2F20000D0F8401116
:1004D000D0F84401333970F100000BD3FFE740F24C
:1004E000C031C2F20001002081F83801059981F87D
:1004F0002C001FE0059BD3F8E800D3F8EC1045F280
:10050000CE52C2F20002009212881B7B5A43EFF7D0
:100510008AFE009A059BD3F8F800D3F8FC101288E5
:100520001B7B5A435A43EFF77EFE0599012081F861
:100530002C0063E142E040F2C030C2F2000090EDD6
:10054000720A90ED731A9FEDAE2A21EE021AB4EEF4
:10055000410AF1EE10FA1BDDFFE740F2C030C2F2B3
:10056000000090F8380198B1FFE740F2C030C2F2C5
:10057000000090ED720A90ED731A31EE400A9FED83
:10058000A12A21EE021A80EE010A80ED670A08E036
:1005900040F2C031C2F200014FF07E50C1F89C0120
:1005A000FFE740F2C031C2F200010020C1F844016F
:1005B000C1F84001059981F82C00FFE70599B1F8D1
:1005C0005800A1F8A8000599B1F88200A1F8AA0086
:1005D000059A02F1580002F18001A83209F034FBBB
:1005E000059981F8C800059A02F1A80002F1B0014E
:1005F000983209F029FB059981F8C80000208DF890
:100600001200FFE79DF81200059AB2F89810B2F8B0
:100610009A20514388421ADAFFE740F2C030C2F212
:10062000000090ED671A0598D0F81C019DF8121093
:1006300000EB810090ED000A20EE010A80ED000A37
:10064000FFE79DF8120001308DF81200DAE7042070
:100650008DF81100FFE79DF81100052835DCFFE754
:1006600000208DF81000FFE79DF81000022825DC1F
:10067000FFE79DF8111040F2C030C2F2000000EB1D
:10068000810090ED5D0A9FED621A80EE011A0598D7
:10069000D0F81C0101EB41019DF81020114400EB42
:1006A000810090ED000A20EE010A80ED000AFFE7CC
:1006B0009DF8100001308DF81000D5E7FFE79DF898
:1006C000110001308DF81100C5E70599B1F89800C7
:1006D000A1F8B80005990120A1F8BA00059A02F125
:1006E000980002F1C001B83209F0AEFA059981F81C
:1006F000C80040F2C030C2F2000090F83801002873
:100700006BD0FFE704208DF80F00FFE79DF80F0086
:10071000052861DCFFE70598D0F8BC009DF80F10B4
:1007200000EB810090ED000A40F2C030C2F2000000
:1007300090ED6F1A9FED342A21EE021AB4EE410AB1
:10074000F1EE10FA14DDFFE740F2C030C2F2000013
:1007500090ED6F0A9FED2C1A20EE010A0598D0F853
:10076000BC009DF80F1000EB810080ED000AFFE750
:100770000598D0F8BC009DF80F1000EB810090EDBB
:10078000000A40F2C030C2F2000090ED6F1A9FEDF7
:100790001F2A21EE021AB4EE410AF1EE10FA14DA21
:1007A000FFE740F2C030C2F2000090ED6F0A9FED0B
:1007B000171A20EE010A0598D0F8BC009DF80F101A
:1007C00000EB810080ED000AFFE7FFE79DF80F00D6
:1007D00001308DF80F0099E7FFE70598D0F8BC10BD
:1007E0000020C860059A02F1380002F1B8013032E9
:1007F00009F04EF8059981F8C800FFE706B080BD02
:10080000CDCCCC3D6666663F0AD7233C0AD723BCD5
:10081000DA0FC93F80B584B003900398D0F8EC009C
:10082000006842F27843C2F2000318600398D0F8DF
:10083000EC00406842F27C42C2F200021060039871
:10084000D0F8EC00806842F28041C2F200010860FA
:100850000398D0F8EC00D0F80CC042F28440C2F209
:100860000000C0F800C093ED000A92ED001A21EEDE
:10087000011A20EE000A30EE011A91ED000A20EE76
:10088000000A30EE011A90ED000A20EE000A30EE68
:10089000010A00F0F5F842F28840C2F2000080ED53
:1008A000000A00208DF80B00FFE79DF80B000328DD
:1008B0001ADCFFE742F28840C2F2000090ED001A15
:1008C0000398D0F8EC009DF80B1000EB810090ED40
:1008D000000A20EE010A80ED000AFFE79DF80B00F8
:1008E00001308DF80B00E0E742F27C41C2F20001DA
:1008F00091ED000A40F2C030C2F20000009090ED8D
:100900006F1A20EE010AB0EE001A8DED011A80EE8A
:10091000010A039AD2F8002182ED040A42F28042D1
:10092000C2F2000292ED000A90ED6F2A20EE020A58
:1009300080EE010A039BD3F8003183ED050A42F2F1
:100940007843C2F2000393ED000A90ED6F2A20EE87
:10095000420A80EE010ADDF80CC0DCF800C18CED23
:100960000A0A42F2844CC2F2000C9CED000A90ED9F
:100970006F2A20EE020A80EE010ADDF80CE0DEF8B4
:1009800000E18EED0B0A9CED000A90ED6F2A20EE3F
:10099000420A80EE010ADDF80CC0DCF800C18CEDE3
:1009A000100A93ED000A90ED6F2A20EE420A80EEC5
:1009B000010A039BD3F8003183ED110A92ED000A7E
:1009C00090ED6F2A20EE020A80EE010A039AD2F817
:1009D000002182ED160A91ED000A90ED6F2A20EEBB
:1009E000420A80EE010A0399D1F8001181ED170A3D
:1009F00090ED741A0399D1F8F81091ED1C0A80EE6D
:100A0000010A81ED1C0A90ED741A0398D0F8F800E1
:100A100090ED230A80EE010A80ED230A0398D0F8B6
:100A2000F80090ED1C0A9FED151AB4EE410AF1EEA4
:100A300010FA09DDFFE70398D0F8F81044F200003F
:100A4000C4F21C600867FFE70398D0F8F80090ED47
:100A5000230A9FED0A1AB4EE410AF1EE10FA0ADDFC
:100A6000FFE70398D0F8F81044F20000C4F21C60CD
:100A7000C1F88C00FFE704B080BD00BF00401C46F9
:100A800084B08DED030A9DED030AB6EE001A20EE48
:100A9000010A8DED020A03980190019800900099D7
:100AA00045F68620C5F63770A0EB610000900098EF
:100AB00001909DED010A9DED021A21EE001A21EE32
:100AC000002AB7EE081A31EE421A20EE010A8DED27
:100AD000010A9DED010A04B07047000081B000904A
:100AE000009890ED1B0A01B07047000081B00090A3
:100AF000009890ED1C0A01B07047000081B0009092
:100B0000009890ED1E0A01B07047000081B000907F
:100B1000009890ED1F0A01B07047000081B000906E
:100B2000009890ED200A01B07047000081B000905D
:100B3000009890ED190A01B07047000081B0009054
:100B4000009890ED1A0A01B07047000087B0069037
:100B500005918DF813208DF812309DF81200014692
:100B60000391012808D0FFE70398022820D0FFE76F
:100B70000398032838D053E09DF8130001460291F2
:100B8000012808D0FFE70298022808D0FFE7029862
:100B9000032808D00BE005990020087007E00599AC
:100BA0000420087003E0059901200870FFE737E092
:100BB0009DF8130001460191012808D0FFE7019834
:100BC000022808D0FFE70198032808D00BE0059918
:100BD0000220087007E005990620087003E00599D7
:100BE00005200870FFE71BE09DF813000146009107
:100BF000012808D0FFE70098022808D0FFE70098F6
:100C0000032808D00BE005990220087007E0059939
:100C10000420087003E0059903200870FFE7FFE750
:100C200007B0704710B59EB007902698059025989C
:100C30000190249802902398039022980690DDF862
:100C400084C02098CDF860C0179016931592149127
:100C50000DF1660014A912220492EFF7E4FADDF810
:100C600004C0029B0399049ADDF814E00698CDF8BD
:100C700038E0CDF834C00C930B910A900DF13E0092
:100C80000AA9EFF7D0FA0798099009980890DDF8BB
:100C900066006FF3DF20DDF83E106FF3DF2188423E
:100CA00030D1FFE7DDF86600C0F3CA20DDF83E1062
:100CB000C1F3CA21884225D1FFE7BDF86A10DDF8EB
:100CC0006600800D40EA81206FF3DF20BDF84220EE
:100CD000DDF83E10890D41EA82216FF3DF21884261
:100CE00010D1FFE7BDF86A00C0F34A00BDF842101A
:100CF000C1F34A01884205D1FFE70899002081F835
:100D0000620004E00899012081F86200FFE71EB04C
:100D100010BD000081B00090009890F8600001B014
:100D20007047000081B00090009890F8740001B006
:100D30007047000081B00090009890F8750001B0F5
:100D4000704700002DE9F043A5B0249024980E9040
:100D50000168D1F88420D1F88830D1F88CC0D1F85E
:100D600090E0C0F81CE0C0F818C043610261B1F81F
:100D700094100184016884312391239909686FF3E9
:100D8000DF2100EE101AB8EEC00A90ED022A90EDB5
:100D9000031A30EE420A80EE010A80ED190A239907
:100DA0000968C1F3CA2100EE101AB8EEC00A90ED2E
:100DB000022A90ED031A30EE420A80EE010A80ED1D
:100DC0001A0A23998A880968890D41EA82216FF3FA
:100DD000DF2100EE101AB8EEC00A90ED022A90ED65
:100DE000031A30EE420A80EE010A80ED1B0A2399B5
:100DF0008988C1F34A0100EE101AB8EEC00A90EDDE
:100E0000022A90ED031A30EE420A80EE010A80EDCC
:100E10001C0A00F17401239A9288920BC38C9B0BDD
:100E2000FFF794FE0E9800F17501239A9288C38C07
:100E3000C3F30133C2F30132FFF788FE0E9890F836
:100E40006100002855D1FFE70E982399B1F90610EB
:100E500000EE101AB8EEC00A9FED521A80EE010A99
:100E600080ED1E0A2399B1F9081000EE101AB8EEB1
:100E7000C00A80EE010A80ED1F0A2399B1F90A1019
:100E800000EE101AB8EEC00A80EE010A80ED200ACA
:100E900000F18401239A127B90F82E3000F022FAA0
:100EA0000E9800F18501239A527B90F82F3000F0C4
:100EB00019FA00202290FFE722980F2818DCFFE79C
:100EC0000E98DDF888C000EB0C018631239AD28998
:100ED00022FA0CF202F00102038E23FA0CF303F063
:100EE000010300F0FFF9FFE7229801302290E3E7C9
:100EF000FFE70E982399098A6FF3DF2100EE101A9D
:100F0000B8EEC00A90ED022A90ED031A30EE420AC4
:100F100080EE010A80ED260A00F122010DF1760033
:100F2000079012220992EFF77EF9099A0E9800F1C4
:100F3000100119A80890EFF776F90799099A14A8F3
:100F4000EFF771F90899099A14980B9015980C907D
:100F500016980D9017980A90189C0FA8EFF763F950
:100F6000DDF828C00B990C9A0D9B0E980F9D109ED2
:100F7000119FDDF84880DDF84C90EE46CEF81890D1
:100F8000CEF81480CEF81070CEF80C60CEF8085071
:100F9000CEF80440CEF800C0FFF744FE25B0BDE80F
:100FA000F08300BF0000004781B00090009890F8E7
:100FB000880001B07047000081B00090009890F860
:100FC000950001B07047000081B00090009890F843
:100FD000930001B07047000081B00090009890F835
:100FE000890001B07047000081B00090009890F82F
:100FF0008D0001B07047000081B00090009890F81B
:101000008F0001B07047000081B00090009890F808
:10101000900001B07047000081B00090009890F8F7
:101020008E0001B07047000081B00090009890F8E9
:10103000870001B07047000081B00090009890F8E0
:10104000940001B07047000081B00090009890F8C3
:10105000860001B07047000081B00090009890F8C1
:10106000840001B07047000081B00090009890F8B3
:10107000850001B07047000081B00090009890F8A2
:101080008B0001B07047000081B00090009890F88C
:101090008A0001B07047000080B584B003900291CF
:1010A00003980190C16C0131C164FFF74BFE0199B7
:1010B00001F12200096884311222EFF7B4F804B07C
:1010C00080BD000082B0019001990091C86C096D4B
:1010D000884210D1FFE70099486D896D88420AD196
:1010E000FFE70099002081F86000B1F85C00013052
:1010F000A1F85C0004E00099012081F86000FFE79E
:101100000099486D896D884205D1FFE7009900205C
:1011100081F8610004E00099012081F86100FFE797
:101120000099C86C0865486D886502B0704700007A
:1011300084B0039002910192039800900298006895
:1011400041F20001C4F20101884207D1FFE7009992
:1011500040F67410C2F20000086054E00298006883
:1011600044F20041C4F20001884207D1FFE7009930
:1011700040F68420C2F20000086043E00298006854
:1011800044F60001C4F20001884207D1FFE700994C
:1011900040F69430C2F20000086032E00298006825
:1011A00044F60041C4F20001884207D1FFE70099EC
:1011B00040F6A440C2F20000086021E002980068F6
:1011C00045F20001C4F20001884207D1FFE700990F
:1011D00040F6B450C2F20000086010E002980068C7
:1011E00041F20041C4F20101884207D1FFE70099B2
:1011F00040F6C460C2F200000860FFE7FFE7FFE7C7
:10120000FFE7FFE7FFE70198006841F20001C4F241
:101210000101884207D1FFE7009940F67410C2F23D
:101220000000486054E00198006844F20041C4F2B4
:101230000001884207D1FFE7009940F68420C2F2FE
:101240000000486043E00198006844F60001C4F2E1
:101250000001884207D1FFE7009940F69430C2F2BE
:101260000000486032E00198006844F60041C4F292
:101270000001884207D1FFE7009940F6A440C2F27E
:101280000000486021E00198006845F20001C4F2C6
:101290000001884207D1FFE7009940F6B450C2F23E
:1012A0000000486010E00198006841F20041C4F27B
:1012B0000101884207D1FFE7009940F6C460C2F2FD
:1012C00000004860FFE7FFE7FFE7FFE7FFE7FFE712
:1012D00004B0704781B00090009890ED260A01B0EC
:1012E0007047000086B0059004918DF80F208DF8AE
:1012F0000E309DF80E000146029120B1FFE70298E2
:10130000012813D025E09DF80F000146019120B17E
:10131000FFE70198012804D007E004990020087035
:1013200003E0049901200870FFE712E09DF80F0028
:101330000146009120B1FFE70098012804D007E0A2
:1013400004990220087003E0049903200870FFE765
:10135000FFE706B07047000081B0009000984FF0A2
:10136000894181600021C4F22541C1600021C1642E
:10137000016541658165A0F85C10A0F85E1080F8F9
:10138000601080F8611080F8621001B070470000B2
:1013900081B00090009890ED110A01B070470000F4
:1013A00081B00090009890ED120A01B070470000E3
:1013B00081B00090009890F85C0001B07047000088
:1013C00081B00090009890ED180A01B070470000BD
:1013D00081B00090009890ED190A01B070470000AC
:1013E00081B00090009890ED1A0A01B0704700009B
:1013F00081B00090009890ED130A01B07047000092
:1014000081B00090009890ED140A01B07047000080
:1014100081B00090009890F85B0001B07047000028
:1014200086B0059004918DF80F208DF80E309DF850
:101430000E000146029120B1FFE70298012813D067
:1014400025E09DF80F000146019120B1FFE70198CA
:10145000012804D007E004990020087003E00499F3
:1014600002200870FFE712E09DF80F00014600918E
:1014700040B1FFE70098012808D1FFE70499012057
:10148000087003E0049903200870FFE7FFE706B047
:101490007047000087B0069005918DF813208DF8F5
:1014A00012309DF812000146039140B1FFE7039806
:1014B00001281FD0FFE70398022836D050E09DF89E
:1014C00013000146029140B1FFE70298012808D0BD
:1014D000FFE70298022808D00BE005990020087069
:1014E00007E005990320087003E0059907200870BC
:1014F000FFE735E09DF813000146019160B1FFE779
:101500000198012804D0FFE70198022808D00BE0D9
:1015100005990120087007E005990420087003E090
:10152000059905200870FFE71AE09DF813000146B1
:10153000009180B1FFE70098012808D0FFE70098EC
:1015400002280CD1FFE705990220087007E00599F1
:101550000620087003E0059908200870FFE7FFE700
:1015600007B0704786B0059004918DF80F208DF874
:101570000E309DF80E000146029120B1FFE702985F
:10158000012813D025E09DF80F000146019120B1FC
:10159000FFE70198012804D007E0049900200870B3
:1015A00003E0049902200870FFE712E09DF80F00A5
:1015B0000146009140B1FFE70098012808D1FFE7FC
:1015C00004990120087003E0049903200870FFE7E4
:1015D000FFE706B07047000081B00090009890F8D7
:1015E000580001B07047000081B000900098007E64
:1015F00001B0704781B00090009890F8590001B098
:101600007047000080B584B0039002910398009069
:10161000193002991522EEF706FE0098D0F81B103B
:101620006FF3DF2100EE101AB8EEC00A90ED012A28
:1016300090ED021A30EE420A80EE010A80ED130AA4
:10164000D0F81B10C1F3CA2100EE101AB8EEC00A80
:1016500090ED012A90ED021A30EE420A80EE010A66
:1016600080ED140AD0F81F20D0F81B10890D41EA34
:1016700082216FF3DF2100EE101AB8EEC00A90ED60
:10168000012A90ED021A30EE420A80EE010A80ED46
:10169000120AD0F81F10C1F34A0100EE101AB8EE7A
:1016A000C00A90ED012A90ED021A30EE420A80EE57
:1016B000010A80ED110AD0F81F10C1F34A4100EE73
:1016C000101AB8EEC00A90ED012A90ED021A30EE21
:1016D000420A80EE010A80ED150A00F15B01D0F8A4
:1016E0001F20436BC2F30072C3F30073FFF73AFF8E
:1016F000009800F15A01D0F81F20436BC2F38032EA
:10170000C3F38033FFF78CFE009800F15801D0F846
:101710001F20436BC2F3C032C3F3C033FFF780FE18
:10172000009800F15901B0F82120C38E02F00102A7
:1017300003F00103FFF774FE009800F15C01D0F89C
:101740001F20436BC2F30132C3F30133FFF7A2FE44
:101750000098B0F9231000EE101AB8EEC00A9FED01
:10176000301A80EE010A80ED180AB0F9251000EE5B
:10177000101AB8EEC00A80EE010A80ED190AB0F91D
:10178000271000EE101AB8EEC00A80EE010A80EDB4
:101790001A0A00F16C0190F8292090F83E3002F00E
:1017A000030203F0030300F009F9009800F16D0152
:1017B00090F8292090F83E30C2F38102C3F38103F0
:1017C00000F0FCF8009800F16E0190F8292090F8E4
:1017D0003E30C2F30112C3F3011300F0EFF8002012
:1017E0000190FFE701980F2818DCFFE70098DDF86B
:1017F00004C000EB0C016F31428D22FA0CF202F0B2
:101800000102B0F83F3023FA0CF303F0010300F0BB
:10181000D5F8FFE7019801300190E3E704B080BDFF
:101820000000004781B00090009890F8710001B06E
:101830007047000081B00090009890F87E0001B0E1
:101840007047000081B00090009890F87C0001B0D3
:101850007047000081B00090009890F8720001B0CD
:101860007047000081B00090009890F8760001B0B9
:101870007047000081B00090009890F8780001B0A7
:101880007047000081B00090009890F8790001B096
:101890007047000081B00090009890F8770001B088
:1018A0007047000081B00090009890F8700001B07F
:1018B0007047000081B00090009890F87D0001B062
:1018C0007047000081B00090009890F86F0001B060
:1018D0007047000081B00090009890F86C0001B053
:1018E0007047000081B00090009890F86D0001B042
:1018F0007047000081B00090009890F8740001B02B
:101900007047000081B00090009890F8730001B01B
:101910007047000080B584B0039002910398019055
:10192000029940F2A050C2F200001522EEF77BFCB3
:1019300002980078A92805D1FFE70298407853283B
:1019400001D0FFE714E002981521FDF7DDFC08B98E
:10195000FFE70DE001980169013101610299FFF78C
:1019600051FE01982E3002991522EEF75CFCFFE73C
:1019700004B080BD82B00190019900910869496965
:10198000884207D1FFE70099002008768889013056
:10199000888105E000990120087600208881FFE712
:1019A00000990869486102B07047000081B000905A
:1019B000009890ED150A01B07047000086B00590C0
:1019C00004918DF80F208DF80E309DF80E00014621
:1019D000029120B1FFE70298012813D025E09DF87D
:1019E0000F000146019120B1FFE70198012804D0C2
:1019F00007E004990020087003E0049902200870B1
:101A0000FFE712E09DF80F000146009140B1FFE7AB
:101A10000098012808D1FFE704990120087003E02D
:101A2000049903200870FFE7FFE706B07047000045
:101A300081B0009000984FF4B671018040F294613B
:101A400041804FF0894141600021C4F2254181600D
:101A50000021818101B0704781B000900098002181
:101A600001614161816101B07047000081B0009067
:101A7000009800F6FC3090ED000A01B070470000BD
:101A800082B001908DED000A01990098C1F8FC0B1D
:101A900002B0704781B00090009800F6044090EDCD
:101AA000000A01B07047000082B001908DED000A7D
:101AB00001990098C1F8040C02B0704781B0009001
:101AC000009890F8F80B01B07047000082B00190C8
:101AD0008DF8031001999DF8030081F8F80B02B00E
:101AE0007047000080B584B003900398009000F028
:101AF0008FF9009800F25C40019006F089FB009895
:101B000000F5DB60029006F0ABFC019806F0ACFB40
:101B1000029806F0DFFC04B080BD000080B596B0EE
:101B200015901598119007F0F3F9119800F25C40A8
:101B300003909FED9F0ADFED9F0A9FED9F2ADFED47
:101B40009F2ADFED9F4ACDED0D4A9FED9E5A8DED08
:101B50000E5A01210491B0EE451AF0EE451AB0EE8E
:101B6000453AF0EE453AB0EE454A07F0E7FCDDEDC8
:101B70000E1A119800F264409FED930ADFED930A6C
:101B800000210F91B0EE081A8DED061A9FED902AF4
:101B90008DED072A0422089205F0FCFB039807F05C
:101BA0001FFBDDED0D4A9DED0E5A0F99119800F2C5
:101BB00004509FED880ADFED880ADFED881A9FED5B
:101BC000882ADFED882ACDED052AB0EE451AB0EE61
:101BD000453AF0EE453AB0EE454A07F0AFFC0398BF
:101BE000119901F2AC51029105F07CFF0146039876
:101BF00000EE101AB8EE400A8DED010A05F072FFF2
:101C00009DED012ADDED0D4A9DED0E5A0F9902461C
:101C1000029800EE102AF8EE402A9FED730ADFEDDD
:101C2000730ACDED0B0AB0EE451AF0EE451AB0EE90
:101C3000453AF0EE453AB0EE454A07F07FFC03988E
:101C40001199C1F8C0166A464FF2E901CFF6FF714B
:101C5000116044F62821C2F20001052313939FED81
:101C6000640A8DED140A1A4605F0A2FF0499DDED11
:101C7000060ADDED0D4A9DED0E5A119800F5DB6068
:101C800012909FED5C0AB5EE002ADFED5B2AB0EE04
:101C9000451AF0EE451AB0EE453AF0EE453AB0EE90
:101CA000454A07F04BFCDDED050A9DED061A9DED5A
:101CB000072A089ADDED0E1A0F99119800F5DC60DD
:101CC0009FED4E0A05F066FB129807F089FA11990C
:101CD000129801F5F0610A9105F004FF014612988F
:101CE00000EE101AB8EE400A8DED090A05F0FAFE72
:101CF0009DED092ADDED0D4A9DED0E4A0F99024634
:101D00000A9800EE102AF8EE402A9FED3D0ADFED1A
:101D10003D0A9FED3D5AB0EE441AF0EE441AB0EE83
:101D2000443AF0EE443A07F009FC1199129801F692
:101D30002801109105F0D6FE0146129800EE101A07
:101D4000B8EE400A8DED0C0A05F0CCFEDDED0B0A75
:101D50009DED0C2ADDED0D4A9DED0E5A0F990246C0
:101D6000109800EE102AF8EE402A9FED280AB0EEF7
:101D7000451AF0EE451AB0EE453AF0EE453AB0EEAF
:101D8000454A07F0DBFB11991298139B9DED140A4D
:101D9000C1F83C196A466FF4AA61116044F600214B
:101DA000C2F200011A4605F003FF16B080BD00BF65
:101DB000CDCCCC3E0AD7233C9A99993E9A9989403A
:101DC0006F12833A000000000050C3C60050C346A3
:101DD00000007A4400A08C4600401C4600000080B1
:101DE00000606A4600409C4614AE473F0000C8426F
:101DF000920A06428FC2F53EE4CB964100409CC653
:101E000000401CC600204BC6ACC52737CDCC4C3F8C
:101E100080B58AB009900998089090F8F80BA8BB93
:101E2000FFE7089800F5DB60069006F03DFC089897
:101E300000F25C40059006F0E9FA05989FED760AFD
:101E40008DED070A07F0D4F908989DED070A00F216
:101E5000045007F0CDF908989DED070A00F2AC5048
:101E600007F0C6F906989DED070A07F0C1F9089832
:101E70009DED070A00F5F06007F0BAF908989DEDAE
:101E8000070A00F6280007F0B3F9C3E0089800F24B
:101E90005C400521049105F04DFE0499089800F579
:101EA000DB6005F047FE089890F8F80B012813D185
:101EB000FFE7089901F25C4001F6FC3191ED000A60
:101EC00005F020FE089901F5DB6001F6044191ED73
:101ED000000A05F017FE21E0089890F8F80B022898
:101EE0001BD1FFE70898D0F8580400F081FAA0B1A0
:101EF000FFE70898D0F8580400F08CFA089800F62C
:101F0000044181ED000AD0F8580400F069FA0898FD
:101F100000F6FC3080ED000AFFE7FFE7FFE70898D6
:101F200000F6FC3191ED000A8DED030A00F25C40F1
:101F300006F092F90898B0EE401A9DED030A30EED3
:101F4000410A00F6E43090ED001AB4EE410AF1EED9
:101F500010FA10DDFFE7089800F6E43191ED001A61
:101F600000F6FC3090ED000A31EE011A30EE410A25
:101F700080ED000AD3E7FFE7089800F6FC3191ED09
:101F8000000A8DED020A00F25C4006F065F908983F
:101F9000B0EE401A9DED020A30EE410A00F6E43040
:101FA00090ED001AB1EE411AB4EE410AF1EE10FACA
:101FB00010DAFFE7089800F6E43191ED000A00F628
:101FC000FC3090ED001A30EE000A30EE010A80ED90
:101FD000000AD1E7089901F60440019001F53F623B
:101FE00092ED000A01F6F431D1ED000AFCF74CF94C
:101FF000089901F25C4001F6FC3191ED000A05F010
:1020000081FD0898019900F5DB6091ED000A05F06B
:1020100079FDFFE70AB080BD0000000080B582B006
:1020200001900198009007F07DF8009800F25C4064
:1020300006F000FA009800F5DB6006F049FB009816
:1020400000F5156006F058FB00980021CCF2343101
:10205000C0F8E01B0021C4F23431C0F8E41B0021B9
:10206000CCF25811C0F8F01B0021C4F2F011C0F8F6
:10207000F41B002180F8F81B012280F8F92BC0F82E
:10208000FC1BC0F8001C4FF00041C0F8041C02B05B
:1020900080BD00000000000080B59AB019908DED61
:1020A000180ACDED170A8DED161A19980D9090EDBE
:1020B0002C1A9DED160A30EE010A8DED160A9DEDE3
:1020C000160A8DED0E0A9DED180A9DED171A21EEE8
:1020D000011A20EE000A30EE010A08F0B9FBF0EE1A
:1020E000400A9DED0E0A08F0EDF88DED150A00206E
:1020F0001490FFE71498132800F2C880FFE70D98AA
:1021000090ED2A0A8DED020A9DED150A08F030FACD
:102110000D98B0EE401A9DED020A20EE010A8DEDF9
:10212000130A90ED2A0A8DED030A9DED150A08F0B9
:10213000C7FAB0EE401A9DED030A20EE010A8DEDBC
:10214000120A9DED180A9DED171A21EE011A20EED4
:10215000000A30EE010A08F07BFB9DED131A80EEB9
:10216000010A8DED110A9DED120A9DED111A8DEDFA
:10217000051A20EE010A10EE100AEEF7C1F9024628
:102180000D9804920A46049942EC101B8DED0A0B3F
:10219000D0F8A400EEF7B4F941EC100B9FED441B0E
:1021A00053EC112B51EC100BEEF71DF99DED050AC8
:1021B00041EC110B8DED061B10EE100AEEF7A0F9A5
:1021C0009DED061B41EC100B51EC110B53EC102B49
:1021D00009930892EEF707F9089A099B41EC100B56
:1021E00051EC100BEEF7FFF89DED0A0B02460B4683
:1021F00051EC100B43EC102B53EC102BEEF74CF87A
:1022000041EC100B51EC100BEEF78DF910909DED99
:10221000160A9DED101A30EE410A8DED0F0A9DED64
:102220000F0AFDF751FD10EE100AEEF769F941ECC7
:10223000100B9FED211B53EC112B51EC100BEEF703
:1022400044F908B9FFE721E00D989DED0F0A8DEDE7
:10225000010A9DED180ADDED170A9DED161A00F032
:102260003BF8B0EE401A9DED010A80EE010A07F03E
:1022700093FFB0EE401A9DED150A30EE010A8DED88
:10228000150AFFE714980130149033E79DED150A05
:102290009FED0B1A20EE010A9FED0A1A80EE010A4B
:1022A0008DED150A9DED150A1AB080BD00BF00BF67
:1022B000000000000000E0BF7B14AE47E17A843FDD
:1022C000000034C3DB0F494081B00090009890EDCE
:1022D0002B0A01B07047000080B586B005908DEDE7
:1022E000040ACDED030A8DED021A9DED040A9DED61
:1022F000031A21EE011A20EE000A30EE011A9DEDBC
:10230000020A20EE000A30EE010A08F0A1FA8DED73
:10231000010A9DED010A06B080BD000081B0009069
:10232000009890F85F0001B07047000082B0019003
:102330008DF8031001999DF8030081F85F0002B049
:102340007047000080B588B0079007980190C16879
:102350008A8CA0F85420096A0165B0F9501000EE8B
:10236000101AB8EEC00A9FED1D1A80EE010A8DED1D
:10237000040AB0F9521000EE101AB8EEC00A80EE4E
:10238000010A8DED030AB0F9541000EE101AB8EEF0
:10239000C00A80EE010A8DED020A9DED040ADDED12
:1023A000030A9DED021A00F1AC0306A905AA00F08C
:1023B00013F9019A9DED050AB1EE400A02F19C0065
:1023C00082ED270A0699C2F8A010BAEE0B0AF3EEC6
:1023D0000E0AFBF759FF08B080BD00BF00007A4429
:1023E00081B00090009890ED280A01B0704700007D
:1023F00081B000900098007F01B0704780B582B036
:10240000019000910198416901314161FFF79AFF04
:1024100002B080BD81B00090009890ED270A01B015
:102420007047000080B582B001900198009000686C
:1024300006F08AFA009880ED240A006806F094FA03
:10244000009880ED230A006806F06EFA009880ED8F
:10245000250A02B080BD000080B582B001900198CD
:102460000090FFF7DFFF009800F062F802B080BD37
:1024700082B001900199009148698969884204D12C
:10248000FFE700990020087703E000990120087712
:10249000FFE700994869886102B0704780B585B050
:1024A00084460798CDF810C0039102928DF807304A
:1024B0008DF80600049800900298006846F20041EA
:1024C000C4F20001884207D1FFE7009940F2EC1006
:1024D000C2F20000C86010E00298006846F60001F1
:1024E000C4F20001884207D1FFE7009940F2402082
:1024F000C2F20000C860FFE7FFE7009991F85600BC
:1025000000F0F70081F8560091F8560000F0EF0057
:1025100081F8560091F8560000F0F80081F8560056
:1025200040F2CA10C2F20000C86405B080BD0000CD
:1025300080B582B0019001980090406802F03AFDA9
:102540000246009890F8561002F0070201F0F801D8
:10255000114480F85610FFF7E1FE009A014692F808
:10256000560001F0010100F0F70040EAC10082F8D6
:10257000560092ED230A9FED161A20EE010ABDEED9
:10258000C00A10EE100AA2F8570092ED250A20EEBC
:10259000010ABDEEC00A10EE100AA2F85B0092ED2F
:1025A000242A9FED0C0A30EE420A20EE010ABDEE0D
:1025B000C00A10EE100AA2F85900D16CD2F85600E9
:1025C000D2F85920C1F80320086002B080BD00BFD6
:1025D0000000C8420000008080B588B007908DEDF3
:1025E000060ACDED050A8DED041A039102920193BE
:1025F000079800909DED060ADDED050A9DED041A91
:1026000000F01EF80098039981ED000A9DED060A7E
:10261000DDED050A9DED041AFFF73EFD00980299D5
:1026200081ED000A9DED060ADDED050A9DED041A17
:10263000FFF752FE019880ED000A08B080BD00004F
:1026400080B586B005908DED040ACDED030A8DEDC1
:10265000021A9DED030ADDED040A07F033FE8DED4D
:10266000010A9DED010A9FED071A20EE010A9FED78
:10267000061A80EE010A8DED010A9DED010A06B0F1
:1026800080BD00BF00003443DB0F494081B00090A3
:10269000009800214161816101774CF6CD41C4F27F
:1026A0001C11C0F8A4100021C4F2B811C0F8A81081
:1026B0004DF20A71CBF6A341C0F8B01001B07047DB
:1026C00082B00190ADF802100199BDF80200A1F8A6
:1026D0000E0602B07047000082B00190ADF8021003
:1026E0000199BDF80200A1F80C0602B07047000085
:1026F00081B00090009890F8FC0501B07047000090
:1027000082B001908DF8031001999DF8030081F8C3
:10271000FC0502B07047000081B00090009890F86E
:10272000FD0501B07047000082B001908DF80310E4
:1027300001999DF8030081F8FD0502B07047000083
:1027400081B00090009800F2F45090ED000A01B0C2
:102750007047000081B00090009890F8EC0501B03F
:102760007047000080B582B00190019800905C3005
:1027700005F03AF80098B83004F06AFA009800F5CD
:102780001D7004F0A9FC009800F5866004F0A4FC1C
:1027900002B080BD80B598B0179017980F90406533
:1027A0000322114606F00EF80F9901F15C00C1F802
:1027B000B010042116910022129206F003F80F982F
:1027C0001299B83004909FED7B0A8DED010ADFED80
:1027D0007A0A9FED7A1ADFED7A2ADFED7A4ACDED9B
:1027E000084A9FED795A8DED145AF0EE451AB0EE75
:1027F000622AB0EE453AF0EE453AB0EE454A06F0B0
:102800009DFE04980F9901F5B071039104F0D8F979
:102810000146049800EE101AB8EE400A8DED020A47
:1028200004F0CEF9DDED010A9DED022ADDED084A46
:1028300012999DED145A0246039800EE102AF8EE04
:10284000402A9FED620AB0EE451AF0EE451AB0EE4E
:10285000453AF0EE453AB0EE454A06F06FFE049870
:1028600044F62821C2F20001062202230B939FEDB9
:10287000580ADFED580A04F087FA0F9901F51D7028
:10288000059001F54771069104F0F2FBDDED084A71
:1028900012999DED145A0246069800EE102AF8EEA1
:1028A000402A9FED4D0AF2EE060A9FED4C1A9FED6D
:1028B0004C2A8DED072AF0EE451AB0EE453AF0EEBF
:1028C000453AB0EE454A06F039FE05980B9B44F6B2
:1028D0000021C2F200010A91B7EE000A8DED0C0A48
:1028E000DFED400ACDED0D0A1A4604F091FC069882
:1028F00006F076FC0F981299DDED141A169A00F581
:1029000049709FED390A8DED100ADFED380ACDEDE3
:10291000110AB0EE001A8DED131A9FED352A8DEDD8
:10292000152A04F037FD0F9901F58660099001F52D
:102930009B610E9104F09CFB9DED072ADDED084A9A
:1029400012999DED145A02460E9800EE102AF8EEE8
:10295000402A9FED280AF2EE000AB0EE041AF0EECB
:10296000451AB0EE453AF0EE453AB0EE454A06F06B
:10297000E5FD09980A990B9B9DED0C0ADDED0D0A0A
:10298000012204F045FC0E9806F02AFC0F989DEDFC
:10299000100ADDED110A12999DED131ADDED141ADE
:1029A0009DED152A169A00F59C6004F0F3FC18B012
:1029B00080BD00BF00002042CDCCCC3D9A99993E0D
:1029C000D2537B426F12833A000000000080BB4567
:1029D0000000B44200401C460000FA43CDCC4C3FFE
:1029E0000000FA440000804600409CC600409C461F
:1029F00000007A440000C84380B592B0119011984D
:102A00000E90B0F80E16B0F80C26891A143946F25A
:102A10006762C6F2666251FB02F2910801EBD27165
:102A200040F2C812C2F20002118090F8FC05014683
:102A30000F91042800F228810F99DFE801F0034587
:102A400065E79A000E98B8300A900021099104F0C9
:102A5000F3F80E9800F51D700B900221089104F018
:102A60002FFB08990E9800F586600C9004F028FB67
:102A700009990E98FFF758FE0A989FED9C0A8DED74
:102A80000D0A06F0B5FB0E989DED0D0A00F5B0702D
:102A900006F0AEFB0B989DED0D0A06F0A9FB0C9815
:102AA0009DED0D0A06F0A4FB0A989DED0D0A04F0B9
:102AB000CDF90B989DED0D0A04F0F8FA0C989DEDF8
:102AC0000D0A04F0F3FADFE00E98B83004F0A2F833
:102AD000032809D1FFE70E98B830079004F058F8A2
:102AE000079804F075F80EE00E98B83004F092F8EC
:102AF000022807D1FFE70E98B8309FED7C0A04F05A
:102B000091F8FFE7FFE7BFE00E98B830032104F02B
:102B100093F80E9800F51D700221069104F0D0FA8A
:102B20000E98069900F5866004F0CAFA40F2C810C3
:102B3000C2F20000B0F9000001280CDBFFE70E989C
:102B400000F5C16090ED000A9FED661A30EE010AB3
:102B500080ED000AFFE70E9901F1B80001F5C161AF
:102B600091ED000A04F03EF80E99012081F8FC0571
:102B70008AE00E98B830032104F05EF80E9800F554
:102B80001D700221059104F09BFA0E98059900F53D
:102B9000866004F095FA40F2C810C2F20000B0F965
:102BA000000005280CDBFFE70E9800F5C16090EDF2
:102BB000000A9FED4D1A30EE010A80ED000A17E081
:102BC0000E9840F2C811C2F20001B1F9001000EEF7
:102BD000101AB8EEC00A00F5C16090ED001A9FED22
:102BE000412A20EE020A30EE010A80ED000AFFE7DA
:102BF0000E9901F1B80001F5C16191ED000A03F0F1
:102C0000F1FF0E99012081F8FC053DE00E98B830E7
:102C10000221039104F010F803990E9800F51D703D
:102C200004F04EFA03990E9800F5866004F048FA15
:102C30000E9800F2046090ED000AFDF745F80E983A
:102C40008DED040A00F5BF6090ED000AFDF73CF839
:102C5000B0EE401A9DED040AB4EE410AF1EE10FA0E
:102C60000ADCFFE70E9901F1B80001F2046191ED71
:102C7000000A03F0D7FF06E00E98B8309DED100A69
:102C800003F0D0FFFFE7FFE70E9890F8FD05A8B12D
:102C9000FFE70E9901F51D7001F5C061029191EDFC
:102CA000000A04F003FA0E98029900F5866091ED8F
:102CB000000AB1EE400A04F0F9F910E00E9800F5B0
:102CC0001D709FED0A0A8DED010A04F0EFF90E98D0
:102CD0009DED010A00F5866004F0E8F9FFE712B007
:102CE00080BD00BFC3B8323FF4665F400000000003
:102CF00080B582B001900198009004F023FE009806
:102D00005C3004F015FE0098B83004F0A9F8009883
:102D100000F51D7004F0DEFA009800F5866004F0FE
:102D2000D9FA0098012180F8EC1541F28831A0F819
:102D3000EE1540F6E441A0F8F0150021C4F216416A
:102D4000C0F8F41540F6DB72C4F2C902C0F8F825E9
:102D5000002180F8FC1580F8FD1544F20003C4F250
:102D60002643C0F80036C0F80426C0F80816A0F8BC
:102D70000C16A0F80E1602B080BD000080B598B009
:102D800017901798109000F628700F90FEF76EFEBF
:102D90000F988DED160AFEF77DFE10988DED150A41
:102DA00001F0FCFB109842F25721405C012840F0F2
:102DB000D780FFE7109842F25521405C002840F090
:102DC000CF80FFE7109800F6B450FDF7AFFEFCF798
:102DD00085FF109842F20421084490ED001AB4EEE9
:102DE000410AF1EE10FA08DDFFE7109800F6B45042
:102DF000FDF79CFE8DED0E0A04E09FEDDA0A8DEDE5
:102E00000E0AFFE710989DED0E0A8DED140A00F6EC
:102E1000B450FDF793FEFCF761FF109842F20421D5
:102E2000084490ED001AB4EE410AF1EE10FA08DD04
:102E3000FFE7109800F6B450FDF780FE8DED0D0A07
:102E400004E09FEDC80A8DED0D0AFFE710989DED97
:102E50000D0A8DED130A00F6B450FDF763FF062846
:102E600020D1FFE7109800F628700C900221FEF7A1
:102E70002DFE0C98D0F85804FFF750FA042808D11A
:102E8000FFE710984FF49C5140580521FFF74EFA88
:102E900007E010984FF49C5140580421FFF746FA80
:102EA000FFE725E0109800F628700121FEF70EFEDE
:102EB00010989DED141A42F21821014491ED002A58
:102EC0009DED160A21EE021A30EE410A8DED160A2A
:102ED0009DED130A42F21C21084490ED002A9DED5D
:102EE000151A20EE020A30EE010A8DED150AFFE7F1
:102EF000109800F2DC4004F08FFF012813D1FFE7A7
:102F0000109800F6B450FDF715FF04280BD1FFE729
:102F1000109942F20C2240F2A460885242F2F1125F
:102F2000012088541BE0109800F2DC4004F074FF8C
:102F3000012813D1FFE7109800F6B450FDF7FAFE10
:102F400005280BD1FFE7109942F20C224FF4C8700C
:102F5000885242F2F11200208854FFE7FFE7DFE2D7
:102F6000109842F25721405C012840F0CF80FFE7E3
:102F7000109842F25521405C012840F0C780FFE7DD
:102F8000109800F6B450FEF76FF8032823D1FFE73E
:102F9000109800F56560FFF72BFA01281BD1FFE7B9
:102FA000109800F628700A900221FEF78FFD0A980B
:102FB000D0F858040421FFF7B9F9109800F56560BE
:102FC0000B90FFF70DFA0B988DED160AFFF722FA1A
:102FD0008DED150A06E0109800F628700121FEF725
:102FE00075FDFFE7109800F6B4500990FDF786FDD7
:102FF00010990998B0EE401A42F22822114491ED3E
:10300000002A9DED160A21EE021A30EE410A8DEDDE
:10301000160AFDF77BFD10990998B0EE401A42F2AE
:103020002C22114491ED002A9DED150A21EE021A81
:1030300030EE410A8DED150AFDF7DEFF012820D1A3
:10304000FFE7109842F20C21405A40F2A4618842F6
:103050000BD1FFE7109942F2F1120020885442F29E
:103060000C224FF4C87088520AE0109942F2F11213
:103070000120885442F20C2240F2A4608852FFE7FB
:10308000FFE7109800F6B450FDF79EFF012809D124
:10309000FFE79DED160A9FED341A30EE010A8DED23
:1030A000160AFFE7109800F62870FEF707FD0228C1
:1030B00010D1FFE7109800F6B450FDF7BDFF0328CC
:1030C00008D1FFE710984FF49C5140580521FFF7B5
:1030D0002DF9FFE7109800F6B450FDF795FF012891
:1030E00013D1FFE7109842F2FC11405C30B9FFE7C2
:1030F000109942F2FC120120885405E0109942F226
:10310000FC1200208854FFE7FFE708E2109842F223
:103110005721405C022840F0FC80FFE7109842F203
:103120005621405C002840F0F480FFE7109800F63C
:103130003450FEF75DF9FCF7D1FD109842F20421FE
:10314000084490ED001AB4EE410AF1EE10FA0DDDDC
:10315000FFE7109800F63450FEF74AF98DED080AA3
:1031600009E000BF00000000000034431FED030A27
:103170008DED080AFFE710989DED080A8DED120A03
:1031800000F63450FEF73CF9FCF7A8FD109842F227
:103190000421084490ED001AB4EE410AF1EE10FA51
:1031A00008DDFFE7109800F63450FEF729F98DEDA1
:1031B000070A04E01FED150A8DED070AFFE71098D6
:1031C0009DED070A8DED110A00F62870FEF776FCDA
:1031D00070B9FFE7109844F21472C2F2000211684D
:1031E0000131116000F628700121FEF76FFCFFE746
:1031F00042F28C40C2F200000078B0B9FFE71098AC
:1032000000F63450FEF7F0F901280ED1FFE71098D0
:1032100000F6287001210691FEF758FC069842F24C
:103220008C41C2F200010870FFE7109800F634509C
:10323000FEF7D2F9022843D1FFE7109800F6287074
:10324000FEF73CFC01282AD1FFE7109800F6287011
:1032500005900221FEF73AFC0598D0F85804FFF7D4
:103260005DF8042808D1FFE710984FF49C514058AE
:103270000521FFF75BF811E010984FF49C5140587E
:10328000FFF74CF8052808D1FFE710984FF49C5140
:1032900040580421FFF74AF8FFE7FFE70FE01098D6
:1032A00000F62870FEF70AFC022807D1FFE7109805
:1032B00000F628700121FEF709FCFFE7FFE7FFE7B2
:1032C000109800F62870FEF7F9FB012820D1FFE7DF
:1032D00010989DED121A42F21821014491ED002A36
:1032E0009DED160A21EE021A30EE410A8DED160A06
:1032F0009DED110A42F21C21084490ED002A9DED3B
:10330000151A20EE020A30EE010A8DED150AFFE7CC
:1033100004E1109842F25721405C022840F0FD8001
:10332000FFE7109842F25621405C012840F0F580FA
:10333000FFE7109800F62870FEF7C0FB38B9FFE7EA
:10334000109800F628700121FEF7C0FBFFE71098E7
:1033500000F63450FEF7C6FA012823D1FFE7109893
:1033600000F56560FFF744F801281BD1FFE71098CE
:1033700000F6287003900221FEF7A8FB0398D0F80E
:1033800058040421FEF7D2FF109800F56560049000
:10339000FFF726F804988DED160AFFF73BF88DED40
:1033A000150A06E0109800F628700121FEF78EFB42
:1033B000FFE7109800F634500290FEF701F81099DC
:1033C0000298B0EE401A42F22822114491ED002AF0
:1033D0009DED160A21EE021A30EE410A8DED160A15
:1033E000FDF7F6FF1099029842F22C22114491ED5C
:1033F000002A9DED151A20EE020A30EE010A8DED2D
:10340000150AFEF737FA022820D1FFE7109842F29A
:103410000C21405A40F2A46188420BD1FFE7109979
:1034200042F2F1120020885442F20C224FF4C8708C
:1034300088520AE0109942F2F1120120885442F2B7
:103440000C2240F2A4608852FFE7FFE7109800F6D4
:103450003450FEF7F7F902282BD1FFE710989DEDC5
:10346000160A9FED3D1A30EE010A8DED160A42F262
:10347000F7120021815400F2DC4004F0E1FC38B97D
:10348000FFE7109800F2DC40012104F0E1FC0FE0BE
:10349000109800F2DC4004F0D3FC012807D1FFE7CC
:1034A000109800F2DC40002104F0D2FCFFE7FFE7B7
:1034B000FFE7109800F62870FEF700FB022810D1F5
:1034C000FFE7109800F63450FEF7F4F9012808D110
:1034D000FFE710984FF49C5140580521FEF726FF56
:1034E000FFE7109800F63450FEF7CCF9022813D10C
:1034F000FFE7109842F2FC11405C30B9FFE71099E9
:1035000042F2FC120120885405E0109942F2FC12AC
:1035100000208854FFE7FFE7FFE7FFE7FFE7FFE74B
:10352000109842F2FC11405C012806D1FFE74CF2F2
:103530008F20CCF28D001590FFE7109800F62870D0
:1035400001909DED160AFEF79BFA01989DED150A74
:10355000FEF7AAFA18B080BD0000344380B596B0DB
:1035600015901598149001F019F8149842F257210B
:10357000405C012840F09780FFE7149842F2552103
:10358000405C002840F08F80FFE7149800F6B450AC
:10359000FDF7D0FB002872D1FFE7149841F63031D7
:1035A0000844129001211391FFF7AAF81298139979
:1035B000FFF7BAF81399149842F2F212815400F608
:1035C000B450FDF787FE9FEDD01AB4EE410AF1EE3C
:1035D00010FA13DDFFE7149800F6B450FDF77AFEF9
:1035E0009FEDCA1AB4EE410AF1EE10FA06DAFFE7CF
:1035F000149942F2542200208854FFE7149800F6F0
:10360000B450FDF767FE9FEDC21AB4EE410AF1EE29
:1036100010FA13DAFFE7149842F25421405C68B9BB
:10362000FFE7149841F6303108440221FFF768F8AB
:10363000149942F2542201208854FFE7149800F6AE
:10364000B450FDF747FE9FEDB31AB4EE410AF1EE18
:1036500010FA13DDFFE7149842F25421405C68B978
:10366000FFE7149841F6303108440421FFF748F889
:10367000149942F2542201208854FFE712E0149872
:1036800041F630310844109000211191FFF738F8CD
:1036900010981199FFF748F81499119842F2F21214
:1036A0008854FFE7BCE2149842F25721405C01289D
:1036B00040F0F380FFE7149842F25521405C012866
:1036C00040F0EB80FFE7149800F6B450FDF774FC6F
:1036D000012814D1FFE7149842F21C11405C012824
:1036E00006D1FFE7149942F21C120220885405E02B
:1036F000149942F21C1201208854FFE7FFE7149846
:1037000000F62870FEF7DAF902284CD1FFE714988A
:103710004FF49C514058FEF701FE052843D1FFE7C6
:10372000149800F6B450FDF797FC01283AD1FFE752
:10373000149841F6303101440E9141F6A4510844E9
:1037400003F0ACFCFCF7C0FA0E988DED0F0AFEF703
:10375000F7FFB0EE401A9DED0F0AB4EE410AF1EE0C
:1037600010FA1FDDFFE7149842F21C11405C01289B
:1037700008D1FFE7149841F6303108440221FEF7E2
:10378000BFFFFFE7149842F21C11405C022808D1E9
:10379000FFE7149841F6303108440421FEF7B0FFEA
:1037A000FFE7FFE74AE0149800F6B450FDF754FC39
:1037B00001283AD1FFE7149841F6303101440C91C9
:1037C00041F6A451084403F069FCFCF77DFA0C981B
:1037D0008DED0D0AFEF7B4FFB0EE401A9DED0D0A17
:1037E000B4EE410AF1EE10FA1FDDFFE7149842F241
:1037F0001C11405C012808D1FFE7149841F63031D4
:1038000008440221FEF77CFFFFE7149842F21C11E6
:10381000405C022808D1FFE7149841F63031084493
:103820000421FEF76DFFFFE707E0149841F6303101
:1038300008440121FEF764FFFFE7FFE7149800F654
:10384000B450FDF719FC012826D1FFE7149841F682
:1038500030310844FEF760FF01280ED1FFE71498CD
:1038600041F63031084400210B91FEF75DFF1499B9
:103870000B9842F2F21288540DE0149841F6303160
:10388000084401210A91FEF74FFF14990A9842F269
:10389000F2128854FFE7FFE7C1E1149842F2572182
:1038A000405C022840F0BF80FFE7149842F25621A6
:1038B000405C002840F0B780FFE7149800F63450D1
:1038C000FDF798FE02283AD1FFE7149842F2F21170
:1038D000405C88B9FFE7149842F2F2120121099185
:1038E000815441F6303210440890FEF709FF0898E1
:1038F0000999FEF719FF21E0149842F2F211405C99
:1039000001281AD108E000BFCDCC4CBECDCC4C3E36
:10391000CDCC4CBFCDCC4C3F149842F2F2120021DA
:103920000791815441F6303210440690FEF7E8FECC
:1039300006980799FEF7F8FEFFE7FFE7FFE7149800
:1039400041F630310844FEF7E7FE01286AD1FFE76F
:10395000149841F630310844FEF7CAFE002861D0C1
:10396000FFE7149800F63450FEF720F89FEDAD1AEB
:10397000B4EE410AF1EE10FA13DDFFE7149800F6F9
:103980003450FEF713F89FEDA81AB4EE410AF1EE99
:1039900010FA06DAFFE7149942F254220020885404
:1039A000FFE7149800F63450FEF700F89FED9F1AD9
:1039B000B4EE410AF1EE10FA13DAFFE7149842F27E
:1039C0005421405C68B9FFE7149841F6303108444F
:1039D0000221FEF795FE149942F2542201208854E8
:1039E000FFE7149800F63450FDF7E0FF9FED901AC2
:1039F000B4EE410AF1EE10FA13DDFFE7149842F23B
:103A00005421405C68B9FFE7149841F6303108440E
:103A10000421FEF775FE149942F2542201208854C5
:103A2000FFE7FFE7FAE0149842F25721405C0228D2
:103A300040F0F380FFE7149842F25621405C0128E1
:103A400040F0EB80FFE7149800F63450FDF7F2FEEB
:103A5000022814D1FFE7149842F21C11405C01289F
:103A600006D1FFE7149942F21C120220885405E0A7
:103A7000149942F21C1201208854FFE7FFE71498C2
:103A800000F62870FEF71AF802284CD1FFE71498C8
:103A90004FF49C514058FEF741FC052843D1FFE705
:103AA000149800F63450FDF715FF02283AD1FFE7CD
:103AB000149841F630310144049141F6A451084470
:103AC00003F0ECFAFCF700F904988DED050AFEF717
:103AD00037FEB0EE401A9DED050AB4EE410AF1EE54
:103AE00010FA1FDDFFE7149842F21C11405C012818
:103AF00008D1FFE7149841F6303108440221FEF75F
:103B0000FFFDFFE7149842F21C11405C022808D127
:103B1000FFE7149841F6303108440421FEF7F0FD28
:103B2000FFE7FFE74AE0149800F63450FDF7D2FEB5
:103B300002283AD1FFE7149841F63031014402914E
:103B400041F6A451084403F0A9FAFCF7BDF8029825
:103B50008DED030AFEF7F4FDB0EE401A9DED030A69
:103B6000B4EE410AF1EE10FA1FDDFFE7149842F2BD
:103B70001C11405C012808D1FFE7149841F6303150
:103B800008440221FEF7BCFDFFE7149842F21C1125
:103B9000405C022808D1FFE7149841F63031084410
:103BA0000421FEF7ADFDFFE707E0149841F6303140
:103BB00008440121FEF7A4FDFFE7FFE7149800F693
:103BC0003450FDF797FE022826D1FFE7149841F6FE
:103BD00030310844FEF7A0FD01280ED1FFE714980C
:103BE00041F63031084400210191FEF79DFD149902
:103BF000019842F2F21288540DE0149841F63031E7
:103C0000084401210091FEF78FFD1499009842F2BB
:103C1000F2128854FFE7FFE7FFE7FFE7FFE7FFE760
:103C200016B080BDCDCC4CBECDCC4C3ECDCC4CBF27
:103C3000CDCC4C3F80B5A2B0219021981A9000F0D5
:103C4000ADFC1A98002120911F9142F25721405C4F
:103C5000012840F0E580FFE71A9842F25521405CC8
:103C6000002840F0DD80FFE71A9800F6B450FCF71A
:103C700035FFFCF733F81A9842F20421084490ED1E
:103C8000001AB4EE410AF1EE10FA08DDFFE71A98C7
:103C900000F6B450FCF722FF8DED190A04E09FED09
:103CA000E20A8DED190AFFE71A989DED190A8DEDCC
:103CB0001E0A00F6B450FCF719FFFCF70FF81A982B
:103CC00042F20421084490ED001AB4EE410AF1EEEC
:103CD00010FA08DDFFE71A9800F6B450FCF706FF6B
:103CE0008DED180A04E09FEDD00A8DED180AFFE76C
:103CF0009DED180A8DED1D0A9DED1E0A8DED110A30
:103D00009DED1D0A20EE000AB0EE001A8DED131A8B
:103D100080EE011AB7EE000A8DED140A30EE410A6A
:103D200005F098FC1A98B0EE401A9DED110A20EEAD
:103D3000010A8DED120A00F2DC40159004F01CF827
:103D40009DED121A9DED132AB0EE403A9DED140A36
:103D500021EE031A8DED201A9DED1D1A8DED161A18
:103D60009DED1E1A21EE011A81EE021A30EE410A73
:103D700005F070FC1598B0EE401A9DED160A20EE85
:103D8000010A8DED170A04F001F81A98B0EE401AF6
:103D90009DED170A20EE010A8DED1F0A00F6B450C2
:103DA000FCF7C0FF032807D1FFE71A9800F2DC40B8
:103DB000012104F039F8FFE71A9800F6B450FCF737
:103DC000B1FF60BBFFE71A9800F2DC4010900221BF
:103DD00004F02AF8109803F0A7FF1A9842F29041D5
:103DE000C2F2000181ED000A00F6B450FCF7A2FF18
:103DF000062813D1FFE71A9800F2DC400F90032148
:103E000004F012F80F9803F08FFFB1EE400A42F26F
:103E10009040C2F2000080ED000AFFE7FFE761E397
:103E20001A9842F25721405C012840F0CD80FFE70C
:103E30001A9842F25521405C012840F0C580FFE706
:103E40001A9842F2F0120021815400F6B450FDF7A6
:103E50001BF903280BD1FFE71A9942F208224FF011
:103E60007E50885042F2F012012088540AE01A99DC
:103E700042F208224FF08040885042F2F0120020B7
:103E80008854FFE71A9800F6B450FDF78DF8032820
:103E900012D1FFE71A9800F2DC4003F06DFF1A9888
:103EA000B1EE400A42F20821084490ED001A80EE7B
:103EB000010A8DED200AFFE71A9800F6B450FDF7CD
:103EC0008BF8032810D1FFE71A9800F2DC4003F0CA
:103ED00053FF1A9842F20821084490ED001A80EE30
:103EE000010A8DED200AFFE71A9800F6B450FDF79D
:103EF000ABF8032810D1FFE71A9800F2DC4003F07A
:103F000045FF1A9842F20821084490ED001A80EE0D
:103F1000010A8DED1F0AFFE71A9800F6B450FDF76D
:103F200083F8032812D1FFE71A9800F2DC4003F06F
:103F30002DFF1A98B1EE400A42F20821084490ED94
:103F4000001A80EE010A8DED1F0AFFE71A9800F6AD
:103F5000B450FDF749F8012821D1FFE71A9800F283
:103F6000DC4003F059FF012811D1FFE71A9800F255
:103F7000DC400E90022103F057FF0E9803F0D4FEB0
:103F800042F29040C2F2000080ED000A06E01A986A
:103F900000F2DC40012103F047FFFFE7FFE71A983A
:103FA00000F6B450FDF738F8032806D1FFE71A9958
:103FB00042F2F5120120885405E01A9942F2F512F6
:103FC00000208854FFE78CE21A9842F25721405CA7
:103FD000022840F06B81FFE71A9842F25621405CBC
:103FE000002840F06381FFE71A9842F2F0120121A5
:103FF000815400F63450FDF7CBF9FBF76FFE1A98A9
:1040000042F20421084490ED001AB4EE410AF1EEA8
:1040100010FA0BDDFFE71A9800F63450FDF7B8F9F7
:104020008DED0D0A07E000BF000000001FED020A41
:104030008DED0D0AFFE71A989DED0D0A8DED1C0A16
:1040400000F63450FDF7ACF9FBF748FE1A9842F23F
:104050000421084490ED001AB4EE410AF1EE10FA82
:1040600008DDFFE71A9800F63450FDF799F98DED59
:104070000C0A04E01FED140A8DED0C0AFFE71A98F4
:104080009DED0C0A8DED1B0A00F2DC4003F0C4FE2E
:1040900038B9FFE71A9800F2DC40012103F0C4FEB2
:1040A000FFE79DED1C0A8DED050A9DED1B0A20EE34
:1040B000000AB0EE001A8DED071A80EE011AB7EE75
:1040C000000A8DED080A30EE410A05F0C3FA1A988D
:1040D000B0EE401A9DED050A20EE010A8DED060AAC
:1040E00000F2DC40099003F047FE9DED061A9DEDBD
:1040F000072AB0EE403A9DED080A21EE031A8DED35
:10410000201A9DED1B1A8DED0A1A9DED1C1A21EE49
:10411000011A81EE021A30EE410A05F09BFA099865
:10412000B0EE401A9DED0A0A20EE010A8DED0B0A51
:1041300003F02CFEB0EE401A9DED0B0A20EE010AB2
:104140008DED1F0A9DED200AB5EE400AF1EE10FA42
:1041500008D1FFE79DED1F0AB5EE400AF1EE10FA17
:104160001FD0FFE71A9842F2F011405C40B9FFE718
:104170001A9800F2DC40B1EE000A03F0DFFD0FE018
:104180001A9842F2F011405C012808D1FFE71A9812
:1041900000F2DC40B2EE020A03F0D0FDFFE7FFE7D9
:1041A00007E01A9800F2DC40B2EE060A03F0C6FD02
:1041B000FFE71A9800F63450FDF7FAF8022822D1EA
:1041C000FFE71A9800F2DC4003F026FE022819D01F
:1041D000FFE71A9800F2DC4003F01EFE032811D01E
:1041E000FFE71A9800F2DC400490022103F01CFE65
:1041F000049803F099FD42F29040C2F2000080ED75
:10420000000AFFE70FE01A9800F63450FDF7D0F8E7
:10421000012807D1FFE71A9800F2DC40012103F0E2
:1042200003FEFFE7FFE71A9800F63450FDF7F0F8B9
:1042300002283AD1FFE71A9800F2DC4003F0ECFDC7
:10424000022817D1FFE71A9800F2DC4003900321FF
:1042500003F0EAFD039803F067FDB0EE401A9FED0E
:10426000BD0A30EE410A42F29040C2F2000080EDF9
:10427000000A19E01A9800F2DC4003F0CDFD032893
:1042800011D1FFE71A9800F2DC400290022103F0FE
:10429000CBFD029803F048FD42F29040C2F20000CC
:1042A00080ED000AFFE7FFE7FFE719E11A9842F205
:1042B0005721405C022840F01281FFE71A9842F231
:1042C0005621405C012840F00A81FFE71A9800F26D
:1042D000DC4003F0A1FD38B9FFE71A9800F2DC409A
:1042E000012103F0A1FDFFE71A9842F2F01200212C
:1042F000815400F63450FDF705FB01280BD1FFE790
:104300001A9942F208224FF07E50885042F2F01281
:10431000012088540AE01A9942F208224FF08040A6
:10432000885042F2F01200208854FFE71A9800F6F5
:104330003450FDF777FA012812D1FFE71A9800F2FE
:10434000DC4003F019FD1A98B1EE400A42F2082150
:10435000084490ED001A80EE010A8DED200AFFE777
:104360001A9800F63450FDF775FA012810D1FFE7CE
:104370001A9800F2DC4003F0FFFC1A9842F2082180
:10438000084490ED001A80EE010A8DED200AFFE747
:104390001A9800F63450FDF795FA012810D1FFE77E
:1043A0001A9800F2DC4003F0F1FC1A9842F208215E
:1043B000084490ED001A80EE010A8DED1F0AFFE718
:1043C0001A9800F63450FDF76DFA012812D1FFE774
:1043D0001A9800F2DC4003F0D9FC1A98B1EE400ABA
:1043E00042F20821084490ED001A80EE010A8DED9A
:1043F0001F0AFFE79DED200AB5EE400AF1EE10FA24
:1044000008D1FFE79DED1F0AB5EE400AF1EE10FA64
:104410001FD0FFE71A9842F2F011405C40B9FFE765
:104420001A9800F2DC40B1EE000A03F087FC0FE0BE
:104430001A9842F2F011405C012808D1FFE71A985F
:1044400000F2DC40B1EE0C0A03F078FCFFE7FFE776
:1044500007E01A9800F2DC40B2EE020A03F06EFCAC
:10446000FFE71A9800F63450FDF7FCF9022821D135
:10447000FFE71A9800F2DC4003F0CEFC012811D1CE
:10448000FFE71A9800F2DC400190022103F0CCFC17
:10449000019803F049FC42F29040C2F2000080ED26
:1044A000000A06E01A9800F2DC40012103F0BCFC8F
:1044B000FFE7FFE71A9800F63450FDF7EBF9012803
:1044C00006D1FFE71A9942F2F5120120885405E05F
:1044D0001A9942F2F51200208854FFE7FFE7FFE740
:1044E000FFE7FFE71A9800F2DC4003F0A9FC08B9E7
:1044F000FFE717E01A9800F2DC4003F0A1FC012866
:104500000FD1FFE79DED1F1A9FED120A30EE411A01
:104510008DED1F1A9DED201A30EE410A8DED200A17
:10452000FFE7FFE71A9800F2DC4000909DED200ABB
:1045300003F05EFC00989DED1F0A03F063FC0098F9
:1045400042F29041C2F2000191ED000A03F00AFC30
:1045500022B080BD0000008082B001908DF8031071
:1045600001999DF8030042F25822885402B0704726
:1045700080B582B001900198009000F03DF800985D
:1045800000F0C4F80098FEF7F9FB0098FFF752FB23
:104590000098FEF7E3FF02B080BD000080B582B056
:1045A00001900198009000F027F8009800F0AEF814
:1045B000009842F25521405C022806D0FFE700999E
:1045C00042F257220120885413E0009842F256210B
:1045D000405C022806D0FFE7009942F257220220F1
:1045E000885405E0009942F2572200208854FFE7E2
:1045F000FFE702B080BD000080B582B00190019855
:10460000009000F6B450FCF769FAB5EE400AF1EEFE
:1046100010FA21D1FFE7009800F6B450FCF766FAD3
:10462000B5EE400AF1EE10FA16D1FFE7009800F659
:10463000B450FCF77BFAB5EE400AF1EE10FA0BD15C
:10464000FFE7009800F6B450FCF778FAB5EE400AA0
:10465000F1EE10FA06D0FFE7009942F25522002051
:10466000885451E0009800F6B450FCF747FAB5EED4
:10467000400AF1EE10FA32D1FFE7009800F6B4508C
:10468000FCF744FAB5EE400AF1EE10FA27D1FFE745
:10469000009800F6B450FCF741FAB5EE400AF1EE8E
:1046A00010FA1CD1FFE7009800F6B450FCF77CFC30
:1046B000A8B9FFE7009800F6B450FCF78DFC70B97C
:1046C000FFE7009800F6B450FCF7BEFC38B9FFE7EE
:1046D000009800F6B450FCF7A7FC30B1FFE7009952
:1046E00042F25522012088540DE0009800F6B450A3
:1046F000FCF710FB30B9FFE7009942F25522022087
:104700008854FFE7FFE7FFE702B080BD80B582B0C5
:1047100001900198009000F63450FCF739FEB5EE98
:10472000400AF1EE10FA21D1FFE7009800F634506C
:10473000FCF736FEB5EE400AF1EE10FA16D1FFE7AF
:10474000009800F63450FCF753FEB5EE400AF1EE47
:1047500010FA0BD1FFE7009800F63450FCF750FE3A
:10476000B5EE400AF1EE10FA06D0FFE7009942F2EA
:1047700056220020885451E0009800F63450FCF78F
:104780001FFEB5EE400AF1EE10FA32D1FFE70098B5
:1047900000F63450FCF71CFEB5EE400AF1EE10FABC
:1047A00027D1FFE7009800F63450FCF719FEB5EE6C
:1047B000400AF1EE10FA1CD1FFE7009800F63450E1
:1047C000FDF730F8A8B9FFE7009800F63450FDF780
:1047D00041F870B9FFE7009800F63450FDF772F821
:1047E00038B9FFE7009800F63450FDF75BF830B1B8
:1047F000FFE7009942F25622012088540DE000980C
:1048000000F63450FCF7F0FE30B9FFE7009942F2B1
:10481000562202208854FFE7FFE7FFE702B080BD81
:1048200081B00090009842F25221405C01B0704784
:1048300082B001908DF8031001999DF8030042F2B7
:104840005222885402B0704781B00090009842F222
:104850005121405C01B0704782B001908DF8031087
:1048600001999DF8030042F25122885402B070472A
:1048700080B584B003900398009042F2482281589A
:10488000013181504FF40851425892F820208DF8A0
:104890000B20425892F821208DF80A204258528C61
:1048A000ADF806204258928CADF808204158C98CCA
:1048B000ADF804109DF80B1000F070FB0098BDF9E6
:1048C000041000F097FB0098BDF8081000F09EFB64
:1048D0000098BDF8061000F0ADFB00989DF80A1096
:1048E00000F070FB04B080BD80B598B017901798A9
:1048F000039000210B9116911591ADF84A10ADF877
:104900004810ADF846108DF843100F9100F628704E
:10491000FDF7D4F8014603988DF83A1041F630318E
:104920000844FDF717FF014603988DF8391000F28F
:10493000DC40069003F084FA014603988DF83810A5
:1049400042F2F711415C49019DF8382041EA021119
:104950009DF8392041EA82019DF83A20114344F242
:104960000D72C2F200020192117041F6A451084486
:1049700002F094FBFBF7A8F903988DED000A00F50F
:10498000FB5002F08BFBFBF79FF90B98B0EE401A3F
:104990009DED000A30EE010AB0EE001A80EE010A29
:1049A0008DED130A9DED130ADFED6B0A9FED6B1A77
:1049B00047F6FF710A91F9F71DFE01990246039827
:1049C000ADF8442040F23822C2F20002BDF8443073
:1049D00013800978917000F56560FDF709FD039A71
:1049E0000146069842F2F4130293D15403F0ECF915
:1049F00006988DED160A03F0F1F906988DED150A6B
:104A000003F0A6F903988DED0F0A00F5B05003F0FE
:104A100059FD06988DED140A03F0FEF9029B039AE6
:104A2000014606988DF83B1042F2F511515CC90120
:104A3000D35C41EA831142F2F313D35C41EA4311A0
:104A400042F2F213D35C41EA031142F2F113D35C58
:104A500041EAC30142F2F013D25C41EA82019DF8BF
:104A60003B20114344F20C72C2F200020D9211700D
:104A70009DED160A8DED050A03F07EF90698B0EE5D
:104A8000401A9FED370A8DED070A30EE410A8DED91
:104A9000040A03F071F9DDED040A0B980A99B0EEEF
:104AA000401A9DED050AF9F7A5FD01460698ADF8F7
:104AB0004A1040F23022C2F200020C92BDF84A10B5
:104AC00011809DED150A8DED090A03F05FF9069836
:104AD000B0EE401A9DED070A30EE410A8DED080A4E
:104AE00003F054F9DDED080A0B980A99B0EE401A6C
:104AF0009DED090AF9F77EFD0C9A01460B98ADF879
:104B00004810BDF8481051809DED0F0AFBEE040AD5
:104B1000B3EE041AFF21F9F76DFD0A990C9B0246CA
:104B20000B98ADF846209DF846201A719DED140AA9
:104B3000DFED0C0AB3EE0E1AF9F75CFD0C99024694
:104B40000D988DF84320BDF84320A1F8052000788A
:104B5000C87118B080BD00BF000048C400004844C0
:104B600000000080000020C280B586B00590059846
:104B7000029000F62870FCF7B5FF029841F630313C
:104B80000144019100F02EFA01460198FDF7A4FDC1
:104B9000029800F047FA01460198FDF791FD01984F
:104BA000FDF7E0FD029800F56560FDF755FC029801
:104BB00041F284310844039003F04EFB03988DEDDD
:104BC000040A02F097FFB0EE401A9DED040A30EEA1
:104BD000410A04F035FDB7EE001AB4EE410AF1EED9
:104BE00010FA0CDAFFE7029842F2F711405C30B994
:104BF000FFE7029942F2F71201208854FFE706B05E
:104C000080BD000080B584B003900398029042F20A
:104C10009540C2F20000017801310170007832281D
:104C200058D1FFE742F29440C2F20000017801310E
:104C3000017000784AF6AA22C2F6AA224AF6AB21EF
:104C4000CAF6AA2100FB0120B0F1553F14D2FFE7BC
:104C5000029800F0A9F8029800F6B450FCF732FA76
:104C6000029800F63450FCF785FE42F29441C2F2FD
:104C7000000100200870FFE7029800F628710191FA
:104C800000F5B05002F062FF029841F2843108440E
:104C900002F05CFF019804F0CDF8029841F6E8318B
:104CA000084402F045F8029841F6A451084402F085
:104CB00083FA029800F5FB5002F07EFA029800F5A4
:104CC0006560FDF7D5FB42F29541C2F2000100207C
:104CD0000870FFE704B080BD80B58AB009908DED03
:104CE000080A0998079000F2DC400290B1EE080A29
:104CF0008DED030A03F054F802989DED030A03F0CA
:104D000059F8079901F505504165062100220492E2
:104D100003F058FD049A079942F29810084441653F
:104D2000052103F04FFD0499079842F25722815460
:104D300000F6B45045F2F041C2F2000145F2A8423B
:104D4000C2F20002FCF7F4F90798089942F2042233
:104D5000815000F628700690FCF7E0FE069A07994D
:104D600001F565600590C2F8580441F630300844FA
:104D7000C0F8B410FDF70EFD05986A4601211160D8
:104D800040F25831C2F2000144F60022C2F20002A1
:104D90005A23FDF783FB06990798C0F8501EC0F808
:104DA000540E0AB080BD000082B0019001990091BC
:104DB00042F24820085842F24C228958884206D1D3
:104DC000FFE7009942F250220020885405E0009944
:104DD00042F2502201208854FFE7009942F2482015
:104DE000085842F24C22885002B0704780B582B019
:104DF00001900198009000F029F9009800F2DC4041
:104E000003F032F8009800F63450FCF711FE0098D9
:104E100000F6B450FCF7A0FA009800F56560FDF7C5
:104E200035FC009800F62870FDF7F8F8009841F678
:104E300030310844FDF75CFF009800F5055003F0A1
:104E4000CFF9009842F29811084403F0D3F9009882
:104E500042F2F0110022425442F2F111425442F265
:104E6000F211425442F2F311425442F2F41142540C
:104E700042F2F511425442F2F611425442F2F71353
:104E80000121C15442F2F813C25042F2FC13C25441
:104E900040F24023C2F200034FF4085C40F80C30AB
:104EA00042F2082C4FF0804340F80C3042F20C2CB8
:104EB0004FF4C87320F80C3042F2102C41F26F23EB
:104EC000C3F6832340F80C3042F2142C4DF20A73DF
:104ED000C3F6234340F80C3042F2182C0023C4F2EE
:104EE000900340F80C3042F21C2C43F67153C4F28C
:104EF0000A0340F80C3042F2202C46F66323C3F636
:104F00001A4340F80C3042F2242C40F80C3042F2A4
:104F1000282C43F23333C4F2673340F80C3042F2AA
:104F20002C2C43F23333C4F2E72340F80C3042F226
:104F3000302C49F6A633C3F6443340F80C3042F225
:104F4000342C40F80C3042F23823C25242F23A2359
:104F5000C25242F24823C25042F24C23C25042F2A3
:104F60005023C25442F25123C15442F25223C1543D
:104F700042F25323C15442F25421425442F2552387
:104F80000221C15442F25623C15442F25723C25463
:104F900042F25822815402B080BD000082B00190DC
:104FA0008DF8031001999DF8030081F85D0002B0AF
:104FB0007047000081B000900098407D000901B06A
:104FC0007047000082B001908DF8031001999DF8A0
:104FD0000320487D00F00F0040EA0210487502B03F
:104FE0007047000081B000900098B0F8760001B0E2
:104FF0007047000082B00190ADF802100199BDF831
:105000000200A1F8760002B07047000082B0019063
:10501000ADF802100199BDF80200A1F8630002B0DA
:105020007047000081B000900098B0F8650001B0B2
:105030007047000082B00190ADF802100199BDF8F0
:105040000200A1F8650002B07047000080B586B08C
:10505000049004980190059000214171052282710D
:105060000222C2710272C160016101755D3003F0FC
:1050700057FB0198CE3003F07BFB0198D63003F04C
:1050800057FB0198EB3003F05BFB019800F20F1027
:1050900003F05EFB019800F5B07003F061FB01992D
:1050A00001F2CF1001F2CC4102910390FFE7039887
:1050B000009003F065FB0098029A00F13301084666
:1050C00091420390F3D1FFE7059806B080BD000040
:1050D00080B582B001900198009004F083FA0098A6
:1050E000A83004F07FFA009800F5A87004F07AFA6E
:1050F00000984FF4FA61A0F810120021C0F81412C1
:1051000049F69A12C3F69962C0F8182243F6FF7264
:10511000C0F81C2280F82012C0F82412C0F828120F
:1051200080F82C12A72280F8582280F8591280F8B3
:105130005A12C0F85C12C0F86012C0F86412C0F8CD
:105140006812C0F86C12C0F87012C0F87412C0F87F
:10515000781202B080BD000081B00090009844F247
:105160000001C4F29C6181610021C161016280F88B
:1051700024100164416401B07047000081B00090C8
:10518000009940F2C400C2F2000002684DF6836349
:10519000C4F21B33A2FB0332920C8A71006844F6FE
:1051A000D352C1F26202A0FB02208009886001B0E4
:1051B0007047000080B584B003900291039801907D
:1051C00000F0A2FE30B1FFE70199087940F08000BD
:1051D000087108E0019800F01DFA0199024608796B
:1051E00010430871FFE7019800F0ECFD30B1FFE7D4
:1051F0000199087940F04000087108E0019800F03A
:1052000073F901990246087910430871FFE7019884
:10521000407928B1FFE70198029900F091FA26E061
:1052200002994EF66E50C3F6BE30486202994DF2B6
:10523000EE20CBF6C2208862029942F67230CBF69D
:105240009A20C86202994FF65750C4F21A100863A8
:10525000029890ED0C1A9FED080A80EE010A80ED8D
:10526000080A02990020C4F220208861FFE7019813
:10527000007904B080BD00BFC3F51C4180B586B085
:10528000059004910598029042F29842C2F2000201
:1052900003921221062300F0E5FF0298039A117889
:1052A000537841EA032142F29643C2F20003198087
:1052B000B3F9001000EE101AB8EEC00A40F20C016B
:1052C000C2F2000191ED001A20EE010ADDF810C0D3
:1052D0008CED000A92F802C092F803E04CEA0E2C22
:1052E000A3F800C0B3F900C000EE10CAB8EEC00ABF
:1052F00091ED001A20EE010ADDF810C08CED010AD4
:1053000092F804C092F805E04CEA0E2CA3F800C015
:10531000B3F9003000EE103AB8EEC00A91ED001A71
:1053200020EE010A049981ED020A0021082300F011
:1053300063FF039800780F2840F09B80FFE70298F6
:105340004079002850D0FFE742F29843C2F20003B0
:105350009878D97840EA012042F29641C2F20001E1
:105360000880B1F9000000EE100AB8EEC00A40F261
:105370001000C2F2000090ED002A049A92ED091A82
:1053800020EE020A30EE410A82ED030A1A7993F800
:1053900005C042EA0C220A80B1F9002000EE102A72
:1053A000B8EEC00A90ED002A049A92ED0A1A20EE97
:1053B000020A30EE410A82ED040A9A79DB7942EA68
:1053C00003220A80B1F9001000EE101AB8EEC00AEC
:1053D00090ED002A049890ED0B1A20EE020A30EEB0
:1053E000410A80ED050A43E042F29843C2F200030D
:1053F0009878D97840EA012042F29641C2F2000141
:105400000880B1F9000000EE100AB8EEC00A40F2C0
:105410001000C2F2000090ED001A20EE010A049A7A
:1054200082ED030A1A7993F805C042EA0C220A8039
:10543000B1F9002000EE102AB8EEC00A90ED001A73
:1054400020EE010A049A82ED040A9A79DB7942EA95
:1054500003220A80B1F9001000EE101AB8EEC00A5B
:1054600090ED001A20EE010A049880ED050AFFE78E
:10547000FFE7029842F29842C2F200020192222112
:10548000022300F0EFFE019908784978C00040EA55
:10549000511142F29640C2F200000180B0F90000C2
:1054A000B0F5806F09DBFFE742F29641C2F20001DE
:1054B0000888A0F500600880FFE742F29640C2F23B
:1054C0000000B0F9000000EE100AB8EEC00AB4EE19
:1054D000001A20EE010AB3EE071A30EE010A049812
:1054E00080ED070A06B080BD80B58AB008900898A4
:1054F0000590002103918DF81F108DF81E100DF1FD
:105500001E02049200F0E8FE05989621069101F033
:1055100019F80399049A059800F0DEFE059806999B
:1055200001F010F805981421B62200F025FF059827
:10553000502100F0BDFF0399049A059800F0CCFEBD
:105540000598069900F0FEFF0399049A059800F06B
:10555000C3FE0598069900F0F5FF9DF81E000F2880
:1055600004D0FFE7FF208DF827004FE000208DF8E2
:105570001F00FFE79DF81F00052843DCFFE70598A3
:105580009DF81F1001EB410340F29811C2F2000197
:105590000291CA18C95C527800F0EEFE0598962177
:1055A000019100F0CFFF059802999DF81F2002EBB2
:1055B0004202895C0DF11E0200F08EFE05980199F1
:1055C00000F0C0FF02999DF81E009DF81F2002EB1D
:1055D00042021144497888420DD0FFE79DF81F0030
:1055E00000EB400140F29810C2F2000008448078BD
:1055F0008DF827000AE0FFE79DF81F0001308DF8C5
:105600001F00B7E700208DF82700FFE79DF827006F
:105610000AB080BD80B58AB0089008980590002136
:1056200003918DF81F108DF81E100DF11F020492CA
:1056300000F078FE05989621069100F083FF03990B
:10564000049A059800F06EFE0598069900F07AFF1E
:1056500005987E21B62200F0B1FE0598502100F099
:1056600027FF0399049A059800F05CFE05980699B7
:1056700000F068FF0399049A059800F053FE05981E
:10568000069900F05FFF9DF81F001E2804D0FFE779
:10569000FF208DF827004FE000208DF81E00FFE767
:1056A0009DF81E00052843DCFFE705989DF81E10B5
:1056B00001EB410340F2AA11C2F200010291CA18A3
:1056C000C95C527800F07AFE05989621019100F0AD
:1056D00039FF059802999DF81E2002EB4202895C71
:1056E0000DF11F0200F01EFE0598019900F02AFF3F
:1056F00002999DF81F009DF81E2002EB4202114402
:10570000497888420DD0FFE79DF81E0000EB40016C
:1057100040F2AA10C2F20000084480788DF82700F9
:105720000AE0FFE79DF81E0001308DF81E00B7E784
:1057300000208DF82700FFE79DF827000AB080BD04
:1057400080B594B006AA0292139012911398039018
:10575000002011901090F8F7B1FE42F2A040C2F282
:10576000000080ED000AFFE7F8F7A8FE42F2A04033
:10577000C2F2000090ED001A30EE410AB2EE041AB7
:10578000B4EE410AF1EE10FA1EDDFFE712994EF673
:105790006E50C3F6BE30486212994DF2EE20CBF641
:1057A000C2208862129942F67230CBF69A20C86203
:1057B00012994FF65750C4F21A100863129900203C
:1057C000C4F220208861E7E29FEDE60AFAF7A2FA28
:1057D00012990020086312994862129988621299FE
:1057E000C862ADF81600FFE7BDF8160040F2BC1124
:1057F000C2F200010988884280F2DE81FFE7039847
:10580000122110AA0192062300F02CFD9DF8400001
:105810009DF8411040EA0120ADF83E00BDF93E0080
:1058200000EE100AB8EEC00A40F20C00C2F200000E
:1058300090ED001A20EE010A129981ED000A9DF800
:1058400042109DF8432041EA0221ADF83E10BDF917
:105850003E1000EE101AB8EEC00A90ED001A20EECD
:10586000010A129981ED010A9DF844109DF8452026
:1058700041EA0221ADF83E10BDF93E1000EE101ACB
:10588000B8EEC00A90ED001A20EE010A129880EDE1
:10589000020A129890ED001A90ED012A90ED020A8A
:1058A00022EE022A21EE011A31EE021A20EE000A3F
:1058B00030EE010A04F0CCFF02990398019A81EDC1
:1058C000020A91ED021A129991ED0C0A30EE010ACA
:1058D00081ED0C0A0021082300F08EFC9DF84000A9
:1058E0000F285FD1FFE79DF842009DF8431040EA82
:1058F0000120ADF83E00BDF93E0000EE100AB8EE02
:10590000C00A40F21000C2F2000090ED001A20EE32
:10591000010A129981ED030A129991ED031A91ED92
:10592000090A30EE010A81ED090A9DF844109DF83C
:10593000452041EA0221ADF83E10BDF93E1000EECF
:10594000101AB8EEC00A90ED001A20EE010A129962
:1059500081ED040A129991ED041A91ED0A0A30EED4
:10596000010A81ED0A0A9DF846109DF8472041EA98
:105970000221ADF83E10BDF93E1000EE101AB8EE4F
:10598000C00A90ED001A20EE010A129880ED050A77
:10599000129890ED051A90ED0B0A30EE010A80ED99
:1059A0000B0AFFE7BDF8160038BBFFE70898079021
:1059B0000898069000208DF81500FFE79DF8150067
:1059C000022819DCFFE712989DF8152000EB8200F1
:1059D000C0680CA941F8220012989DF8152000EB30
:1059E0008200C06809A941F82200FFE79DF8150070
:1059F00001308DF81500E1E764E0029890ED020AAD
:105A000090ED011AB4EE410AF1EE10FA03DDFFE762
:105A100008980790FFE7029890ED020A90ED001AAF
:105A2000B4EE410AF1EE10FA03DAFFE708980690A7
:105A3000FFE700208DF81400FFE79DF8140002280E
:105A40003FDCFFE712989DF8141000EB810090ED09
:105A5000030A0CA800EB810090ED001AB4EE410A95
:105A6000F1EE10FA0ADDFFE712989DF8142000EB22
:105A70008200C0680CA941F82200FFE712989DF847
:105A8000141000EB810090ED030A09A800EB8100DF
:105A900090ED001AB4EE410AF1EE10FA0ADAFFE7CF
:105AA00012989DF8142000EB8200C06809A941F803
:105AB0002200FFE7FFE79DF8140001308DF8140085
:105AC000BBE7FFE7029890ED010A90ED001A30EE77
:105AD000410A44F21070C2F2000080ED000A00207A
:105AE0008DF81300FFE79DF8130002281DDCFFE787
:105AF0009DF813100CA800EB810090ED000A09A896
:105B000000EB810090ED001A30EE410A44F218706B
:105B1000C2F2000000EB810080ED000AFFE79DF873
:105B2000130001308DF81300DDE744F21070C2F26B
:105B3000000090ED000AB6EE001AB4EE410AF1EE54
:105B400010FA2DDCFFE744F21870C2F2000090ED6D
:105B5000000A9FED971AB4EE410AF1EE10FA1FDC2D
:105B600002E000BF0AD7A33B44F21870C2F2000063
:105B700090ED010A9FED8E1AB4EE410AF1EE10FA93
:105B80000EDCFFE744F21870C2F2000090ED020A4A
:105B90009FED871AB4EE410AF1EE10FA01DDFFE73E
:105BA0000AE09FED840AFAF7B5F8FFE7BDF81600A2
:105BB0000130ADF8160017E640F2BC10C2F200004A
:105BC000008800EE100AB8EE401A129890ED0C0A08
:105BD00080EE010A80ED0C0A00208DF81200FFE72C
:105BE0009DF8120002281BDCFFE740F2BC10C2F255
:105BF0000000008800EE100AB8EE401A12989DF8D6
:105C0000121000EB810090ED090A80EE010A80ED90
:105C1000090AFFE79DF8120001308DF81200DFE756
:105C20000398222110AA022300F01CFB9DF84000DB
:105C30009DF84110C00040EA5110ADF83E00BDF99A
:105C40003E00B0F5806F07DBFFE7BDF83E00A0F532
:105C50000060ADF83E00FFE7BDF93E0000EE100A1F
:105C6000B8EEC00AB4EE001A20EE010AB3EE071A2D
:105C700030EE010A129880ED060A42F2A641C2F205
:105C80000001088801300880FFE744F21070C2F27A
:105C9000000090ED000A0120B6EE001AB4EE410AB1
:105CA000F1EE10FA009071DCFFE7129890ED0C0A0B
:105CB0009FED411A30EE010AB0EEC00A0120B6EEA7
:105CC000001AB4EE410AF1EE10FA00905EDCFFE734
:105CD00044F21870C2F2000090ED000A01209FED1E
:105CE000341AB4EE410AF1EE10FA00904EDCFFE7F0
:105CF00044F21870C2F2000090ED010A01209FEDFD
:105D00002C1AB4EE410AF1EE10FA00903EDCFFE7E7
:105D100044F21870C2F2000090ED020A01209FEDDB
:105D2000241AB4EE410AF1EE10FA00902EDCFFE7DF
:105D3000129890ED090AB0EEC00A01209FED1F1ADB
:105D4000B4EE410AF1EE10FA00901FDCFFE7129862
:105D500090ED0A0AB0EEC00A01209FED181AB4EEC9
:105D6000410AF1EE10FA009010DCFFE7129890ED76
:105D70000B0AB0EEC00A9FED111A0020B4EE410AE2
:105D8000F1EE10FAC8BF01200090FFE70098C007AD
:105D900000287FF4E9ACFFE7129890ED0C1A9FED14
:105DA000080A80EE010A80ED080A14B080BD00BF29
:105DB0009A99193E6F12033ACDCC1CC10AD7233CE5
:105DC000C3F51C4180B58AB0089008980590002161
:105DD00002918DF81F108DF81E100DF11F02039215
:105DE00000F07AFA05989621049100F0ABFB029935
:105DF000039A059800F070FA0499059800F0A2FB48
:105E000005981421B62200F0B7FA059850210691A2
:105E100000F04EFB0299039A059800F05DFA049990
:105E2000059800F08FFB0299039A059800F054FA48
:105E30000499059800F086FB05983C21012200F0AA
:105E40009BFA0598069900F033FBFFE705983C2183
:105E50000DF11F0200F040FA0598962100F072FB48
:105E60009DF81E0001308DF81E00FFE79DF81F1001
:105E7000002089070029019008D4FFE79DF81E1033
:105E800000200A29B8BF01200190FFE70198C00750
:105E90000028DBD1FFE79DF81E000A2804D1FFE7A8
:105EA00040208DF827000DE09DF81F0040070028D6
:105EB00004D5FFE740208DF8270003E000208DF88F
:105EC0002700FFE79DF827000AB080BD80B584B0A9
:105ED00003908DF80B10039801909DF80B10026849
:105EE000917200680068694601230B6040F200412E
:105EF000C4F202011A46F3F7F5F80198006890F829
:105F00008A0004B080BD000080B596B0149014984B
:105F10000C9000210A91ADF840100F918DF83B10C4
:105F20008DF83A100DF13B020B9200F0FBF90C9842
:105F300096210D9100F006FB0A990B9A0C9800F03F
:105F4000F1F90C980D9900F0FDFA0C987E21B6221B
:105F500000F034FA0C98502100F0AAFA0A990B9A32
:105F60000C9800F0DFF90C980D9900F0EBFA0A9903
:105F70000B9A0C9800F0D6F90C980D9900F0E2FA03
:105F80009DF83B001E2804D0FFE7FF208DF8570046
:105F90002EE100208DF83A00FFE79DF83A00032833
:105FA00047DCFFE70C989DF83A1001EB41034AF6F5
:105FB0004C51C0F601010991CA18C95C527800F031
:105FC000FDF90C989621089100F0BCFA0C980999FB
:105FD0009DF83A2002EB4202895C0DF13B0200F091
:105FE000A1F90C98089900F0ADFA09999DF83B00C9
:105FF0009DF83A2002EB42021144497888420DD0C4
:10600000FFE79DF83A0000EB40014AF64C50C0F61D
:106010000100084480788DF85700E9E00C98502181
:1060200000F046FAFFE79DF83A0001308DF83A009B
:10603000B3E700208DF83A00FFE79DF83A00012809
:1060400075DCFFE70C989DF83A1001EB41014AF628
:106050004C52C0F6010207920A44117B527B00F0B9
:10606000ADF90C989621069100F06CFA0C98079AFD
:106070009DF83A1001EB41011144097B0DF13B02FF
:1060800000F050F90C98069900F05CFA079A9DF818
:106090003B009DF83A1001EB41011144497B8842D5
:1060A0000DD0FFE79DF83A0000EB40004AF64C5156
:1060B000C0F601010844807B8DF8570098E00C98E9
:1060C000502100F0F5F90C9812210FAA062300F0D8
:1060D000C9F89DF83C009DF83D1040EA01209DF86C
:1060E0003A1001EB410211A921F812009DF83E007F
:1060F0009DF83F2040EA02209DF83A2002EB420240
:1061000001EB420250809DF840009DF8412040EA9A
:1061100002209DF83A2002EB420201EB4201888006
:10612000FFE79DF83A0001308DF83A0085E70C98BA
:106130006D210491002200F041F90C9896210591FF
:1061400000F000FA04990C980DF13B0200F0EAF817
:106150000C98059900F0F6F99DF83B0020B1FFE797
:1061600004208DF8570043E00C987E21B62200F001
:1061700025F90C98502100F09BF9BDF94400BDF9B8
:106180004A10401A40F25551884213DBFFE7BDF92F
:106190004600BDF94C10401A40F25551884209DBC7
:1061A000FFE7BDF94800BDF94E10401AB0F52A7F4F
:1061B00004DAFFE780208DF8570019E00C980021E1
:1061C00003910DF13B02019200F0ACF80C9896217E
:1061D000029100F0B7F9019A0C98039900F0A2F827
:1061E0000C98029900F0AEF903988DF85700FFE77C
:1061F0009DF8570016B080BD80B586B005908DF82B
:10620000131003928DF80B300598019040F2004076
:10621000C4F202000121ECF715FA01989DF8131061
:1062200041F08001FFF752FEFFE79DF80B0078B1C7
:10623000FFE701985521FFF749FE0399087003987D
:10624000013003909DF80B0001388DF80B00ECE74E
:1062500040F20040C4F202000121ECF7F3F906B06D
:1062600080BD000080B586B005908DF813100392B4
:106270008DF80B30059801900020C4F20200102127
:10628000ECF7E0F901989DF8131041F08001FFF759
:106290001DFE01989DF8131041F08001FFF716FED6
:1062A000FFE79DF80B0078B1FFE701985521FFF754
:1062B0000DFE039908700398013003909DF80B00C0
:1062C00001388DF80B00ECE70020C4F20200102129
:1062D000ECF7B8F906B080BD80B586B005908DF8B2
:1062E000131003920598009040F20040C4F202009F
:1062F000029001210191ECF7A5F900989DF8131087
:1063000041F08001FFF7E2FD00985521FFF7DEFD27
:10631000019902460298039B1A70ECF793F906B0B4
:1063200080BD000080B588B007908DF81B100592E5
:10633000079802900020C4F20200049010210391FB
:10634000ECF780F902989DF81B1041F08001FFF7EF
:10635000BDFD029855210191FFF7B8FD0199029802
:10636000FFF7B4FD039902460498059B1A70ECF7F9
:1063700069F908B080BD000080B586B005908DF841
:1063800013108DF812200598019040F20040C4F2DD
:106390000200039001210291ECF754F901989DF855
:1063A0001310FFF793FD01989DF81210FFF78EFD73
:1063B00002990398ECF746F906B080BD80B586B027
:1063C00005908DF813108DF812200598019000208B
:1063D000C4F20200039010210291ECF733F9019806
:1063E0009DF81310FFF772FD01989DF81210FFF74A
:1063F0006DFD02990398ECF725F906B080BD000009
:1064000080B586B00490039102920498019003989D
:1064100020B9FFE700208DF8170045E003980068D9
:1064200043F20001C4F20101884207D1FFE701995C
:1064300040F2C050C2F20000086025E003980068F6
:1064400043F60001C4F20001884207D1FFE7019939
:1064500040F2D460C2F20000086014E003980068C3
:1064600043F60041C4F20001884207D1FFE70199D9
:1064700040F2E870C2F20000086003E000208DF8EE
:10648000170011E0FFE7FFE7FFE70198FEF776FE50
:10649000FFE701980299FEF78DFE08B1FFE7F8E7E4
:1064A00001208DF81700FFE79DF8170006B080BDAA
:1064B00087B00690ADF8161006990020049003905E
:1064C0000290019000904EF21400CEF2000000689D
:1064D0000090BDF816008968484304904EF21800F9
:1064E000CEF2000000680390FFE74EF21800CEF2F3
:1064F0000000006802900298039988421ED0FFE7CE
:1065000002980399884207D2FFE703980299411A3B
:1065100001980844019008E000980299401A0399F4
:106520000144019808440190FFE702980390019804
:106530000499884201D3FFE701E0FFE7D5E707B000
:106540007047000087B00690ADF81610069900203D
:10655000049003900290019000904EF21400CEF24D
:10656000000000680090BDF8160089794843049047
:106570004EF21800CEF2000000680390FFE74EF2E2
:106580001800CEF200000068029002980399884239
:106590001ED0FFE702980399884207D2FFE70398CD
:1065A0000299411A01980844019008E00098029964
:1065B000401A03990144019808440190FFE70298AA
:1065C000039001980499884201D3FFE701E0FFE7B7
:1065D000D5E707B07047000081B000900098002117
:1065E0000171012242718171816001B07047000028
:1065F00082B00190009100994FF07E5008600099A0
:1066000000204860009988600099C86002B0704717
:1066100081B0009000984FF07E51016000214160F0
:106620000022C4F27A428260C1600161416101B01E
:106630007047000081B000900098002180F8401061
:1066400080F84110416401B07047000080B588B007
:1066500006900698049000218DF817108DF81610FA
:1066600000F0EEF8049800F091F8049800F080F83B
:1066700004983221039100F08DF8049800F06AF834
:106680000399049800F086F80498017F00F0DCF884
:1066900004998DF817009DF81700497F884205D0AE
:1066A000FFE70498807D8DF81F004FE000208DF8F3
:1066B0001600FFE704999DF81600897F884240DAAA
:1066C000FFE7049800F1200102919DF8162002EBEB
:1066D0004203CA18C95C527800F0D8F80498962191
:1066E000019100F063F8049802999DF8162002EBDE
:1066F0004202895C00F0A8F80199024604988DF8DE
:10670000172000F053F802999DF817009DF8162005
:1067100002EB42021144497888420BD0FFE704980B
:106720009DF8161001EB4101084490F822008DF805
:106730001F000BE0FFE79DF8160001308DF81600F2
:10674000B8E70498407D8DF81F00FFE79DF81F0013
:1067500008B080BD80B582B0019041F60000C4F25F
:10676000020040210122EBF781FF02B080BD000052
:1067700080B582B0019041F60000C4F202004021D1
:106780000022EBF773FF02B080BD000081B00090E3
:1067900001B0704780B582B00190ADF80210BDF82D
:1067A0000200EBF72FFD02B080BD000087B006901D
:1067B000ADF8161000200490039002900190009014
:1067C0004EF21400CEF2000000680090BDF81600F2
:1067D00000EBC000C00004904EF21800CEF20000A2
:1067E00000680390FFE74EF21800CEF20000006848
:1067F00002900298039988421ED0FFE702980399FD
:10680000884207D2FFE703980299411A0198084489
:10681000019008E000980299401A039901440198F8
:1068200008440190FFE70298039001980499884278
:1068300001D3FFE701E0FFE7D5E707B070470000AD
:1068400081B0009001B0704780B586B005908DF89A
:106850001310059900238DF8123008680068C97F6D
:1068600049009DF81320EE46CEF80C300A23CEF8EE
:1068700008300123CEF804300DF1120CCEF800C020
:10688000F1F7A4FA9DF8120006B080BD80B586B07D
:1068900005908DF813108DF812200599086800688E
:1068A000C97F49009DF81320EE460123CEF80C3035
:1068B0004FF00A0CCEF808C0CEF804300DF1120CDF
:1068C000CEF800C0F1F782FA06B080BD80B584B082
:1068D0000290019102980090019820B9FFE70020F2
:1068E0008DF80F0040E00198006845F20041C4F2C5
:1068F0000001884207D1FFE7009940F28C20C2F2E4
:106900000000086025E00198006845F60001C4F227
:106910000001884207D1FFE7009940F2A020C2F2AF
:106920000000086014E00198006845F60041C4F2D8
:106930000001884207D1FFE7009940F2B420C2F27B
:106940000000086003E000208DF80F000CE0FFE776
:10695000FFE7FFE70098FFF779FE08B1FFE7F9E7E7
:1069600001208DF80F00FFE79DF80F0004B080BDF7
:1069700081B00090009802230375002141754022E8
:10698000827549F69A12C3F69962826101771021E5
:106990004177042181770E22C2770B2280F82020D4
:1069A0004FF0080C80F821C04FF0010C80F822C095
:1069B0004FF0410C80F823C04FF0090C80F824C040
:1069C00080F82530422380F82630C02380F8273015
:1069D000032380F828300A2380F8293080F82A2001
:1069E00080F82B1001B0704780B586B005900598EF
:1069F0000090D0F8500120300190019804A9F8F7D8
:106A00001FFC019802300DF10E01F8F719FC0198F6
:106A1000043003A9F8F714FC019806300DF10A01BF
:106A2000F8F70EFC009890F8640101282CD1FFE7DC
:106A30000099BDF81000D1F89021801AADF812002D
:106A4000BDF91200B1F866114A42C1EBD271B0EB48
:106A5000610F07DAFFE70099D1F898010130C1F81A
:106A6000980110E00099BDF91200B1F86611B0EB81
:106A7000510F07DDFFE70099D1F898010138C1F8FF
:106A80009801FFE7FFE7FFE70098D0F89811B0F80A
:106A90006621BDF8103001FB0231C0F8941190ED71
:106AA000571A90ED650AB8EEC00AB0F8661102EE0A
:106AB000101AB8EE422A80EE020A9FED312A20EE2B
:106AC000020A80EE010A80ED5E0A90ED571A90ED01
:106AD000650AB8EEC00AB0F8661102EE101AB8EEF8
:106AE000422A80EE020A30EE000A9FED262A20EEAE
:106AF000020A80EE010A80ED5F0ABDF90E1000EE79
:106B0000101AB8EEC00A9FED201A20EE010A90ED8F
:106B1000571A80EE010A80ED600ABDF90E1000EEF2
:106B2000101AB8EEC00AB1EE081A20EE010A90ED74
:106B3000571A80EE010A80ED610ABDF90C1000EED3
:106B4000101AB8EEC00A80ED620ABDF90A1000EE14
:106B5000101AB8EEC00A9FED0D1A30EE010A80ED52
:106B6000630ABDF81010C0F8901190F8640128B9BC
:106B7000FFE70099012081F86401FFE706B080BDBE
:106B80000000B443DB0F49405077D63D3393884330
:106B900081B00090009890ED5E0A01B0704700004F
:106BA00081B00090009890ED5F0A01B0704700003E
:106BB00081B00090009890ED620A01B0704700002B
:106BC00081B000900098B0F8680101B070470000F3
:106BD00082B001908DED000A01990098C1F8A401DE
:106BE00002B0704782B001908DED000A01990098C3
:106BF000C1F8AC0102B0704780B582B0019000913D
:106C00000198D0F86C110131C0F86C11FFF7ECFE5F
:106C100002B080BD81B00090009890F8A00101B052
:106C20007047000082B001908DED000A0199009834
:106C3000C1F8B00102B0704782B001908DF8031026
:106C400001999DF8030081F8A00102B0704700008F
:106C500080B586B005900598039090F8A001014694
:106C60000491032859D80499DFE801F00203152D97
:106C700058E0039890ED581A90ED6D0A80EE010AE5
:106C8000B0F8681101EE101AB8EEC11A20EE010A30
:106C900080ED6E0A46E0039901F1A800029091EDA3
:106CA0006C0A02F093FA0298039991ED600A02F0DF
:106CB0008FFC029802F0A6FA029802F081FC039879
:106CC00080ED6E0A2EE0039890ED6B0A02F07EFADA
:106CD000039890ED5F0A02F07BFC039802F092FAB1
:106CE000039802F06DFC039981ED6C0A01F1A80094
:106CF000019091ED6C0A02F069FA0198039991ED07
:106D0000600A02F065FC019802F07CFA019802F03A
:106D100057FC039880ED6E0A04E003990020C1F847
:106D2000B801FFE7039800F079F806B080BD0000D5
:106D300080B584B0039003990291D1F86C01D1F829
:106D40007011884211D1FFE70298002180F8741178
:106D50009FED0C0A8DED010A02F04AFA02989DEDB2
:106D6000010AA83002F044FA04E00299012081F8F7
:106D70007401FFE70299D1F86C01C1F8700104B009
:106D800080BD00BF0000000080B586B00590049172
:106D90008DF80F208DF80E308DED020ACDED010A31
:106DA000059800900498006846F20041C4F2000182
:106DB000884208D1FFE7009940F2EC10C2F20000CF
:106DC000C1F8500111E00498006846F60001C4F2D1
:106DD0000001884208D1FFE7009940F24020C2F24A
:106DE0000000C1F85001FFE7FFE700999DF80F0090
:106DF00081F854019DF80E0081F8A0010298C1F8B5
:106E00005C010198C1F8600104989DF80F10F7F734
:106E100087FA0099C1F8580106B080BD81B0009092
:106E2000009991ED6E0ABDEEC00A10EE100A000A3C
:106E3000D1F85821107091ED6E0ABDEEC00A10EE27
:106E4000100AD1F85811487001B0704782B0019013
:106E50008DED000A01990098C1F8B80102B07047A1
:106E600080B582B001900198009002F0BBFB0098C1
:106E7000A83002F0B7FB00980021C4F21021C0F83E
:106E80005C11002180F864114FF40052A0F86621D3
:106E900043F69822A0F86821C0F86C11C0F8701170
:106EA00080F87411032280F8A021C0F8A411C0F862
:106EB000A811C0F8AC11C0F8B011C0F8B411C0F8F6
:106EC000B81102B080BD000080B586B0059005986D
:106ED0000090D0F8500120300190019804A9F8F7F3
:106EE000AFF9019802300DF10E01F8F7A9F90198F8
:106EF000043003A9F8F7A4F9019806300DF10A014E
:106F0000F8F79EF9009890F8640101282CD1FFE76A
:106F10000099BDF81000D1F89021801AADF8120048
:106F2000BDF91200B1F866114A42C1EBD271B0EB63
:106F3000610F07DAFFE70099D1F898010130C1F835
:106F4000980110E00099BDF91200B1F86611B0EB9C
:106F5000510F07DDFFE70099D1F898010138C1F81A
:106F60009801FFE7FFE7FFE70098D0F89811B0F825
:106F70006621BDF8103001FB0231C0F8941190ED8C
:106F8000571A90ED650AB8EEC00AB0F8661102EE25
:106F9000101AB8EE422A80EE020A30EE000A9FED87
:106FA000302A20EE020A80EE010A80ED5F0A90EDA1
:106FB000571A90ED650AB8EEC00AB0F8661102EEF5
:106FC000101AB8EE422A80EE020A9FED262A20EE21
:106FD000020A80EE010A80ED5E0ABDF90E1000EE95
:106FE000101AB8EEC00A9FED201A20EE010A90EDAB
:106FF000571A80EE010A80ED600ABDF90E1000EE0E
:10700000101AB8EEC00AB1EE081A20EE010A90ED8F
:10701000571A80EE010A80ED610ABDF90C1000EEEE
:10702000101AB8EEC00A80ED620ABDF90A1000EE2F
:10703000101AB8EEC00A9FED0D1A30EE010A80ED6D
:10704000630ABDF81010C0F8901190F8640128B9D7
:10705000FFE70099012081F86401FFE706B080BDD9
:10706000DB0F49400000B4435077D63D339388434B
:1070700081B000900098B0F8680101B0704700003E
:1070800080B582B0019000910198D0F86C11013167
:10709000C0F86C11FFF718FF02B080BD81B00090FE
:1070A000009890ED600A01B07047000082B0019036
:1070B0008DED000A01990098C1F8B00102B0704747
:1070C00082B001908DF8031001999DF8030081F8BA
:1070D000A00102B07047000080B586B00590059809
:1070E000039090F8A00101460491032859D804990F
:1070F000DFE801F00203152D58E0039890ED581ACF
:1071000090ED6D0A80EE010AB0F8681101EE101AD8
:10711000B8EEC11A20EE010A80ED6E0A46E003992E
:1071200001F1A800029091ED6C0A02F04FF802986C
:10713000039991ED600A02F04BFA029802F062F8AE
:10714000029802F03DFA039880ED6E0A2EE0039853
:1071500090ED6B0A02F03AF8039890ED5F0A02F0A6
:1071600037FA039802F04EF8039802F029FA0399CF
:1071700081ED6C0A01F1A800019091ED6C0A02F01A
:1071800025F80198039991ED600A02F021FA01981F
:1071900002F038F8019802F013FA039880ED6E0AB5
:1071A00004E003990020C1F8B801FFE7039800F05C
:1071B00079F806B080BD000080B584B003900399D3
:1071C0000291D1F86C01D1F87011884211D1FFE71A
:1071D0000298002180F874119FED0C0A8DED010AD0
:1071E00002F006F802989DED010AA83002F000F8BE
:1071F00004E00299012081F87401FFE70299D1F8B7
:107200006C01C1F8700104B080BD00BF0000000037
:1072100080B586B0059004918DF80F208DF80E3062
:107220008DED020ACDED010A0598009004980068E2
:1072300046F20041C4F20001884208D1FFE70099FC
:1072400040F2EC10C2F20000C1F8500111E00498C5
:10725000006846F60001C4F20001884208D1FFE749
:10726000009940F24020C2F20000C1F85001FFE74F
:10727000FFE700999DF80F0081F854019DF80E007A
:1072800081F8A0010298C1F85C010198C1F8600181
:1072900004989DF80F10F7F743F80099C1F85801CA
:1072A00006B080BD81B00090009991ED6E0ABDEEF0
:1072B000C00A10EE100A000AD1F85821107091EDA2
:1072C0006E0ABDEEC00A10EE100AD1F858114870CF
:1072D00001B0704780B582B001900198009002F033
:1072E00081F90098A83002F07DF90098002180F81B
:1072F00064114FF40052A0F866214FF48042A0F8C8
:107300006821C0F86C11C0F8701180F87411032264
:1073100080F8A021C0F8A411C0F8A811C0F8AC11E1
:10732000C0F8B011C0F8B411C0F8B81102B080BDF7
:1073300083B0029002990091002088640190FFE7D9
:107340000099019889680131884220DAFFE70098A6
:10735000019A00EB820191ED070A90F844108B1816
:1073600081684A1C93FBF2F101FB123100EB8101B1
:1073700091ED0C2A90ED121A20EE020A30EE010A6D
:1073800080ED120AFFE7019801300190D8E703B0C1
:107390007047000080B5A4B023908DED220ACDED9A
:1073A000210A8DF883108DED1F1ACDED1E1A8DED7B
:1073B0001D2A1C9223981190229901602199416005
:1073C0009DF8831001731F9901611E9941611D99F8
:1073D00081611C99816000211B9190ED040A90ED60
:1073E000061A9FEDE22A20EE020A80EE010A8DEDD8
:1073F0001A0A90ED050A90ED061A20EE020A80EEB8
:10740000010A8DED190A007B01461291032800F252
:1074100075811299DFE801F0023991F3002018908C
:10742000FFE7119918988968013188422CDAFFE743
:1074300011989DED1A1A9FEDCE0A81EE000A8DED8E
:10744000100A9DED180AB8EEC00A90ED022AB8EEB7
:10745000C22AB8EE003A82EE032A30EE020A20EE8B
:10746000010AF8F783FC1198B0EE401A9DED100A5E
:1074700020EE010A189900EB810080ED070AFFE772
:10748000189801301890CCE738E100201790FFE7FA
:10749000119917988968013188424DDAFFE71198F0
:1074A0009DED170AB8EEC00A90ED021AB8EEC11AA7
:1074B000B0EE002A8DED0C2A81EE021A30EE410A60
:1074C0009FEDAB1A8DED0D1A20EE010AF8F74EFC78
:1074D0009DED0C3A1198B0EE401A9DED0D0A8DED20
:1074E0000F1A9DED191A81EE000A8DED0E0A9DED21
:1074F000170AB8EEC00A90ED022AB8EEC22A82EE50
:10750000032A30EE420A20EE010AF8F72FFC9DED27
:107510000E1A1198B0EE402A9DED0F0A21EE021AC4
:1075200030EE410A179900EB810080ED070AFFE772
:10753000179801301790ABE7E0E000201690FFE7C6
:107540001199169889680131884257DAFFE7119836
:107550009DED191A9FED860A8DED080A81EE000A4D
:107560008DED0B0A9DED160AB8EEC00A90ED022AC9
:10757000B8EEC22AB0EE003A8DED073A82EE032A49
:1075800030EE420A20EE010AF8F7F0FB9DED073AD3
:107590001198B0EE401A9DED080A8DED0A1A9DED86
:1075A0001A1A81EE000A8DED090A9DED160AB8EE51
:1075B000C00A90ED022AB8EEC22A82EE032A30EE0B
:1075C000420A20EE010AF8F7D1FB9DED091A9DED64
:1075D0000A2A1198B0EE403A9DED0B0A21EE031AEB
:1075E00020EE020A30EE410A169900EB810080ED90
:1075F000070AFFE7169801301690A1E77EE0002009
:107600001590FFE71199159889680131884274DA5D
:10761000FFE711989DED150AB8EEC00A90ED021A29
:10762000B8EEC11AB0EE002A8DED032A81EE021ADF
:1076300030EE410A9FED4E1A8DED041A20EE010A3C
:10764000F8F794FB9DED033A1198B0EE401A9DEDCA
:10765000040A8DED021A9DED1A1A81EE000A8DEDD5
:10766000010A9DED150AB8EEC00A90ED022AB8EEA7
:10767000C22A82EE032A30EE420A20EE010AF8F70F
:1076800075FB9DED011A9DED022A9DED033A1198BF
:10769000B0EE404A9DED040A21EE041A31EE021AC2
:1076A0008DED061A9DED191A81EE000A8DED050A81
:1076B0009DED150AB8EEC00A90ED022AB8EEC22A76
:1076C00082EE032A30EE420A20EE010AF8F74EFB62
:1076D0009DED051A1198B0EE402A9DED060A21EEA7
:1076E000021A30EE410A159900EB810080ED070A7D
:1076F000FFE715980130159084E7FFE7002014900C
:10770000FFE71199149889680131884211DAFFE77F
:107710001198149900EB810090ED071A9DED1B0A5A
:1077200030EE010A8DED1B0AFFE71498013014902A
:10773000E7E700201390FFE711991398896801315A
:10774000884211DAFFE711989DED1B1A139900EB9F
:10775000810090ED070A80EE010A80ED070AFFE73D
:10776000139801301390E7E724B080BDDB0FC940C8
:10777000DB0F494081B00090009890ED120A01B0F3
:107780007047000080B584B003908DED020A039825
:10779000019090ED000AD0ED010A02A8F6F774FD01
:1077A0000199029891F8442001EB8202106391F84C
:1077B0004400013081F8440091F8440089680131A7
:1077C000884205D1FFE70199002081F84400FFE7D6
:1077D00004B080BD81B000900098002180F8441072
:1077E000816401B07047000080B584B003900398B5
:1077F000019090F8511000EBC102516801315160C5
:1078000090F8510001460291032800F28D80029900
:10781000DFE801F002214F7A0198406DFBF7ECF8A8
:107820000198406DB830FFF7C3F9F8F74DFA0198A9
:10783000406DB0F8EE0501EE100AB8EEC11AB4EED4
:10784000410AF1EE10FA05DBFFE70198012100F093
:107850009FFFFFE768E00198406DFBF7CDF80198C6
:1078600090F8511000EBC10040683C2805D3FFE7B9
:107870000198022100F08CFF1AE00198406DB830A9
:10788000FFF796F9F8F720FA0198406DB0F8EE0589
:1078900001EE100AB8EEC11AB4EE410AF1EE10FA88
:1078A00005DAFFE70198002100F072FFFFE7FFE72C
:1078B0003AE0019845F2D152C2F20002117801314A
:1078C0001170406DB83003210091FFF7B5F90198B0
:1078D000406DB830FFF764F901989FED141A30EE4F
:1078E000010A416D01F5C16181ED000A416D01F1AF
:1078F000B80001F5C16191ED000AFFF773F9019835
:10790000009900F045FF0FE0019890F8511000EB4E
:10791000C1004068B0F5967F05D3FFE701980021CC
:1079200000F036FFFFE7FFE704B080BD920A86BE95
:1079300080B582B001900198009000F073FF00982C
:1079400002B080BD80B582B001900198009000F037
:1079500069FF009802B080BD80B586B0059005989B
:107960000090D0F8F80120300190019804A9F7F7B1
:1079700067FC019802300DF10E01F7F761FC0198E8
:10798000043003A9F7F75CFC019806300DF10A01F9
:10799000F7F756FC009890F80C0201282CD1FFE76D
:1079A0000099BDF81000D1F83822801AADF8120005
:1079B000BDF91200B1F80E124A42C1EBD271B0EB20
:1079C000610F07DAFFE70099D1F840020130C1F8F2
:1079D000400210E00099BDF91200B1F80E12B0EBB0
:1079E000510F07DDFFE70099D1F840020138C1F8D7
:1079F0004002FFE7FFE7FFE70099D1F80422D1F842
:107A00004002B1F80E32BDF810C000FB03C01044B4
:107A1000C1F83C02BDF8100000EE100AB8EE400AB2
:107A2000B1F80E0201EE100AB8EE411A80EE010A1A
:107A30009FED281A20EE010A81ED880ABDF810009A
:107A400000EE100AB8EE400AB1F80E0201EE100A7C
:107A5000B8EE411A80EE010A30EE000A9FED1E1AC0
:107A600020EE010A81ED890ABDF90E0000EE100A30
:107A7000B8EEC00A9FED191A20EE010A81ED8A0ABC
:107A8000BDF90E0000EE100AB8EEC00AB1EE081AF9
:107A900020EE010A81ED8B0ABDF90C0000EE100A00
:107AA000B8EEC00A81ED8C0ABDF90A0000EE100A9A
:107AB000B8EEC00A9FED0A1A30EE010A81ED8D0A78
:107AC000BDF81000C1F83802D1F83C02C1F84402F8
:107AD00006B080BD0000B443DB0F49405077D63D6F
:107AE0003393884381B000900098B0F8100201B041
:107AF0007047000081B00090009890ED930A01B0AB
:107B00007047000082B001908DED000A0199009845
:107B1000C1F84C0202B0704780B582B0019000916C
:107B20000198D0F814120131C0F81412FFF714FFB5
:107B300002B080BD82B001908DF8031001999DF8CC
:107B4000030081F8480202B07047000080B584B09D
:107B5000039003990291D1F81402D1F818128842C7
:107B600018D1FFE70298002180F81C129FED0F0A40
:107B70008DED010A01F03CFB02989DED010AA83051
:107B800001F036FB02989DED010A00F5A87001F0A6
:107B90002FFB04E00299012081F81C02FFE7029903
:107BA000D1F81402C1F8180204B080BD0000000032
:107BB00080B586B0DDF820C0059004918DF80F20C7
:107BC0008DF80E308DED020A05980190049800683A
:107BD00046F20041C4F20001884208D1FFE7019952
:107BE00040F2EC10C2F20000C1F8F80111E0049874
:107BF000006846F60001C4F20001884208D1FFE7A0
:107C0000019940F24020C2F20000C1F8F801FFE7FC
:107C1000FFE701999DF80F0081F8FC019DF80E0027
:107C200081F848020898C1F804020298C1F80802D5
:107C300004989DF80F10F6F773FB0199C1F8000244
:107C400006B080BD81B00090009991ED980ABDEE1C
:107C5000C00A10EE100A000AD1F80022107091ED4F
:107C6000980ABDEEC00A10EE100AD1F80012487052
:107C700001B0704782B001908DED000A0199009823
:107C8000C1F8600202B0704780B582B001900198DF
:107C9000009001F0A7FC0098A83001F0A3FC009828
:107CA00000F5A87001F09EFC0098002180F80C12ED
:107CB0004FF40052A0F80E2244F62062A0F81022E1
:107CC000C0F81412C0F8181280F81C12052280F8AF
:107CD0004822C0F84C12C0F85012C0F85412C0F834
:107CE0005812C0F85C12C0F8601202B080BD0000EB
:107CF00080B582B001900198009000F093FD00984B
:107D0000002180F85C100166416681660022C4F2A1
:107D10002022C2664FF07F52026741670021C4F201
:107D2000F011816702B080BD81B00090009800F62C
:107D30001C0090ED000A01B07047000082B0019075
:107D40008DED000A01990098C1F81C0802B0704737
:107D500081B00090009800F6480090ED000A01B054
:107D60007047000082B001908DED000A01990098E3
:107D7000C1F8480802B0704781B00090009800F642
:107D80000C0090ED000A01B07047000081B0009037
:107D9000009800F5016090ED000A01B07047000006
:107DA00082B001908DED000A01990098C1F80C088D
:107DB00002B0704782B001908DED000A01990098E1
:107DC000C1F8100802B0704781B00090009800F52B
:107DD000046090ED000A01B07047000081B000908F
:107DE000009800F6440090ED000A01B070470000D2
:107DF00082B001908DED000A01990098C1F8400809
:107E000002B0704782B001908DED000A0199009890
:107E1000C1F8440802B0704781B00090009890F813
:107E20003D0801B07047000082B001908DF803104A
:107E300001999DF8030081F83D0802B070470000E9
:107E400081B00090009890F83E0801B070470000A3
:107E500082B001908DF8031001999DF8030081F81C
:107E60003E0802B07047000080B586B004900498C8
:107E700001900590F9F7F0FD01981C30F9F7ECFD41
:107E800001983830F9F7E8FD01985430FDF764F9AE
:107E900001989C30FFF72CFF019901F58E7001F6D7
:107EA0000C0102910390FFE703980090FFF712FA8C
:107EB0000098029A00F5DE71084691420390F3D1D2
:107EC000FFE701994FF07C50C1F818084FF082404D
:107ED000C1F81C0846F20000C4F2EA60C1F82008AC
:107EE0004FF08D40C1F824080020C1F82808C1F8DF
:107EF0002C08C1F83008C1F83408C1F8380881F8F6
:107F00003C0881F83D0881F83E08C1F84008C1F8F6
:107F10004408C1F84808C1F84C08C1F85008C1F835
:107F20005408059806B080BD80B58AB009900998BC
:107F3000079090F8511000EBC10251680131516077
:107F400090F8510001460891052800F247810899F0
:107F5000DFE811F006005D00DD00F9000E012901E7
:107F600045F2F040C2F20000406C58B1FFE70798BC
:107F700090F8511000EBC10200215160042100F083
:107F800007FCFFE745F23850C2F20000406C58B1E0
:107F9000FFE7079890F8511000EBC10200215160F3
:107FA000052100F0F5FBFFE70798406D00F6B4509F
:107FB000F8F7B0FE012809D0FFE70798406D00F6FA
:107FC0003450F9F711FB01280BD1FFE7079890F81F
:107FD000511000EBC10200215160022100F0D8FBDA
:107FE000FFE7079890F8511000EBC1004068B0F52A
:107FF0007A7F0BD9FFE7079890F8511000EBC10288
:1080000000215160012100F0C3FBFFE7E6E0079883
:10801000406D00F6B450F8F77DFE00BBFFE707980F
:10802000406D00F63450F9F7DFFAC0B9FFE7079862
:10803000406D41F63031084400210691FAF760FBAB
:1080400007980699406D00F62870F9F73FFD0798EC
:108050000699406D00F2DC40FFF7E6FEFFE7079867
:10806000406D00F6B450F8F755FE012809D0FFE73F
:108070000798406D00F63450F9F7B6FA012821D17F
:10808000FFE70798406D00F2DC410491FCF7DCFB50
:1080900001460498FFF7C8FE0798406D00F6287166
:1080A0000591FCF7BDFB01460598F9F70FFD079810
:1080B00090F8511000EBC10200215160022100F044
:1080C00067FBFFE745F2F040C2F20000406C58B198
:1080D000FFE7079890F8511000EBC10200215160B2
:1080E000042100F055FBFFE745F23850C2F20000D2
:1080F000406C58B1FFE7079890F8511000EBC102AF
:1081000000215160052100F043FBFFE766E007987E
:10811000406D00F6B450F8F7FDFD98B9FFE70798F9
:10812000406D00F63450F9F75FFA58B9FFE7079849
:1081300090F8511000EBC10200215160032100F0C2
:1081400027FBFFE74AE00798406D01210391FCF708
:1081500083FB03990798406DFCF76AFB079890F83A
:10816000511000EBC1020021516000F011FB35E01D
:1081700045F2F040C2F200000290EEF797FC029840
:1081800040F69431C2F20001B1F804218431EEF7D7
:1081900039FB079890F8511000EBC10200215160A3
:1081A00000F0F6FA1AE045F23850C2F200000190F1
:1081B000EEF77CFC019840F6C461C2F20001B1F810
:1081C00004218431EEF71EFB079890F8511000EB64
:1081D000C1020021516000F0DBFAFFE70AB080BD68
:1081E00080B582B001900198009000F01BFB0098D0
:1081F00002B080BD80B582B001900198009000F07F
:1082000011FB0098002180F8521002B080BD0000E0
:1082100080B582B0019001980090D0F8640200F01F
:1082200009FB009880ED9B0AD0F8640200F060FB27
:10823000009880ED9D0AD0F8640200F075FB00986C
:1082400080ED9C0AD0F8640200F096FB009880ED67
:108250009E0A02B080BD000081B00090009890EDB1
:108260009C0A01B07047000080B588B0079007985D
:10827000059090F8480201460691052800F2B38067
:108280000699DFE801F00304B0B01C54B1E0059991
:1082900001F5A870049091ED970A00F097FF0498FB
:1082A000059991ED8C0A01F093F9049800F0AAFF6A
:1082B000049801F085F90598FFF7DCFC99E0059931
:1082C00001F1A80091ED940A00F080FF0598D0F824
:1082D000640200F041FB40B9FFE7059901F1A800F5
:1082E00091ED8B0A01F074F90FE0059901F1A800F6
:1082F00091ED9D0A9FED421A20EE010A9FED411A71
:1083000080EE010A01F064F9FFE70598A8300390B8
:1083100000F078FF039801F053F90398059981ED77
:10832000970A01F04DF90598FFF7A4FC61E0059864
:1083300090ED930A00F04AFF0598D0F8640200F02F
:108340000BFBE0B1FFE7059890ED9C0A01F040F9C6
:10835000059800F057FF059801F032F9059981ED75
:10836000960A01F1A800029091ED960A00F02EFF06
:108370000599029891ED9D0A01F02AF91BE00598F4
:1083800090ED880A01F024F9059800F03BFF05986C
:1083900001F016F9059981ED940A01F1A800019008
:1083A00091ED940A00F012FF0599019891ED8B0A66
:1083B00001F00EF9FFE70598A830009000F022FFC9
:1083C000009801F0FDF80098059981ED970A01F0F9
:1083D000F7F80598B0EE401A9FED080A30EE410A12
:1083E000FFF748FC05E005989FED070AFFF742FC00
:1083F000FFE70598FFF726FC08B080BD0080BBC4EE
:1084000000003443DB0F49400000000080B582B01B
:108410000190019800900021FFF78CFB00989FEDE0
:10842000040AFFF727FC0098FFF70CFC02B080BDA0
:108430000000000080B582B0019001980090FFF725
:1084400023FC00980021C0F86812C0F86C12C0F834
:108450007012C0F87412C0F8781202B080BD00002B
:1084600080B584B0039003980190D0F8640200F0C6
:1084700047FA0198B0EE401A9FED110A8DED020AFD
:1084800030EE410A80ED9B0AD0F8640200F054FA05
:108490000198B0EE401A9DED020A30EE410A80EDDF
:1084A0009D0AD0F8640200F04FFA0198B0EE401A2D
:1084B0009DED020A30EE410A80ED9C0A04B080BDB9
:1084C0000000008081B00090009890ED9C0A01B0FF
:1084D0007047000080B58AB009900998079090F81D
:1084E000480201460891052800F2C8800899DFE893
:1084F00001F00304C5C51C54C6E0079901F5A87036
:10850000069091ED970A00F061FE0698079991EDAB
:108510008C0A01F05DF8069800F074FE069801F0F0
:108520004FF80798FFF7A6FBAEE0079901F1A80006
:1085300091ED940A00F04AFE0798D0F8640200F02A
:108540000BFA40B9FFE7079901F1A80091ED8B0AFA
:1085500001F03EF80FE0079901F1A80091ED9D0AA6
:108560009FED4D1A20EE010A9FED4D1A80EE010A93
:1085700001F02EF8FFE70798A830059000F042FEC2
:10858000059801F01DF80598079981ED970A01F00B
:1085900017F80798FFF76EFB76E0079890ED930ABF
:1085A00000F014FE0798D0F8640200F0D5F9E0B1AD
:1085B000FFE7079890ED9C0A01F00AF8079800F091
:1085C00021FE079800F0FCFF079981ED940A01F164
:1085D000A800049091ED940A00F0F8FD0799049822
:1085E00091ED9D0A00F0F4FF1BE0079890ED880ADA
:1085F00000F0EEFF079800F005FE079800F0E0FF9E
:10860000079981ED940A01F1A800039091ED940A75
:1086100000F0DCFD0799039891ED8B0A00F0D8FF7C
:10862000FFE70798A830019000F0ECFD019800F0FA
:10863000C7FF0198079981ED970A00F0C1FF0798DD
:108640008DED020A90ED9C0ABFEE001A30EE010A91
:108650009FED101A20EE010A9FED0F1A80EE010A1D
:1086600001F086FF9DED021A07989FED0C2A20EE7F
:10867000020A30EE010AFFF7FDFA05E007989FEDC8
:10868000090AFFF7F7FAFFE70798FFF7DBFA0AB0E6
:1086900080BD00BFDA0F49400000344300A057C539
:1086A000DB0F49400000000080B582B001900198C6
:1086B00000900021FFF73EFA00989FED040AFFF7B3
:1086C000D9FA0098FFF7BEFA02B080BD00000000A2
:1086D00080B582B0019001980090FFF7D5FA00981C
:1086E0000021C0F86812C0F86C12C0F87012C0F80F
:1086F000741202B080BD000080B582B00190019874
:108700000090FCF7E5FC00980021C0F88012C0F84A
:108710008412C0F88812C0F88C1202B080BD00002C
:1087200081B0009000980121017001B070470000F5
:1087300081B00090009840F20111018001B07047B3
:1087400081B0009000984FF48171018001B07047B2
:1087500081B00090009840F20311018001B0704791
:1087600081B0009000984FF48271018001B0704791
:1087700081B0009000984FF48071018001B0704783
:1087800081B0009000984FF48871018001B070476B
:1087900082B001908DF80310019991F851200020CA
:1087A00001F8320091F8512001EBC20250609DF8AF
:1087B0000320012001F832009DF8030081F85100E8
:1087C00002B0704784B003908DF80B108DF80A202A
:1087D000039900919DF80B0081F850009DF80A0064
:1087E00081F8510000200190FFE70099019891F86D
:1087F000501088420EDAFFE70099019A002001F834
:108800003200019A01EBC2014860FFE70198013094
:108810000190EAE700999DF80A20012001F8320052
:1088200004B0704781B000900098002180F851108A
:1088300001B0704781B00090009890ED610A9FED03
:10884000051A80EE010A9FED041A20EE010A01B01C
:10885000704700BF00003443DB0F494084B00390F1
:1088600002918DF80720ADF80430BDF8040002999C
:108870000968C96A884206D9FFE702980068C06A99
:10888000ADF80400FFE7BDF80400B0F1FF3F04DCE1
:10889000FFE70020ADF80400FFE79DF80700014660
:1088A00000910C2821D80099DFE801F0071F1F1F55
:1088B0000D1F1F1F131F1F1F1900BDF80400029971
:1088C0000968486311E0BDF80400029909688863EB
:1088D0000BE0BDF8040002990968C86305E0BDF823
:1088E0000400029909680864FFE704B070470000BB
:1088F00081B00090009890ED490A01B070470000E7
:1089000081B00090009890ED5F0A9FED051A80EE0F
:10891000010A9FED041A20EE010A01B0704700BF62
:1089200000003443DB0F494081B00090009890ED87
:10893000610A01B07047000081B00090009890ED8E
:10894000480A01B07047000081B00090009890ED97
:108950005F0A01B07047000081B00090009890F865
:10896000080101B07047000081B00090009890EDC0
:10897000600A01B07047000081B00090009890ED4F
:10898000620A01B07047000084B003900291019226
:108990000093009890ED004A90ED010A90ED026A74
:1089A00090ED035A26EE062AB6EE001A31EE422A60
:1089B00025EE053A32EE432A029824EE057A20EE9F
:1089C000063A33EE477AD0ED000AD0ED011A90ED69
:1089D000023A27EE217A22EE202A32EE072A24EEEE
:1089E000064A20EE050A30EE040A20EE030A30EEB5
:1089F000020A30EE000A019880ED000A009890ED1E
:108A0000004A90ED016A90ED022A90ED035A24EE9F
:108A1000053A26EE020A30EE030A029826EE063ADE
:108A200031EE433A25EE057A33EE477AD0ED000A6F
:108A3000D0ED011A90ED023A27EE217A20EE200ABD
:108A400030EE070A24EE064A22EE052A32EE442AC8
:108A500022EE032A30EE020A30EE000A019880ED81
:108A6000010A009890ED002A90ED014A90ED023A3B
:108A700090ED030A22EE036A24EE005A35EE465AC0
:108A8000029822EE042A23EE000A30EE020A90ED4C
:108A9000006A90ED017A90ED022A20EE070A25EE99
:108AA000065A30EE050A24EE044A31EE441A23EE4B
:108AB000033A31EE431A21EE021A30EE010A30EE8B
:108AC000000A019880ED020A04B0704784B0039058
:108AD000029101920093009890ED004A90ED012AD6
:108AE00090ED026A90ED035A26EE060AB6EE001AE1
:108AF00031EE400A25EE053A30EE437A029824EE34
:108B0000053A22EE060A30EE030AD0ED000AD0ED57
:108B1000011A90ED023A20EE210A27EE207A30EE7B
:108B2000070A24EE064A22EE052A32EE442A22EEF5
:108B3000032A30EE020A30EE000A019880ED000AA6
:108B4000009890ED004A90ED016A90ED020A90EDD8
:108B5000035A24EE053A26EE002A32EE432A029802
:108B600026EE063A31EE433A25EE057A33EE477AA1
:108B7000D0ED000AD0ED011A90ED023A27EE217AED
:108B800022EE202A32EE072A24EE064A20EE050ABB
:108B900030EE040A20EE030A30EE020A30EE000A3C
:108BA000019880ED010A009890ED005A90ED014A7D
:108BB00090ED023A90ED032A25EE036A24EE020AB4
:108BC00030EE060A029825EE045A23EE022A32EE0F
:108BD000455A90ED006A90ED017A90ED022A25EE5B
:108BE000075A20EE060A30EE050A24EE044A31EE5A
:108BF000441A23EE033A31EE431A21EE021A30EE04
:108C0000010A30EE000A019880ED020A04B07047B4
:108C100080B588B007900798049042F2A442C2F24F
:108C2000000211780131117000F58960F5F706FB3B
:108C3000049901F58860039080ED000A90ED001A18
:108C400001F2444090ED000A30EE010A80ED000A86
:108C500001F1280001F55C71FCF710FB0399049801
:108C6000D0F8702300F586730593C0F82821D0F85A
:108C70007423C0F82C21D0F87823C0F83021D0F824
:108C80007C23C0F81C21D0F88023C0F82021D0F824
:108C90008423C0F8242190ED470AD0ED480A90EDD6
:108CA000491AD0ED4A1A90ED4B2AD0ED4C2A91ED9D
:108CB000003A00F5C870F6F779FB0498059BD0F8E8
:108CC000E012D0F8E422D0F8E8C2D0F8ECE2C0F824
:108CD00018E1C0F814C1C0F81021C0F80C1100F55B
:108CE0007A7100F5A872FFF74FFE0498059B00F516
:108CF0007D7100F5AE72FFF747FE0498059B00F505
:108D0000806100F5B472FFF73FFE0498059B00F206
:108D1000344145F2D452C2F20002FFF7D7FE0020E0
:108D20008DF81B00FFE79DF81B0002282EDCFFE7F3
:108D300004999DF81B3001EB830045F2D452C2F236
:108D4000000202EB830292ED002A90ED4A0A90EDB8
:108D50004D1A30EE420A01F5886292ED002A20EEAB
:108D6000020A91ED533A33EE022A80EE020A21EE16
:108D7000031A81EE021A30EE010A80ED4D0AFFE778
:108D80009DF81B0001308DF81B00CCE7049800F51E
:108D9000867300F59A7100F5A072FFF7F5FD04984F
:108DA00000F024F942F2A440C2F2000000784BF631
:108DB0005001C0F21E5145F62942CCF28F2200FB31
:108DC00002104FEA700088422BD8FFE7049901F1A6
:108DD0006000019091EDE30A00F0FAFB01989FED2D
:108DE000140A00F0F3F9019800F00CFA019800F071
:108DF000E7FBBDEEC00A10EE100AADF8180006A899
:108E00000021029141F28832F5F766FA0498029A3D
:108E1000BDF8183045F28831C2F20001FFF71EFD9F
:108E2000FFE70499012081F8500408B080BD00BF1D
:108E30000000304210B582B001900198009090F887
:108E40005004002861D0FFE7009890EDDC1A90ED07
:108E5000E90AB4EE410AF1EE10FA1BD1FFE70098DF
:108E600090EDDD1A90EDEA0AB4EE410AF1EE10FA47
:108E700010D1FFE7009890EDDE1A90EDEB0AB4EE0A
:108E8000410AF1EE10FA05D1FFE70099002081F8C0
:108E9000080104E00099012081F80801FFE700992A
:108EA000D1F87003D1F87423D1F87833D1F87CC3AA
:108EB000D1F880E3D1F88443C1F8B843C1F8B4E3F2
:108EC000C1F8B0C3C1F8AC33C1F8A823C1F8A403FA
:108ED000D1F88803D1F88C23D1F89033D1F894C31A
:108EE000D1F898E3D1F89C43C1F8D043C1F8CCE362
:108EF000C1F8C8C3C1F8C433C1F8C023C1F8BC036A
:108F0000D1F8A003C1F8D403FFE702B010BD000000
:108F100080B586B005900599019101F1280001F511
:108F20005C7245F2E821C2F20001FDF769FA6420A3
:108F30000090E9F767F90198343044F6B051C2F275
:108F40000001FDF7C3FC0098E9F75CF9019800F215
:108F50000C41FDF74DFB019800F5C870B2EE040A14
:108F6000DFED1C0ACDED020A9FED1B1AF7EE001A89
:108F70009FED1A2A8DED032AF6F77CF80198DDEDB6
:108F8000024A9DED035A44F29631C3F60B41C0F8F4
:108F90004C1160309FED120ADFED120ADFED122A4C
:108FA00000210491B0EE451AF0EE451AB0EE622AA7
:108FB000B0EE453AF0EE453AB0EE454A00F0BEFA62
:108FC000049945F28830C2F20000EDF743FA06B08A
:108FD00080BD00BF6F12833A8096184B00000000DE
:108FE0000000FA4400803B450000804F80B586B009
:108FF000059005980090D0F83813C0F88411D0F887
:109000003413C0F88011D0F83013C0F87C11D0F8B8
:109010003C13C0F8881100F20C40019090ED001A4A
:1090200090ED012A90ED023A90ED030A22EE033A08
:1090300021EE000A30EE030A30EE000A22EE022A88
:1090400021EE011A31EE021A31EE011ABFEE002AAA
:109050008DED022A71EE020A01F034F900990198AF
:1090600001F21C41039181ED000A90ED000A90EDA0
:10907000011A90ED023A90ED032A20EE030A21EE48
:10908000021A30EE410A30EE000A01F085F801982C
:109090009DED022A039981ED010A90ED001A90EDF1
:1090A000010A90ED024A90ED033A24EE034A21EEC4
:1090B000000A30EE040A30EE000A23EE033A21EEF5
:1090C000011A31EE031A31EE011A71EE020A01F0B3
:1090D000F9F8039880ED020A00200490FFE7049855
:1090E000022819DCFFE70098049900EB810000F2E8
:1090F0001C4191ED000A9FED091A20EE010A9FED37
:10910000081A80EE010A00F5856080ED000AFFE78D
:10911000049801300490E2E706B080BD00003443BB
:10912000DA0F494080B582B0019001980090FDF7B8
:109130006FFA00982830FDF74FFA00983430FDF7A9
:1091400017FC0098603000F04DFA00984FF07E5206
:10915000C0F8E8230021C0F8EC13C0F8F013C0F801
:10916000F413C0F8F823C0F8FC13C0F80014C0F8DA
:109170000414C0F80824C0F80C14C0F81014C0F887
:109180001414C0F81814C0F81C14C0F82014C0F847
:109190002414C0F82814C0F82C14C0F83014C0F8F7
:1091A0003414C0F838144FF2C352C4F21C12C0F881
:1091B0003C2480F84C1480F84D1480F84E1480F84C
:1091C0004F1480F8501402B080BD000082B00190AE
:1091D0008DED000A01990098C1F89C0002B070471B
:1091E00081B000900099012081F8540001B07047CF
:1091F00082B001908DED000A01990098C1F8A40099
:1092000002B0704780B58EB00D900D980690002189
:109210000C910B910A9190ED270A90ED281A30EEEF
:10922000410A8DED090A9DED090AF6F757FD0698EA
:109230008DED080A9DED080A90ED171AB4EE410A6B
:10924000F1EE10FA09DAFFE70699D1F8A000C1F8AB
:109250009C00002009900890FFE7069890ED1E0AF8
:109260009DED091A20EE010A8DED0C0A90ED240AFD
:10927000B5EE400AF1EE10FA0DD1FFE7069890ED39
:10928000250AB5EE400AF1EE10FA04D1FFE74FF0DF
:109290007E50079044E006989DED080A90ED241A50
:1092A000B4EE410AF1EE10FA04DCFFE74FF07E5015
:1092B000079026E0069890ED240A9DED081AB4EE7A
:1092C000410AF1EE10FA1BDAFFE706989DED080A55
:1092D00090ED251AB4EE410AF1EE10FA10DAFFE72C
:1092E000069890ED242A90ED251A9DED080A31EE9E
:1092F000400A31EE421A80EE010A8DED070AFFE7BF
:10930000FFE706989DED080A90ED251AB4EE410A94
:10931000F1EE10FA03DBFFE700200790FFE7FFE71D
:10932000069890ED220AB5EE400AF1EE10FA2BD025
:10933000FFE7069800F1A401049190ED1F0A90ED5B
:10934000221AB1EE411A8DED021A00F079F9069851
:10935000B0EE401A9DED020A80EE010A8DED050A7D
:1093600090ED1F0A90ED221A8DED031A00F068F9B6
:109370009DED031A0498B0EE402A9DED050AC1EE5A
:10938000020AF4F781FFFFE7069890ED260AB5EE92
:10939000400AF1EE10FA1AD1FFE706989DED070A90
:1093A00090ED162A90ED291A20EE020A9DED092A69
:1093B00020EE020A30EE010A80ED290A90ED1F0A24
:1093C00090ED291A20EE010A80ED000A2BE00698A4
:1093D0009DED080A90ED261AB4EE410AF1EE10FA5E
:1093E0001ADAFFE706989DED070A90ED162A90ED30
:1093F000291A20EE020A9DED092A20EE020A30EE1B
:10940000010A80ED290A90ED1F0A90ED291A20EE3D
:10941000010A80ED000A05E006990020C1F8A400C9
:109420000860FFE7FFE7069890F8600090B9FFE753
:10943000069890ED161A90ED1C3A90ED200A9DEDDD
:10944000092A32EE432A20EE020A80EE010A8DED4F
:109450000B0A11E0069890ED161A90ED1B3A90ED6C
:109460001D2A90ED200A32EE432A20EE020A80EEF9
:10947000010A8DED0B0AFFE7069890ED1A2A90ED90
:10948000211A90ED270A30EE420A20EE010A8DEDF6
:109490000A0A9DED0C0A90ED001A30EE010A9DEDCE
:1094A0000B1A30EE010A9DED0A1A30EE010A80ED2A
:1094B000010A90F8540080B1FFE706980830019047
:1094C0009DED0B0AFEF75EF90198FDF731FF01985B
:1094D000FEF750F98DED0B0AFFE706989DED0C0A9B
:1094E00090ED001A30EE010A9DED0B1A30EE010AE4
:1094F0009DED0A1A30EE010A80ED1D0A90ED230A57
:10950000B5EE400AF1EE10FA0AD0FFE7069901F134
:109510007400D1ED230AB1EE600AF4F7B5FEFFE75F
:109520000699D1F8A0004866D1F89C008866486F7B
:10953000C866099808670EB080BD00008EB002AA08
:109540000092024600980D9280ED0A0AC0ED090AC9
:1095500080ED081AC0ED071A80ED062AC0ED052A35
:1095600080ED043AC0ED033A80ED024AC0ED014AB5
:1095700080ED005A8DF807100D990C9888670B98AC
:10958000C8670A98C1F880000998C1F88400089853
:10959000C1F888000798C1F88C0003988865029884
:1095A000C8650698C1F890000598C1F89400049821
:1095B000C1F898009DF8070081F860000EB0704770
:1095C00081B00090009890ED1D0A01B07047000036
:1095D00082B001908DED000A01990098C1F8A000B9
:1095E00002B0704780B584B00390039801900021C9
:1095F0000291016041600830FEF7ECF80198029991
:1096000080F8541041668166C166016741678167D1
:10961000C167C0F88010C0F88410C0F88810C0F886
:109620008C10C0F89010C0F89410C0F89810C0F8D2
:109630009C10C0F8A010C0F8A41004B080BD0000B9
:1096400081B08DED000A9DED000AB0EEC00A01B0B8
:109650007047000080B582B08DED010A9DED010AD2
:1096600001F0F6F802B080BD81B08DF803009DF9DD
:10967000030000280ED4FFE79DF9031001F01F023C
:10968000012090404A094EF20011CEF2000141F84B
:109690002200FFE701B070474EF60C50CEF20000FA
:1096A0000068C0F30220704782B08DF80700009177
:1096B0009DF9070000280AD4FFE7009800019DF9F2
:1096C00007104EF20042CEF2000288540BE00098E0
:1096D00000019DF8071001F00F014EF61452CEF272
:1096E00000028854FFE702B07047000083B0029088
:1096F000029800F0070000904EF60C51CEF20001E7
:109700000868019001984FF6FF02104001900198FF
:10971000009A40EA02200022C0F2FA52104301905F
:109720000198086003B0704780B582B042F2F8310A
:10973000C2F200010191002008609FED0B0ADFEDED
:109740000B0ACDED000A00F0BDFDDDED000A019829
:1097500080ED010A9FED060A00F0B4FD019880ED4E
:10976000020A02B080BD00BF583934BE0BEFF2BD13
:109770005839343E41F20400CEF20000006844F251
:109780000871C2F2000108607047000080B582B025
:1097900042F20441C2F200010191002008609FEDF5
:1097A0000B0ADFED0B0ACDED000A00F08BFDDDEDBD
:1097B000000A019880ED010A9FED060A00F082FD83
:1097C000019880ED020A02B080BD00BF583934BE56
:1097D0000BEFF2BD5839343E80B582B042F21041F1
:1097E000C2F200010191002008609FED0B0ADFED3D
:1097F0000B0ACDED000A00F065FDDDED000A0198D1
:1098000080ED010A9FED060A00F05CFD019880EDF5
:10981000020A02B080BD00BF583934BE0BEFF2BD62
:109820005839343E80B582B042F21C41C2F2000188
:109830000191002008609FED0B0ADFED0B0ACDEDD2
:10984000000A00F03FFDDDED000A019880ED010AFD
:109850009FED060A00F036FD019880ED020A02B085
:1098600080BD00BF583934BE0BEFF2BD5839343ECD
:1098700080B542F2A840C2F20000FBF7B7FA80BD03
:1098800080B545F28450C2F20000FCF7D3FE80BDE3
:10989000B0B5B0F800C00B889C4553D145884B88C3
:1098A0009D424FD113889C454CD153889D4249D14C
:1098B00043684968506805FB0CFC0022B2EB9C0F22
:1098C00030D04FEA9C0200BF93ED000A91ED001AE0
:1098D00003F1100E30EE010A80ED000A93ED010A4B
:1098E00091ED011A01F1100430EE010A80ED010A38
:1098F00093ED020A91ED021A00F1100530EE010A13
:1099000080ED020A93ED030A91ED031A013A30EE5D
:10991000010A80ED030A734628462146D4D1214628
:10992000284673461CF003020AD000BFB3EC010ABC
:10993000B1EC011A013A30EE010AA0EC010AF5D1AE
:10994000002000E0FD2040B2B0BD018042804360B5
:10995000704700002DE9F04F81B02DED028B8EB0E5
:10996000B0F800C0B0F802A0D44540F03A810B88AE
:10997000FD229C4540F036814F88BB4240F0328149
:1099800040689FEDB08ABCF1000F009000F031817B
:109990004C686FF0030000EB8C0900270026654639
:1099A000CDF828C0204609940A98401B08D0B10081
:1099B0002046E6F751FC3846013004F10404FBD39D
:1099C00004F1040BB5F101084FF07E50206012D075
:1099D000A9EB86015846E6F73FFC01205C4600BF34
:1099E0000130854204F10404FAD10136013FB8F197
:1099F000000F4546D8D1DDF828C0BCF1000F00F0BB
:109A0000F8804FEACA00043002900998009900EBF0
:109A10008A00C0F10009042000EB8A00ACF10108C3
:109A200001EB8A054FEA8A03019001F1040B4FF024
:109A3000000E0F46564600200A460490039300BFCE
:109A40000EFB0AF002EB800191ED000A0C910999DE
:109A5000B5EE400AF1EE10FA01EB80000D90CDF862
:109A60002080CDE906950B922ED10EF101006045C4
:109A70000DD20020414600BF2A1892ED000AB5EE33
:109A8000400AF1EE10FA06D101391844F4D10498D5
:109A9000012817D0D4E0A0EB0900002157F82130AD
:109AA000146842F8043B47F8214001318E42F5D159
:109AB0000D9A51461368046840F8043B013942F896
:109AC000044BF7D1012004900C99AAEB0E0991EDFB
:109AD000008AB9F1010F4FF07E5008600DD00120CF
:109AE000594600BF91ED000A013080EE080A864217
:109AF00081ED000A01F10401F4D10D995046CDF831
:109B000014B000BF91ED000A013880EE080AA1EC04
:109B1000010AF7D1DDF82C800998A9F1010B002288
:109B2000654600BF724505D108EB890300EB8A004A
:109B300036E000BF0C9998ED008A91ED000ABBF168
:109B4000000F28EE000A38EE400A88ED000A17D010
:109B50000123042107EB010C08EB01049CED000A32
:109B600094ED001A28EE000A013331EE400A9E42BD
:109B700001F1040184ED000AECD108EB010301E0DE
:109B800008F104030D9C5146B4EC011A90ED000A53
:109B900028EE011A30EE410AA0EC010A0139F3D196
:109BA00003EB8E08013D02F10102BBD1079D029833
:109BB0000B9ADDF820800544039BDDF8189001988E
:109BC000DDF814B0DDF828C00432013E0EF1010EBC
:109BD000A8F10108A9EB0309074483447FF430AFDF
:109BE00009E0FD2250B20EB0BDEC028B01B0BDE821
:109BF000F08F00200490B5EE408AF1EE10FA4FF09D
:109C00000002EFD104980128ECD00AFB0CF14FF0D0
:109C100000004FF0000271B1009B00BF93ED000AFD
:109C2000B5EE400AF1EE10FA05D10132914203F18E
:109C30000403F3D10A468A4208BF6FF00400D2E75A
:109C4000FB22CFE7000000002DE9F04F85B04788E8
:109C50000B889F4240F08480B0F800B013889B4589
:109C600040F07E80B1F802E053889E4578D1D0F86C
:109C70000480506849680190BC0827F0030008EB95
:109C8000800604FB0EF09FED390A07F0030C0291E9
:109C900001EB00104FEA8E0200210090CDE903E7AE
:109CA0000198DDF808A0009B00EB8109B0EE401A96
:109CB0005746404674B3554627464046B0EE401AD4
:109CC00095ED002A90ED003A154490ED014A23EEFF
:109CD000022A95ED003A154490ED025A31EE021A2F
:109CE00024EE032A95ED003A154490ED036A31EE17
:109CF000021A25EE032A95ED003A31EE021A26EEFD
:109D0000032A31EE021A013F00F110001544D7D1A9
:109D10001F463046BCF1000F0CD0654690ED002A7E
:109D200097ED003A043022EE032A31EE021A013D8B
:109D30001744F3D1A9EC011ABEF1010E0AF1040A8D
:109D400003F10403B2D1DDF80CE0049F714408EB89
:109D50008708BBF1010B06EB8706A1D1002000E0CC
:109D6000FD2040B205B0BDE8F08F00BF000000004C
:109D7000B0B5B0F800C00B889C4553D145884B88DE
:109D80009D424FD113889C454CD153889D4249D167
:109D900043684968506805FB0CFC0022B2EB9C0F3D
:109DA00030D04FEA9C0200BF93ED000A91ED001AFB
:109DB00003F1100E30EE410A80ED000A93ED010A26
:109DC00091ED011A01F1100430EE410A80ED010A13
:109DD00093ED020A91ED021A00F1100530EE410AEE
:109DE00080ED020A93ED030A91ED031A013A30EE79
:109DF000410A80ED030A734628462146D4D1214604
:109E0000284673461CF003020AD000BFB3EC010AD7
:109E1000B1EC011A013A30EE410AA0EC010AF5D189
:109E2000002000E0FD2040B2B0BD00002DE9F04F61
:109E3000B0F800A04A88924545D142880B889A42E2
:109E400041D1D1F804C046684FEA920802F00309F4
:109E50004FEA0A1E4FEA8A014FF0000B624600BF2C
:109E6000B8F1000F1AD01546474600BF33682846A0
:109E70002B6073680D444350B3686C186B50F568E1
:109E800006F1100366186550013F06EB01051E46FA
:109E9000ECD100EB0E071E4602E000BF0CEB8B0777
:109EA000B9F1000F06D0484656F8043B01383B6034
:109EB0000F44F9D10BF1010BBAF1010A02F10402CE
:109EC000CED1002000E0FD2040B2BDE8F08F0000C0
:109ED0009FED201A9FED202A20EE010ABDEEC01A48
:109EE00011EE100AB5EE400AF1EE10FAB8BF0138D3
:109EF00001EE100AB8EEC11A30EE410A20EE020A55
:109F0000BDEEC01A9FED152A11EE100A002130EEA9
:109F1000021AB1EB502F4AF660511CBF0020B0EE80
:109F2000410AC0F6010101EE100A01EB8001B8EE12
:109F3000411A30EE410A91ED001A91ED012AB7EE77
:109F4000003A33EE403A23EE011A20EE020A31EED7
:109F5000000A704783F9223E00000044000000C45C
:109F600080B582B000200190E9F7F4F8EFF72CFA01
:109F7000EEF734F9EEF7B8F8EEF766F8EEF7D2FA46
:109F8000EEF760FBEEF7A0FBEEF7E0FBEEF782FAF0
:109F9000EEF782F8EEF730FAEEF752FAEEF718FC29
:109FA000EEF736FCEEF75AFCEEF778FCEFF73AFFE7
:109FB000FFE7EFF7A9FFFCE74100080218BF042004
:109FC0000A0E18BF40F001004FF07F4232EA010153
:109FD00008BF40F00200012808BF052070470000BC
:109FE0002DE9F0430B30DFF8889020F007050027BB
:109FF000A1F1010C1F4C21E0061D724203680CEA1E
:10A000000202934219D39E1AAE4216D34AB1861861
:10A0100050F8044F9B1AC6E9003440E90126044673
:10A020003046AB4205D95B1B42194668C2E900368F
:10A0300000E04268226020C004E0041D206800287F
:10A04000DAD13846002803D1D9F8000010B1002039
:10A05000BDE8F083074B08481860084B1B1A23F033
:10A060000703C0E900370120C9F80000C0E700007D
:10A070000400002000000020EC550020E8A500208E
:10A0800010B510EE104A4FF01A402DED028B00EB88
:10A090004400B0F1C85F4AD84FF0FC40B0EB440F29
:10A0A00022D2B0EEC00AF7EE000A30EEC00AF6EE99
:10A0B000000A20EE208A18EE100A00F0BFFC00EE25
:10A0C000100A14F0004F1DBF9FED281ADFED280A7B
:10A0D000B1EE400A9FED271A08BFF0EE410AF8EEF4
:10A0E000001A20EE210A05E020EE008A9FED221AD8
:10A0F000DFED220ADFED221A9FED222A70EEC00A60
:10A1000020EE080A08EE212ADFED1F1A48EE021A97
:10A110009FED1E2A08EE212ADFED1D1A48EE021AD5
:10A12000BDEC028B40EE610A30EE810A10BD4FF0AB
:10A13000CC40B0EB440F82BF9FED160ABDEC028B02
:10A1400010BD4FF07F40B0EB440F05D2BDEC028B49
:10A15000BDE8104000F09CBB012000F069FCBDECA4
:10A16000028BBDE8104000F099BB000000004940A0
:10A1700022AA7D3A000000000000C93F22AAFD3952
:10A1800024FE1C3DC78AD83C1E67383D1B93993D71
:10A19000AFAA2A3EDB0FC93F10B54FF00E402DEDA0
:10A1A000028BB0EE408A18EE104A00EB4400B0F18A
:10A1B000506F4AD84FF0FC40B0EB440F22D2B0EEC3
:10A1C000C80AF7EE000A30EEC00AF6EE000A60EEAA
:10A1D000208A18EE900A00F031FC01EE100A14F00B
:10A1E000004F1DBFDFED2D0A9FED2D0AB1EE411A84
:10A1F000DFED2C0A08BF9FED2C0AF8EE001A21EEC5
:10A20000218A05E0DFED290A68EE088AB0EE600ACF
:10A210009FED271ADFED271A30EE080A48EE811A63
:10A220009FED251A08EEA11ADFED241A48EE811AD7
:10A230009FED231A08EEA11A68EE281ABDEC028BD6
:10A2400001EE810A30EE200A10BD4FF0E440B0EB81
:10A25000440F0CD918EE100AFFF7AEFE042808BF11
:10A2600000F024FBB0EE480ABDEC028B10BD4FF0AD
:10A270007F40B0EB440F07D2B0EE480ABDEC028B32
:10A28000BDE8104000F004BB012000F0D1FBBDECA4
:10A29000028BBDE8104000F001BB00000000C9BF08
:10A2A00022AAFDB90000C93F22AAFD390000000022
:10A2B00024FE1C3DC78AD83C1E67383D1B93993D40
:10A2C000AFAA2A3E70B54FF068422DED048BF0EE38
:10A2D000408A18EE900AB0EE608A18EE101A02EB6F
:10A2E0004003B3F1654F3CBF02EB4102B2F1654F51
:10A2F0007DD200BFC0F3C753C1F3C7529A1A1B2ABD
:10A3000009DD10F0004F14BF9FED830A9FED830A13
:10A31000BDEC048B70BD12F11A0F36DA11F0004F4C
:10A3200009D010F0004F0CBF9FED7D0A9FED7D0A14
:10A33000BDEC048B70BD88EE889A19EE100AFFF709
:10A340003BFE042808BF00F0B1FA18EE900AFFF7B0
:10A3500033FE054618EE100AFFF72EFE044619EEEE
:10A36000100AFFF729FE042D18BF052D08D1042C73
:10A3700018BF052C04D1002804BF022000F058FBB0
:10A38000B0EE490ABDEC048B70BD4200B2EB410F48
:10A390003AD910F0004F19BFDFED630A9FED630A51
:10A3A000DFED630A9FED630AB0EE481A0A46B1EE8C
:10A3B000688A80F00041F0EE418A10460A1A520085
:10A3C000B2F1807F34D2484010F0004FDFED5A1ACE
:10A3D0009FED5A2A1DBFBEEE001A70EEE10A30EE64
:10A3E000420AB6EE001A08BF70EEA10A00E040E093
:10A3F00008BF30EE020AB0EE682A01EE482A08EEE5
:10A40000818AC2EE081A15E011F0004F04BF9FEDDB
:10A410004C0AF0EE400AD1D010F0004F19BFDFED2A
:10A42000490A9FED490ADFED490A9FED490AC5E750
:10A43000C8EE881A21EEA11A9FED462ADFED462AC2
:10A4400041EE022A9FED452A01EE222ADFED442A41
:10A4500041EE022A9FED432ABDEC048B01EE222A35
:10A4600021EE811A01EE020A30EE210A30EE200AB6
:10A4700070BD4FF07F42B2EB400F28BFB2EB410FEF
:10A4800009D2F0EE480AB0EE680ABDEC048BBDE8D4
:10A49000704000F000BA40EA01035B0008BF41F0E1
:10A4A000FF410BD0B2EB400F08BFB2EB410F08D118
:10A4B00020F0804008EE900A21F0804108EE101A4A
:10A4C00018E7B2EB400F12BF5FEA410340F0FF40D4
:10A4D00001F000413FF40EAFB2EB410F12BF5FEA53
:10A4E000400200F0004041F0FF413FF403AF4A005A
:10A4F00092EA40033FF5FEAE002AACBF9FED1A0A78
:10A500009FED1A0A68EE808A28EE008A18EE900AFB
:10A5100018EE101AEEE60000DB0FC9BFDB0FC93FD3
:10A52000DB0F4940DB0F49C00000C9BF22AAFDB9BB
:10A530000000C93F22AAFD390060ED3EC30ACE37B4
:10A5400000000000000049C022AA7DBA0000494076
:10A5500022AA7D3A2DAD65BD8FB8D53D0FB511BE90
:10A5600061C84C3EA8AAAABE0000804F0000802F00
:10A5700010EE101A08B5444A6846B2EB410F28D9CC
:10A580004FF0E640B0EB410F94BF00204FF0FF309A
:10A5900000900098002861DB60EE000A10F0010FC7
:10A5A00045D010F0020FDFED391A9FED391A00EE99
:10A5B000A11ADFED381A40EE811A21EEA01AF0EE52
:10A5C000400A40EE010A08BFF1EE600AB0EE600AF0
:10A5D00008BD314B21F0004293423CD911F0004FAD
:10A5E000DFED2E0A20EE201ADFED2D0A19BF31EE25
:10A5F000601A71EE200A31EE201A71EE600ABDEE8B
:10A60000E01A11EE100A9FED271A00F0030000EE89
:10A61000C10A9FED251A009000EEC10A9FED231A92
:10A6200000EEC10A9FED221A00EEC10AB1E79FEDCC
:10A63000211A9FED210A10F0020F00EE810A9FED12
:10A640001F1A00EE801AB7EE000A00EE810A18BF4A
:10A65000B1EE400A08BD00F031F99AE710EE100A99
:10A660004000B0F17F4F3CBFB7EE000A08BD07D1F4
:10A670004FF0010000F0DCF9BDE8084000F00EB931
:10A68000BDE8084000F004B9B61F927E336D4CB9A6
:10A69000DA82083CA0AA2ABE490E494683F9223F25
:10A6A0000000004B0000C93F00A0FD390020A2338C
:10A6B0001A61342CB93AB2BACA9F2A3DDDFFFFBEF7
:10A6C00000B510EE101A2DED028B81B0524A68468B
:10A6D000B2EB410F2ED94FF0E640B0EB410F94BFE3
:10A6E00000204FF0FF3000900098B0EE408A002824
:10A6F0006ADB10F0010F4BD068EE080A9FED471A95
:10A700009FED470A00EE810A9FED461A10F0020FF6
:10A7100000EE801AB7EE000A00EE810A02BF01B017
:10A72000BDEC028B00BD00BF01B0B1EE400ABDEC34
:10A73000028B00BD3C4B21F00042934241D911F005
:10A74000004FDFED3A0A20EE201ADFED390A19BF7B
:10A7500031EE601A71EE200A31EE201A71EE600AB5
:10A76000BDEEE01A11EE100A9FED321A00F0030060
:10A7700000EEC10A9FED301A009000EEC10A9FED75
:10A780002F1A00EEC10A9FED2E1A00EEC10AABE7A8
:10A7900028EE080A9FED2B1ADFED2B0A10F0020FAE
:10A7A00040EE010A9FED291A00EE201A61EE000A20
:10A7B000B0EE480A08EE200AB6D101B0BDEC028B1B
:10A7C00000BD00F07BF88FE718EE100A4000B0F1F2
:10A7D0007F4F0DD218EE100AFFF7EEFB042808BFDA
:10A7E00000F064F8B0EE480A01B0BDEC028B00BD89
:10A7F00009D1012000F01CF901B0BDEC028B5DF81D
:10A8000004EB00F04BB801B0B0EE480ABDEC028B8F
:10A810005DF804EB00F03CB8B61F927EB93AB2BACC
:10A82000CA9F2A3DDDFFFFBE490E494683F9223FFC
:10A830000000004B0000C93F00A0FD390020A233FA
:10A840001A61342C336D4CB9DA82083CA0AA2ABEB6
:10A8500010B52DED028BB1EEC08A18EE100A20F073
:10A860000040C0F1FF40C00F0AD010EE100A20F0E7
:10A870000040C0F1FF40C00F04BF012000F0D8F835
:10A88000B0EE480ABDEC028B10BD0721FFF7A8BB54
:10A8900030EE000A704730EE200A7047DFED020A02
:10A8A00080EEA00A70470000000000009FED020A41
:10A8B00020EE000A70470000000000102DE9F001B2
:10A8C0004FF07F42B2EB410F9FBF4FF0FF3101606D
:10A8D000BDE8F00170474FF0004242EA0123C1F3A6
:10A8E000C752783A551112F01F0C434CCCF1200698
:10A8F0007C44C1F3C752A2F178024FEA621204EB22
:10A90000820254F8254008BFD2E9015612D055689A
:10A9100004FA0CF425FA06F73C43976805FA0CF59F
:10A9200027FA06F8D26807FA0CFCF24045EA080557
:10A930004CEA0206A4FB034CA5FB0352A6FB0363EF
:10A940001D449D4234BF012600261319334416B11D
:10A95000934202D903E0934201D2012200E0002297
:10A96000624402F1200C9206DC0C42EA443200EE12
:10A97000102A5B03DFED210AF8EEC01A00EE103A50
:10A980004FEA9C1C11F0004FB8EE400AC0F800C01E
:10A9900020EE201A00EE105ADFED190AB8EE400A38
:10A9A00020EE200A71EE810A70EE800A10EE902AE5
:10A9B00002F500626FF30B0200EE902A70EEE11ACE
:10A9C00031EEC11ADFED101A30EE411A9FED0D0A7B
:10A9D00020EE800A01EE210A9FED0C1A00EE810A9A
:10A9E00004BFBDE8F0017047CCF180510160BDE8C3
:10A9F000F001B1EE400A7047880100000000003607
:10AA00000000802C22AAFD29DB0FC92F0000C92FCE
:10AA100002E008C8121F08C1002AFAD17047704727
:10AA2000002001E001C1121F002AFBD17047000085
:10AA300001490860704700000800002010B500EED2
:10AA4000100A2DED028BB1EEC08A18EE100A20F02C
:10AA50000040C0F1FF40C00F0AD010EE100A20F0F5
:10AA60000040C0F1FF40C00F04BF0120FFF7E0FF2E
:10AA700018EE100ABDEC028B10BD000000000000B3
:10AA80006E83F9A22915444ED15727FCC0DD34F559
:10AA9000999562DB4190433CAB6351FE000000009E
:10AAA000000000000102030406070809000000007E
:10AAB0000102030400061016000610160000803F75
:10AAC0000000000000000000000000000000000086
:10AAD00000000000000000000000803F00000000B7
:10AAE0000000000000000000000000000000000066
:10AAF000000000000000803F000000000000000097
:10AB00000000000000000000000000000000000045
:10AB10000000803F00000000000000000000000076
:10AB20000000000000000000000000000000803F66
:10AB30000000000000000000000000000000000015
:10AB400000000000000000000000803F00008911AC
:10AB500012239B322446AD573665BF74488CC19D85
:10AB60005AAFD3BE6CCAE5DB7EE9F7F88110080165
:10AB700093331A22A5562C47B7753E64C99C408D65
:10AB8000DBBF52AEEDDA64CBFFF976E802218B3001
:10AB9000100299132667AF763444BD554AADC3BC45
:10ABA000588ED19F6EEBE7FA7CC8F5D983310A2025
:10ABB00091121803A7772E66B5543C45CBBD42AC25
:10ABC000D99E508FEFFB66EAFDD874C904428D53BD
:10ABD00016619F702004A9153227BB364CCEC5DF05
:10ABE0005EEDD7FC6888E1997AABF3BA85520C43E5
:10ABF00097711E60A1142805B3373A26CDDE44CFE5
:10AC0000DFFD56ECE9986089FBBB72AA06638F7280
:10AC100014409D512225AB343006B9174EEFC7FEC4
:10AC20005CCCD5DD6AA9E3B8788AF19B87730E62A4
:10AC300095501C41A3352A24B1163807CFFF46EEA4
:10AC4000DDDC54CDEBB962A8F99A708B088481954C
:10AC50001AA793B62CC2A5D33EE1B7F04008C91994
:10AC6000522BDB3A644EED5F766DFF7C8994008554
:10AC70009BB712A6ADD224C3BFF136E0C118480974
:10AC8000D33B5A2AE55E6C4FF77D7E6C0AA583B4F0
:10AC9000188691972EE3A7F23CC0B5D14229CB3854
:10ACA000500AD91B666FEF7E744CFD5D8BB502A414
:10ACB00099961087AFF326E2BDD034C1C3394A2834
:10ACC000D11A580BE77F6E6EF55C7C4D0CC685D7AC
:10ACD0001EE597F42880A1913AA3B3B2444ACD5B14
:10ACE0005669DF78600CE91D722FFB3E8DD604C7D4
:10ACF0009FF516E4A9902081BBB332A2C55A4C4BF4
:10AD0000D7795E68E11C680DF33F7A2E0EE787F66F
:10AD10001CC495D52AA1A3B03882B193466BCF7AD3
:10AD20005448DD59622DEB3C700EF91F8FF706E693
:10AD30009DD414C5ABB122A0B9923083C77B4E6AB3
:10AD4000D5585C49E33D6A2CF11E780F40AC037D79
:10AD500004014103057C00026D0D026D0902000033
:10AD600000000000920E493CB10AC93C2BC3163DBD
:10AD70002EFB483D752B7B3D04A9963D80B6AF3D2B
:10AD800036BDC83D2FBCE13D73B2FA3D87CF093EC9
:10AD90008340163EB5AB223EA2102F3ECF6E3B3E07
:10ADA000C2C5473E0115543E135C603E7F9A6C3E1F
:10ADB000CCCF783EC07D823E938E883E229A8E3ED6
:10ADC00032A0943E86A09A3EE59AA03E128FA63EFF
:10ADD000D47CAC3EEF63B23E2A44B83E491DBE3E31
:10ADE00015EFC33E53B9C93ECA7BCF3E4136D53E6F
:10ADF00080E8DA3E4F92E03E7533E63EBBCBEB3E59
:10AE0000EA5AF13ECBE0F63E275DFC3EE4E7003F28
:10AE10003D9C033F824B063F9BF5083F6B9A0B3FDF
:10AE2000DA390E3FCDD3103F2A68133FD9F6153FCC
:10AE3000C07F183FC6021B3FD17F1D3FCBF61F3F8F
:10AE40009967223F25D2243F5636273F1594293F44
:10AE50004AEB2B3FDE3B2E3FBB85303FC9C8323F1C
:10AE6000F304353F233A373F4268393F3B8F3B3F3E
:10AE7000F9AE3D3F67C73F3F70D8413F01E2433FD6
:10AE800003E4453F65DE473F12D1493FF8BB4B3FE6
:10AE9000029F4D3F207A4F3F3D4D513F4918533F50
:10AEA00031DB543FE595563F5348583F6AF2593FCE
:10AEB0001A945B3F532D5D3F05BE5E3F2146603FC8
:10AEC00097C5613F5A3C633F59AA643F880F663F6C
:10AED000D86B673F3CBF683FA7096A3F0C4B6B3F8D
:10AEE0005E836C3F93B26D3F9ED86E3F73F56F3FAC
:10AEF0000809713F5213723F4714733FDD0B743FD3
:10AF00000BFA743FC6DE753F07BA763FC58B773FB5
:10AF1000F853783F9812793F9DC7793F02737A3F83
:10AF2000BE147B3FCDAC7B3F283B7C3FC9BF7C3F01
:10AF3000AC3A7D3FCCAB7D3F23137E3FB0707E3F6C
:10AF40006DC47E3F580E7F3F6D4E7F3FAB847F3F89
:10AF50000FB17F3F97D37F3F43EC7F3F11FB7F3F94
:10AF60000000803F11FB7F3F43EC7F3F97D37F3F43
:10AF70000FB17F3FAB847F3F6D4E7F3F580E7F3FC9
:10AF80006DC47E3FB0707E3F23137E3FCCAB7D3FD0
:10AF9000AC3A7D3FC9BF7C3F283B7C3FCDAC7B3F7B
:10AFA000BE147B3F02737A3F9DC7793F9812793F69
:10AFB000F853783FC58B773F07BA763FC6DE753FBB
:10AFC0000BFA743FDD0B743F4714733F5213723F0B
:10AFD0000809713F73F56F3F9ED86E3F93B26D3F86
:10AFE0005E836C3F0C4B6B3FA7096A3F3CBF683FD9
:10AFF000D86B673F880F663F59AA643F5A3C633F4E
:10B0000097C5613F2146603F05BE5E3F532D5D3FC2
:10B010001A945B3F6AF2593F5348583FE595563FB3
:10B0200031DB543F4918533F3D4D513F207A4F3F4C
:10B03000029F4D3FF8BB4B3F12D1493F65DE473F72
:10B0400003E4453F01E2433F70D8413F67C73F3FBC
:10B05000F9AE3D3F3B8F3B3F4268393F233A373F94
:10B06000F304353FC9C8323FBB85303FDE3B2E3F3E
:10B070004AEB2B3F1594293F5636273F25D2243FD4
:10B080009967223FCBF61F3FD17F1D3FC6021B3F72
:10B09000C07F183FD9F6153F2A68133FCDD3103F24
:10B0A000DA390E3F6B9A0B3F9BF5083F824B063F08
:10B0B0003D9C033FE4E7003F275DFC3ECBE0F63ECE
:10B0C000EA5AF13EBBCBEB3E7533E63E4F92E03E93
:10B0D00080E8DA3E4136D53ECA7BCF3E53B9C93E01
:10B0E00015EFC33E491DBE3E2A44B83EEF63B23E53
:10B0F000D47CAC3E128FA63EE59AA03E86A09A3E36
:10B1000032A0943E229A8E3E938E883EC07D823E2F
:10B11000CCCF783E7F9A6C3E135C603E0115543E66
:10B12000C2C5473ECF6E3B3EA2102F3EB5AB223E7E
:10B130008340163E87CF093E73B2FA3D2FBCE13DF6
:10B1400036BDC83D80B6AF3D04A9963D752B7B3D0D
:10B150002EFB483D2BC3163DB10AC93C920E493C1B
:10B1600000000000920E49BCB10AC9BC2BC316BD39
:10B170002EFB48BD752B7BBD04A996BD80B6AFBD27
:10B1800036BDC8BD2FBCE1BD73B2FABD87CF09BEC5
:10B19000834016BEB5AB22BEA2102FBECF6E3BBE03
:10B1A000C2C547BE011554BE135C60BE7F9A6CBE1B
:10B1B000CCCF78BEC07D82BE938E88BE229A8EBED2
:10B1C00032A094BE86A09ABEE59AA0BE128FA6BEFB
:10B1D000D47CACBEEF63B2BE2A44B8BE491DBEBE2D
:10B1E00015EFC3BE53B9C9BECA7BCFBE4136D5BE6B
:10B1F00080E8DABE4F92E0BE7533E6BEBBCBEBBE55
:10B20000EA5AF1BECBE0F6BE275DFCBEE4E700BF24
:10B210003D9C03BF824B06BF9BF508BF6B9A0BBFDB
:10B22000DA390EBFCDD310BF2A6813BFD9F615BFC8
:10B23000C07F18BFC6021BBFD17F1DBFCBF61FBF8B
:10B24000996722BF25D224BF563627BF159429BF40
:10B250004AEB2BBFDE3B2EBFBB8530BFC9C832BF18
:10B26000F30435BF233A37BF426839BF3B8F3BBF3A
:10B27000F9AE3DBF67C73FBF70D841BF01E243BFD2
:10B2800003E445BF65DE47BF12D149BFF8BB4BBFE2
:10B29000029F4DBF207A4FBF3D4D51BF491853BF4C
:10B2A00031DB54BFE59556BF534858BF6AF259BFCA
:10B2B0001A945BBF532D5DBF05BE5EBF214660BFC4
:10B2C00097C561BF5A3C63BF59AA64BF880F66BF68
:10B2D000D86B67BF3CBF68BFA7096ABF0C4B6BBF89
:10B2E0005E836CBF93B26DBF9ED86EBF73F56FBFA8
:10B2F000080971BF521372BF471473BFDD0B74BFCF
:10B300000BFA74BFC6DE75BF07BA76BFC58B77BFB1
:10B31000F85378BF981279BF9DC779BF02737ABF7F
:10B32000BE147BBFCDAC7BBF283B7CBFC9BF7CBFFD
:10B33000AC3A7DBFCCAB7DBF23137EBFB0707EBF68
:10B340006DC47EBF580E7FBF6D4E7FBFAB847FBF85
:10B350000FB17FBF97D37FBF43EC7FBF11FB7FBF90
:10B36000000080BF11FB7FBF43EC7FBF97D37FBF3F
:10B370000FB17FBFAB847FBF6D4E7FBF580E7FBFC5
:10B380006DC47EBFB0707EBF23137EBFCCAB7DBFCC
:10B39000AC3A7DBFC9BF7CBF283B7CBFCDAC7BBF77
:10B3A000BE147BBF02737ABF9DC779BF981279BF65
:10B3B000F85378BFC58B77BF07BA76BFC6DE75BFB7
:10B3C0000BFA74BFDD0B74BF471473BF521372BF07
:10B3D000080971BF73F56FBF9ED86EBF93B26DBF82
:10B3E0005E836CBF0C4B6BBFA7096ABF3CBF68BFD5
:10B3F000D86B67BF880F66BF59AA64BF5A3C63BF4A
:10B4000097C561BF214660BF05BE5EBF532D5DBFBE
:10B410001A945BBF6AF259BF534858BFE59556BFAF
:10B4200031DB54BF491853BF3D4D51BF207A4FBF48
:10B43000029F4DBFF8BB4BBF12D149BF65DE47BF6E
:10B4400003E445BF01E243BF70D841BF67C73FBFB8
:10B45000F9AE3DBF3B8F3BBF426839BF233A37BF90
:10B46000F30435BFC9C832BFBB8530BFDE3B2EBF3A
:10B470004AEB2BBF159429BF563627BF25D224BFD0
:10B48000996722BFCBF61FBFD17F1DBFC6021BBF6E
:10B49000C07F18BFD9F615BF2A6813BFCDD310BF20
:10B4A000DA390EBF6B9A0BBF9BF508BF824B06BF04
:10B4B0003D9C03BFE4E700BF275DFCBECBE0F6BECA
:10B4C000EA5AF1BEBBCBEBBE7533E6BE4F92E0BE8F
:10B4D00080E8DABE4136D5BECA7BCFBE53B9C9BEFD
:10B4E00015EFC3BE491DBEBE2A44B8BEEF63B2BE4F
:10B4F000D47CACBE128FA6BEE59AA0BE86A09ABE32
:10B5000032A094BE229A8EBE938E88BEC07D82BE2B
:10B51000CCCF78BE7F9A6CBE135C60BE011554BE62
:10B52000C2C547BECF6E3BBEA2102FBEB5AB22BE7A
:10B53000834016BE87CF09BE73B2FABD2FBCE1BDF2
:10B5400036BDC8BD80B6AFBD04A996BD752B7BBD09
:10B550002EFB48BD2BC316BDB10AC9BC920E49BC17
:10B560000000008043444320496E74657266616345
:10B57000650043444320436F6E6669670053544D32
:10B580006963726F656C656374726F6E6963730073
:10B5900053544D3332205669727475616C20436F79
:10B5A0006D506F7274000000E0B5010800000020CB
:10B5B000C801000018070008E0B60108C801002013
:10B5C00020F4000020AA0108452CFFFF512CFFFFAA
:10B5D000552CFFFF412CFFFF552CFFFF0000000002
:10B5E000C1100CE7416B3A58A08B3A82810113A934
:10B5F000B4140815B51B0831041A59042AA90819EE
:10B60000141AC5041108081250C347CDCCCC3D0410
:10B6100009531C110B1AC8421C111324F41395ADC5
:10B620001408D1AA1C08E9B0A03113BDAB14086DF1
:10B63000A91B086114C113B9AC1B084D041A2930A9
:10B640001A35081409024313020125C03209041BEC
:10B6500001020B1305241610010524011009010431
:10B6600024020205240617010705820308151009A4
:10B67000040133020A2E0705010240072A8107113F
:10B68000130A0632023340011A12231302021E402B
:10B6900083044057591B02031513E9081B08E504EE
:10B6A0001A89041B1D099819040718040309041AB0
:10B6B0000314FFFF0F160810820911160A15800BDC
:10B6C0001610090C18010D7D04017C160240AB0315
:10B6D00041100B055308065804077017017210003B
:040000050800018965
:00000001FF
